Date,Review_ID,Store_ID,Product_ID,Category,Region,Customer_ID,Rating,Sentiment,Review_Text,Verified_Purchase,Helpful_Votes
01-01-2022,R001854,S003,P0058,Groceries,West,C02423,3,Neutral,Fair quality for the price paid.,Yes,8
01-01-2022,R002746,S001,P0140,Toys,East,C00478,5,Positive,Fast delivery and great value for money.,Yes,2
01-01-2022,R002992,S005,P0158,Electronics,South,C01981,3,Neutral,"It's okay, met basic expectations.",Yes,8
01-01-2022,R003278,S004,P0146,Furniture,North,C00665,1,Negative,"Worst purchase, do not recommend.",Yes,7
01-01-2022,R003572,S005,P0025,Clothing,North,C01977,3,Neutral,Fair quality for the price paid.,Yes,11
01-01-2022,R004487,S002,P0128,Furniture,West,C00248,5,Positive,Best purchase I've made this year.,Yes,14
01-01-2022,R004765,S005,P0111,Furniture,South,C01951,4,Positive,"Solid product, does what it says.",No,3
01-01-2022,R005084,S005,P0193,Groceries,East,C00545,5,Positive,Best purchase I've made this year.,Yes,49
01-01-2022,R005870,S001,P0085,Furniture,West,C00399,5,Positive,"Absolutely love this product, will buy again.",No,27
01-01-2022,R005898,S001,P0063,Furniture,South,C00802,3,Neutral,Fair quality for the price paid.,Yes,9
01-02-2022,R001729,S005,P0131,Clothing,East,C01043,3,Neutral,"Average product, nothing special.",Yes,17
01-02-2022,R002865,S005,P0198,Groceries,North,C02660,5,Positive,"Absolutely love this product, will buy again.",No,41
01-02-2022,R003393,S003,P0161,Groceries,West,C00856,5,Positive,Fast delivery and great value for money.,No,30
01-02-2022,R003535,S004,P0117,Toys,West,C01556,4,Positive,Pretty happy with this purchase.,Yes,9
01-02-2022,R003631,S001,P0028,Groceries,East,C02683,5,Positive,Best purchase I've made this year.,Yes,27
01-02-2022,R003636,S001,P0141,Clothing,West,C02100,4,Positive,Pretty happy with this purchase.,Yes,7
01-02-2022,R003768,S004,P0125,Toys,West,C01877,3,Neutral,Fair quality for the price paid.,No,16
01-02-2022,R004922,S004,P0135,Furniture,West,C00260,1,Negative,"Terrible experience, would not buy again.",Yes,33
01-02-2022,R005022,S004,P0144,Clothing,South,C00188,4,Positive,"Good product overall, minor issues but satisfied.",Yes,11
01-02-2022,R005241,S005,P0164,Groceries,West,C00722,4,Positive,"Works well, decent quality for the price.",Yes,6
01-03-2022,R000893,S004,P0048,Clothing,West,C00867,1,Negative,"Very disappointed, product did not work.",Yes,18
01-03-2022,R000938,S001,P0183,Toys,East,C02427,5,Positive,Best purchase I've made this year.,No,45
01-03-2022,R001537,S004,P0136,Electronics,North,C02996,3,Neutral,"It's okay, met basic expectations.",Yes,16
01-03-2022,R001603,S003,P0129,Groceries,East,C00143,4,Positive,Pretty happy with this purchase.,Yes,7
01-03-2022,R002494,S002,P0044,Clothing,North,C02591,5,Positive,"Excellent quality, exceeded my expectations!",Yes,10
01-03-2022,R003013,S001,P0064,Electronics,North,C02680,3,Neutral,"It's okay, met basic expectations.",Yes,9
01-03-2022,R003248,S003,P0015,Furniture,North,C01011,5,Positive,"Highly recommend, works perfectly.",Yes,28
01-03-2022,R003444,S003,P0018,Clothing,East,C00231,5,Positive,"Absolutely love this product, will buy again.",No,44
01-03-2022,R003680,S001,P0092,Electronics,North,C01061,3,Neutral,"Average product, nothing special.",No,12
01-03-2022,R004107,S001,P0189,Groceries,West,C01612,3,Neutral,"Neutral experience, neither good nor bad.",Yes,13
01-04-2022,R000691,S002,P0011,Groceries,South,C02418,5,Positive,Fast delivery and great value for money.,Yes,47
01-04-2022,R002717,S002,P0114,Groceries,South,C00328,5,Positive,"Excellent quality, exceeded my expectations!",Yes,33
01-04-2022,R003044,S005,P0002,Clothing,West,C01437,4,Positive,"Good value, would recommend to others.",Yes,13
01-04-2022,R003539,S002,P0008,Electronics,East,C02034,1,Negative,"Product arrived damaged, very unhappy.",No,22
01-04-2022,R005455,S005,P0182,Toys,South,C02102,4,Positive,"Works well, decent quality for the price.",Yes,2
01-04-2022,R005697,S001,P0197,Electronics,South,C00754,5,Positive,"Absolutely love this product, will buy again.",Yes,7
01-05-2022,R000150,S003,P0126,Clothing,West,C02026,4,Positive,"Works well, decent quality for the price.",Yes,16
01-05-2022,R000278,S003,P0102,Toys,West,C00806,4,Positive,"Good product overall, minor issues but satisfied.",Yes,17
01-05-2022,R000570,S002,P0059,Furniture,East,C00080,5,Positive,"Absolutely love this product, will buy again.",Yes,5
01-05-2022,R001609,S004,P0044,Clothing,South,C02287,5,Positive,"Highly recommend, works perfectly.",Yes,16
01-05-2022,R003159,S004,P0162,Toys,North,C02481,4,Positive,Pretty happy with this purchase.,No,1
01-05-2022,R003637,S005,P0047,Groceries,East,C00514,4,Positive,"Solid product, does what it says.",Yes,9
01-05-2022,R005222,S002,P0001,Electronics,East,C01851,4,Positive,"Solid product, does what it says.",Yes,16
01-05-2022,R005619,S005,P0033,Toys,South,C00537,4,Positive,"Solid product, does what it says.",No,11
01-05-2022,R005627,S003,P0185,Clothing,West,C00790,5,Positive,Fast delivery and great value for money.,Yes,47
01-06-2022,R000388,S002,P0156,Groceries,South,C00987,3,Neutral,"Neutral experience, neither good nor bad.",Yes,3
01-06-2022,R001205,S004,P0043,Groceries,North,C01526,4,Positive,"Good value, would recommend to others.",Yes,14
01-06-2022,R001220,S001,P0098,Toys,South,C02337,2,Negative,Poor packaging and average product.,Yes,17
01-06-2022,R001782,S002,P0120,Clothing,West,C01759,5,Positive,"Highly recommend, works perfectly.",Yes,17
01-06-2022,R002985,S001,P0129,Groceries,North,C02731,4,Positive,"Solid product, does what it says.",Yes,6
01-06-2022,R004943,S003,P0046,Groceries,South,C00146,4,Positive,"Works well, decent quality for the price.",Yes,6
01-06-2022,R005311,S001,P0160,Groceries,South,C01910,4,Positive,"Good value, would recommend to others.",No,11
01-07-2022,R000184,S002,P0083,Electronics,North,C02726,3,Neutral,"Neutral experience, neither good nor bad.",Yes,14
01-07-2022,R002980,S003,P0151,Toys,South,C01156,4,Positive,"Good product overall, minor issues but satisfied.",Yes,19
01-07-2022,R003217,S005,P0144,Clothing,East,C01459,3,Neutral,"Average product, nothing special.",Yes,14
01-07-2022,R003655,S001,P0089,Groceries,East,C01194,4,Positive,"Good value, would recommend to others.",Yes,1
01-07-2022,R003969,S002,P0107,Electronics,North,C02004,4,Positive,"Works well, decent quality for the price.",Yes,18
01-07-2022,R004184,S001,P0058,Groceries,North,C00141,2,Negative,Poor packaging and average product.,Yes,10
01-07-2022,R005168,S003,P0150,Electronics,East,C01962,5,Positive,Best purchase I've made this year.,No,35
01-07-2022,R005631,S001,P0184,Groceries,South,C01792,5,Positive,"Highly recommend, works perfectly.",Yes,13
01-08-2022,R001109,S004,P0076,Electronics,North,C00251,5,Positive,Best purchase I've made this year.,Yes,16
01-08-2022,R002708,S005,P0111,Furniture,West,C01310,3,Neutral,Decent but could be better.,Yes,1
01-08-2022,R002962,S005,P0156,Groceries,West,C00437,3,Neutral,"Neutral experience, neither good nor bad.",Yes,13
01-08-2022,R003212,S005,P0040,Toys,East,C00920,5,Positive,"Highly recommend, works perfectly.",Yes,22
01-08-2022,R004231,S002,P0075,Furniture,East,C02574,5,Positive,Fast delivery and great value for money.,No,29
01-08-2022,R004722,S004,P0154,Groceries,North,C00996,4,Positive,"Works well, decent quality for the price.",Yes,4
01-08-2022,R004838,S004,P0185,Clothing,South,C00691,3,Neutral,Decent but could be better.,Yes,14
01-08-2022,R005922,S003,P0156,Groceries,North,C00392,1,Negative,"Product arrived damaged, very unhappy.",Yes,40
01-09-2022,R000416,S005,P0018,Clothing,North,C00145,1,Negative,"Terrible experience, would not buy again.",Yes,50
01-09-2022,R001470,S001,P0165,Furniture,West,C02395,5,Positive,"Absolutely love this product, will buy again.",Yes,31
01-09-2022,R001536,S002,P0120,Clothing,South,C01669,5,Positive,Best purchase I've made this year.,Yes,9
01-09-2022,R002057,S005,P0100,Electronics,East,C02639,4,Positive,"Good value, would recommend to others.",Yes,8
01-09-2022,R002535,S002,P0072,Groceries,South,C01609,1,Negative,"Product arrived damaged, very unhappy.",Yes,36
01-09-2022,R003776,S005,P0052,Toys,South,C02056,2,Negative,Disappointed with the product performance.,Yes,19
01-09-2022,R004617,S005,P0186,Groceries,North,C00143,5,Positive,Best purchase I've made this year.,Yes,9
01-09-2022,R004627,S001,P0039,Groceries,East,C02533,2,Negative,"Would not recommend, had problems.",Yes,5
01-09-2022,R004868,S001,P0090,Groceries,East,C01508,5,Positive,"Highly recommend, works perfectly.",Yes,34
01-09-2022,R005082,S002,P0127,Furniture,South,C01499,4,Positive,"Good value, would recommend to others.",No,8
01-10-2022,R003858,S001,P0161,Groceries,North,C01209,5,Positive,"Excellent quality, exceeded my expectations!",Yes,21
01-10-2022,R004646,S004,P0092,Electronics,South,C02962,5,Positive,Best purchase I've made this year.,Yes,23
01-10-2022,R005725,S001,P0008,Electronics,East,C02421,5,Positive,"Highly recommend, works perfectly.",Yes,1
01-10-2022,R005849,S001,P0018,Clothing,North,C02739,5,Positive,"Highly recommend, works perfectly.",Yes,7
01-11-2022,R000530,S002,P0019,Toys,West,C01278,5,Positive,"Highly recommend, works perfectly.",Yes,11
01-11-2022,R001415,S001,P0060,Electronics,West,C02079,1,Negative,"Product arrived damaged, very unhappy.",Yes,24
01-11-2022,R001804,S002,P0127,Furniture,North,C01005,4,Positive,"Solid product, does what it says.",Yes,8
01-11-2022,R003760,S002,P0133,Groceries,East,C01592,2,Negative,Poor packaging and average product.,No,7
01-11-2022,R003988,S002,P0085,Furniture,East,C00551,5,Positive,"Excellent quality, exceeded my expectations!",Yes,20
01-11-2022,R004479,S003,P0073,Furniture,East,C01534,3,Neutral,Fair quality for the price paid.,Yes,18
01-11-2022,R005092,S004,P0024,Toys,North,C01325,3,Neutral,Decent but could be better.,Yes,4
01-11-2022,R005480,S002,P0088,Toys,West,C02241,5,Positive,"Highly recommend, works perfectly.",Yes,45
01-11-2022,R005484,S004,P0023,Groceries,North,C02632,3,Neutral,Decent but could be better.,Yes,20
01-11-2022,R005810,S003,P0079,Toys,South,C01825,3,Neutral,Decent but could be better.,Yes,6
01-12-2022,R001292,S005,P0074,Electronics,East,C01915,2,Negative,Disappointed with the product performance.,Yes,13
01-12-2022,R001636,S004,P0071,Electronics,West,C01027,5,Positive,"Highly recommend, works perfectly.",No,7
01-12-2022,R002207,S002,P0061,Furniture,West,C02765,5,Positive,Fast delivery and great value for money.,Yes,1
01-12-2022,R003754,S005,P0045,Toys,West,C01785,4,Positive,"Works well, decent quality for the price.",Yes,4
01-12-2022,R004049,S001,P0043,Groceries,East,C00505,5,Positive,"Absolutely love this product, will buy again.",Yes,5
01-12-2022,R004568,S002,P0129,Groceries,West,C02361,2,Negative,"Not very satisfied, quality could improve.",Yes,19
01-12-2022,R004824,S001,P0036,Electronics,East,C02769,5,Positive,"Highly recommend, works perfectly.",Yes,34
01-12-2022,R005468,S002,P0031,Toys,East,C02204,4,Positive,"Works well, decent quality for the price.",Yes,14
01-12-2022,R005695,S004,P0182,Toys,South,C01201,2,Negative,Disappointed with the product performance.,Yes,6
01-13-2022,R000783,S004,P0162,Toys,North,C00936,3,Neutral,"Average product, nothing special.",Yes,7
01-13-2022,R001884,S004,P0112,Electronics,North,C02302,4,Positive,Pretty happy with this purchase.,Yes,4
01-13-2022,R002388,S002,P0189,Groceries,West,C02874,4,Positive,"Works well, decent quality for the price.",Yes,4
01-13-2022,R003224,S005,P0043,Groceries,East,C02189,2,Negative,Poor packaging and average product.,No,11
01-13-2022,R003303,S002,P0063,Furniture,East,C02585,2,Negative,"Not very satisfied, quality could improve.",Yes,0
01-13-2022,R003700,S002,P0032,Clothing,South,C01278,5,Positive,"Absolutely love this product, will buy again.",Yes,6
01-13-2022,R003866,S001,P0174,Toys,East,C00782,5,Positive,"Highly recommend, works perfectly.",Yes,28
01-13-2022,R004626,S003,P0070,Groceries,West,C02462,2,Negative,"Not very satisfied, quality could improve.",Yes,14
01-13-2022,R004688,S001,P0105,Groceries,North,C00645,4,Positive,"Works well, decent quality for the price.",Yes,20
01-13-2022,R005079,S005,P0001,Electronics,West,C00666,3,Neutral,"Average product, nothing special.",Yes,18
01-14-2022,R001173,S005,P0184,Groceries,West,C01364,4,Positive,"Good value, would recommend to others.",Yes,11
01-14-2022,R001704,S004,P0039,Groceries,West,C00214,5,Positive,Best purchase I've made this year.,Yes,12
01-14-2022,R002255,S004,P0129,Groceries,North,C01635,4,Positive,Pretty happy with this purchase.,Yes,5
01-14-2022,R002933,S004,P0193,Groceries,West,C01451,5,Positive,"Excellent quality, exceeded my expectations!",No,44
01-14-2022,R003053,S002,P0148,Clothing,South,C01946,1,Negative,"Waste of money, poor quality.",Yes,16
01-14-2022,R003942,S001,P0076,Electronics,South,C02624,2,Negative,Poor packaging and average product.,Yes,13
01-14-2022,R004349,S003,P0003,Furniture,South,C01883,5,Positive,Fast delivery and great value for money.,Yes,44
01-14-2022,R004427,S005,P0009,Groceries,East,C01428,3,Neutral,"Neutral experience, neither good nor bad.",Yes,3
01-15-2022,R000952,S005,P0182,Toys,West,C02147,5,Positive,Best purchase I've made this year.,Yes,47
01-15-2022,R001340,S004,P0197,Electronics,North,C00816,4,Positive,"Good value, would recommend to others.",Yes,2
01-15-2022,R001910,S002,P0075,Furniture,North,C01821,5,Positive,"Absolutely love this product, will buy again.",Yes,17
01-15-2022,R002192,S004,P0151,Toys,East,C00176,4,Positive,"Works well, decent quality for the price.",Yes,10
01-15-2022,R002389,S005,P0184,Groceries,South,C00751,3,Neutral,"Neutral experience, neither good nor bad.",Yes,19
01-15-2022,R002614,S005,P0097,Furniture,North,C02153,3,Neutral,"It's okay, met basic expectations.",No,4
01-15-2022,R003134,S002,P0111,Furniture,South,C02657,2,Negative,Poor packaging and average product.,Yes,10
01-15-2022,R003574,S003,P0012,Clothing,South,C02113,3,Neutral,Fair quality for the price paid.,No,6
01-15-2022,R004149,S005,P0109,Electronics,East,C02643,2,Negative,"Would not recommend, had problems.",No,6
01-15-2022,R005582,S005,P0186,Groceries,North,C02163,3,Neutral,Fair quality for the price paid.,Yes,19
01-16-2022,R001596,S001,P0024,Toys,East,C00494,4,Positive,"Solid product, does what it says.",No,16
01-16-2022,R002020,S004,P0059,Furniture,East,C00282,4,Positive,"Good product overall, minor issues but satisfied.",Yes,8
01-16-2022,R002715,S001,P0134,Electronics,South,C01963,5,Positive,"Absolutely love this product, will buy again.",Yes,31
01-16-2022,R002857,S004,P0166,Furniture,South,C01671,5,Positive,"Excellent quality, exceeded my expectations!",Yes,0
01-16-2022,R004458,S005,P0067,Clothing,South,C00454,5,Positive,Fast delivery and great value for money.,Yes,18
01-16-2022,R004672,S005,P0029,Groceries,South,C00577,3,Neutral,"It's okay, met basic expectations.",Yes,14
01-16-2022,R005145,S002,P0003,Furniture,West,C02200,2,Negative,"Below expectations, had some issues.",Yes,7
01-16-2022,R005281,S003,P0162,Toys,West,C01744,1,Negative,"Product arrived damaged, very unhappy.",Yes,0
01-17-2022,R000491,S004,P0200,Furniture,East,C01088,3,Neutral,"It's okay, met basic expectations.",Yes,9
01-17-2022,R002367,S001,P0043,Groceries,North,C00019,4,Positive,"Solid product, does what it says.",Yes,15
01-17-2022,R002417,S002,P0171,Furniture,West,C02471,3,Neutral,"It's okay, met basic expectations.",Yes,1
01-17-2022,R002529,S005,P0042,Electronics,North,C01536,5,Positive,Fast delivery and great value for money.,Yes,28
01-17-2022,R002899,S001,P0007,Toys,West,C00983,4,Positive,"Works well, decent quality for the price.",Yes,8
01-17-2022,R002947,S002,P0197,Electronics,West,C00277,4,Positive,Pretty happy with this purchase.,Yes,20
01-17-2022,R002997,S002,P0113,Clothing,West,C00001,3,Neutral,Fair quality for the price paid.,Yes,12
01-17-2022,R004357,S005,P0174,Toys,South,C00214,3,Neutral,Fair quality for the price paid.,Yes,20
01-17-2022,R004656,S005,P0028,Groceries,West,C00837,3,Neutral,"It's okay, met basic expectations.",Yes,0
01-17-2022,R004750,S004,P0089,Groceries,North,C00948,2,Negative,"Below expectations, had some issues.",Yes,0
01-17-2022,R005053,S003,P0025,Clothing,East,C02664,2,Negative,"Not very satisfied, quality could improve.",Yes,9
01-18-2022,R002236,S004,P0105,Groceries,West,C00987,4,Positive,Pretty happy with this purchase.,Yes,3
01-18-2022,R002567,S002,P0102,Toys,South,C02431,5,Positive,"Highly recommend, works perfectly.",Yes,39
01-18-2022,R002951,S001,P0013,Toys,North,C02788,5,Positive,"Excellent quality, exceeded my expectations!",Yes,16
01-18-2022,R003388,S002,P0024,Toys,North,C01062,5,Positive,"Absolutely love this product, will buy again.",Yes,30
01-18-2022,R005349,S002,P0175,Clothing,South,C01076,2,Negative,"Below expectations, had some issues.",Yes,8
01-19-2022,R004471,S004,P0126,Clothing,East,C02850,5,Positive,"Excellent quality, exceeded my expectations!",No,6
01-19-2022,R005826,S003,P0145,Toys,North,C01827,5,Positive,Fast delivery and great value for money.,Yes,22
01-20-2022,R000908,S005,P0026,Groceries,West,C01065,5,Positive,Best purchase I've made this year.,Yes,9
01-20-2022,R001179,S002,P0023,Groceries,South,C00419,3,Neutral,Decent but could be better.,Yes,18
01-20-2022,R001429,S003,P0025,Clothing,South,C02442,3,Neutral,"Neutral experience, neither good nor bad.",Yes,4
01-20-2022,R003468,S001,P0120,Clothing,West,C02762,5,Positive,Best purchase I've made this year.,Yes,23
01-20-2022,R003878,S005,P0029,Groceries,North,C02832,1,Negative,"Worst purchase, do not recommend.",Yes,18
01-20-2022,R004661,S001,P0044,Clothing,South,C00117,3,Neutral,"Average product, nothing special.",Yes,12
01-21-2022,R001015,S005,P0067,Clothing,South,C01914,4,Positive,"Good value, would recommend to others.",No,2
01-21-2022,R001383,S003,P0149,Electronics,North,C02780,4,Positive,Pretty happy with this purchase.,Yes,3
01-21-2022,R002065,S004,P0184,Groceries,East,C02719,5,Positive,"Highly recommend, works perfectly.",Yes,17
01-21-2022,R002369,S002,P0038,Clothing,East,C02723,5,Positive,"Excellent quality, exceeded my expectations!",Yes,37
01-21-2022,R003690,S003,P0157,Groceries,North,C00984,5,Positive,"Absolutely love this product, will buy again.",Yes,5
01-21-2022,R004115,S003,P0163,Furniture,East,C00432,5,Positive,"Highly recommend, works perfectly.",Yes,5
01-21-2022,R005914,S005,P0020,Groceries,North,C01781,3,Neutral,"It's okay, met basic expectations.",Yes,10
01-22-2022,R000341,S005,P0113,Clothing,West,C00453,3,Neutral,"Neutral experience, neither good nor bad.",Yes,8
01-22-2022,R000786,S005,P0179,Electronics,North,C00633,4,Positive,"Good value, would recommend to others.",No,14
01-22-2022,R001106,S001,P0066,Clothing,East,C02813,5,Positive,"Highly recommend, works perfectly.",Yes,25
01-22-2022,R001363,S005,P0137,Furniture,West,C02593,5,Positive,Fast delivery and great value for money.,Yes,3
01-22-2022,R001602,S001,P0109,Electronics,East,C01064,4,Positive,"Works well, decent quality for the price.",Yes,19
01-22-2022,R001935,S003,P0094,Groceries,South,C01711,4,Positive,Pretty happy with this purchase.,Yes,19
01-22-2022,R001944,S001,P0047,Groceries,West,C00803,3,Neutral,"Neutral experience, neither good nor bad.",Yes,16
01-22-2022,R002058,S004,P0111,Furniture,West,C02889,1,Negative,"Waste of money, poor quality.",Yes,19
01-22-2022,R002647,S005,P0135,Furniture,North,C00481,5,Positive,"Excellent quality, exceeded my expectations!",Yes,7
01-22-2022,R002687,S003,P0072,Groceries,North,C02474,4,Positive,"Good value, would recommend to others.",Yes,2
01-22-2022,R002772,S004,P0074,Electronics,South,C02683,2,Negative,"Not very satisfied, quality could improve.",Yes,19
01-22-2022,R004514,S002,P0122,Furniture,West,C01334,5,Positive,Best purchase I've made this year.,Yes,30
01-22-2022,R005251,S005,P0134,Electronics,East,C02886,5,Positive,"Excellent quality, exceeded my expectations!",Yes,5
01-23-2022,R000074,S002,P0128,Furniture,North,C02734,5,Positive,"Absolutely love this product, will buy again.",Yes,23
01-23-2022,R000755,S004,P0114,Groceries,South,C01380,4,Positive,"Works well, decent quality for the price.",Yes,1
01-23-2022,R001558,S002,P0138,Clothing,East,C02761,1,Negative,"Waste of money, poor quality.",No,17
01-23-2022,R002505,S005,P0146,Furniture,West,C00956,5,Positive,Fast delivery and great value for money.,Yes,16
01-23-2022,R003642,S002,P0063,Furniture,West,C02369,3,Neutral,Fair quality for the price paid.,Yes,4
01-23-2022,R003850,S001,P0107,Electronics,East,C02709,3,Neutral,Decent but could be better.,Yes,5
01-23-2022,R005972,S005,P0131,Clothing,South,C02659,4,Positive,Pretty happy with this purchase.,Yes,7
01-24-2022,R000492,S005,P0185,Clothing,West,C01712,5,Positive,"Absolutely love this product, will buy again.",Yes,41
01-24-2022,R000639,S005,P0163,Furniture,South,C00605,3,Neutral,Fair quality for the price paid.,No,17
01-24-2022,R000728,S001,P0159,Clothing,East,C02183,4,Positive,"Good value, would recommend to others.",Yes,5
01-24-2022,R000730,S005,P0185,Clothing,West,C02751,5,Positive,Fast delivery and great value for money.,Yes,47
01-24-2022,R001212,S001,P0189,Groceries,South,C01299,3,Neutral,Decent but could be better.,Yes,2
01-24-2022,R002166,S004,P0143,Clothing,East,C01625,5,Positive,Best purchase I've made this year.,Yes,43
01-24-2022,R002299,S005,P0119,Electronics,South,C01719,3,Neutral,"Neutral experience, neither good nor bad.",Yes,6
01-24-2022,R002686,S005,P0169,Toys,East,C01112,3,Neutral,"Average product, nothing special.",No,11
01-24-2022,R002991,S002,P0098,Toys,East,C00254,4,Positive,"Good value, would recommend to others.",Yes,16
01-24-2022,R003387,S001,P0132,Furniture,East,C02940,4,Positive,"Works well, decent quality for the price.",Yes,1
01-24-2022,R003627,S003,P0122,Furniture,West,C01947,2,Negative,"Below expectations, had some issues.",Yes,9
01-24-2022,R003784,S005,P0012,Clothing,East,C02856,3,Neutral,Fair quality for the price paid.,Yes,16
01-24-2022,R003845,S004,P0106,Furniture,West,C01184,5,Positive,Best purchase I've made this year.,Yes,20
01-24-2022,R003856,S004,P0193,Groceries,North,C01166,2,Negative,"Not very satisfied, quality could improve.",Yes,10
01-24-2022,R004012,S002,P0154,Groceries,East,C02127,4,Positive,"Solid product, does what it says.",Yes,20
01-24-2022,R004567,S004,P0200,Furniture,North,C01378,2,Negative,Disappointed with the product performance.,Yes,19
01-24-2022,R005507,S001,P0100,Electronics,North,C01872,5,Positive,Best purchase I've made this year.,No,10
01-25-2022,R000087,S002,P0028,Groceries,North,C01584,3,Neutral,"Neutral experience, neither good nor bad.",Yes,13
01-25-2022,R000784,S005,P0026,Groceries,North,C02732,3,Neutral,Fair quality for the price paid.,Yes,7
01-25-2022,R001343,S003,P0132,Furniture,South,C02380,3,Neutral,"Neutral experience, neither good nor bad.",Yes,14
01-25-2022,R002485,S002,P0041,Groceries,South,C02366,4,Positive,"Solid product, does what it says.",Yes,14
01-25-2022,R003382,S003,P0110,Toys,North,C02269,5,Positive,Best purchase I've made this year.,No,48
01-25-2022,R003424,S001,P0020,Groceries,South,C01601,5,Positive,"Absolutely love this product, will buy again.",No,39
01-25-2022,R004846,S004,P0072,Groceries,North,C02821,1,Negative,"Very disappointed, product did not work.",Yes,33
01-25-2022,R004961,S001,P0131,Clothing,East,C01659,3,Neutral,Decent but could be better.,Yes,10
01-26-2022,R000544,S004,P0176,Furniture,West,C02044,4,Positive,"Works well, decent quality for the price.",Yes,4
01-26-2022,R001650,S003,P0012,Clothing,South,C00977,3,Neutral,"Average product, nothing special.",Yes,16
01-26-2022,R002122,S002,P0144,Clothing,West,C00190,4,Positive,"Solid product, does what it says.",Yes,20
01-26-2022,R002504,S004,P0073,Furniture,North,C02396,3,Neutral,"Neutral experience, neither good nor bad.",Yes,17
01-26-2022,R002574,S002,P0112,Electronics,South,C00662,5,Positive,Best purchase I've made this year.,Yes,8
01-26-2022,R002912,S002,P0132,Furniture,West,C02118,4,Positive,"Good value, would recommend to others.",Yes,3
01-26-2022,R003048,S001,P0139,Clothing,East,C00940,1,Negative,"Worst purchase, do not recommend.",Yes,19
01-26-2022,R004575,S002,P0197,Electronics,North,C01259,2,Negative,"Would not recommend, had problems.",Yes,15
01-26-2022,R005398,S004,P0084,Clothing,South,C02988,5,Positive,Best purchase I've made this year.,Yes,13
01-26-2022,R005932,S003,P0022,Toys,South,C02129,4,Positive,"Works well, decent quality for the price.",Yes,7
01-27-2022,R000652,S001,P0021,Furniture,West,C01922,5,Positive,"Highly recommend, works perfectly.",No,5
01-27-2022,R000985,S004,P0042,Electronics,South,C01983,5,Positive,Best purchase I've made this year.,Yes,10
01-27-2022,R004233,S001,P0145,Toys,South,C00650,2,Negative,"Below expectations, had some issues.",Yes,9
01-27-2022,R005428,S003,P0092,Electronics,South,C01269,1,Negative,"Very disappointed, product did not work.",Yes,12
01-27-2022,R005846,S005,P0068,Clothing,North,C01866,5,Positive,Best purchase I've made this year.,Yes,26
01-28-2022,R000003,S005,P0077,Groceries,West,C02124,3,Neutral,Decent but could be better.,Yes,5
01-28-2022,R000371,S001,P0169,Toys,West,C02762,5,Positive,Best purchase I've made this year.,No,3
01-28-2022,R000796,S001,P0015,Furniture,North,C02858,2,Negative,"Would not recommend, had problems.",Yes,11
01-28-2022,R002441,S004,P0090,Groceries,South,C02505,4,Positive,"Solid product, does what it says.",Yes,2
01-28-2022,R003089,S001,P0044,Clothing,North,C00702,2,Negative,Disappointed with the product performance.,Yes,12
01-28-2022,R004188,S002,P0172,Toys,South,C01325,5,Positive,"Absolutely love this product, will buy again.",No,7
01-28-2022,R004290,S002,P0159,Clothing,North,C01284,3,Neutral,Fair quality for the price paid.,No,19
01-28-2022,R004296,S002,P0001,Electronics,West,C00869,5,Positive,Best purchase I've made this year.,No,20
01-28-2022,R005666,S003,P0027,Toys,East,C02611,4,Positive,Pretty happy with this purchase.,Yes,18
01-29-2022,R000524,S001,P0177,Clothing,East,C02687,4,Positive,"Solid product, does what it says.",Yes,18
01-29-2022,R002165,S003,P0090,Groceries,North,C01265,4,Positive,"Good product overall, minor issues but satisfied.",Yes,10
01-29-2022,R003118,S005,P0134,Electronics,North,C00722,4,Positive,Pretty happy with this purchase.,Yes,19
01-29-2022,R003356,S005,P0033,Toys,North,C02623,5,Positive,Best purchase I've made this year.,Yes,36
01-29-2022,R003676,S004,P0085,Furniture,East,C02404,3,Neutral,"Average product, nothing special.",Yes,7
01-29-2022,R003986,S001,P0178,Toys,West,C02404,4,Positive,"Good value, would recommend to others.",Yes,2
01-29-2022,R004019,S002,P0011,Groceries,East,C02721,4,Positive,"Solid product, does what it says.",No,12
01-29-2022,R004421,S003,P0048,Clothing,South,C02026,5,Positive,"Absolutely love this product, will buy again.",Yes,45
01-29-2022,R005190,S003,P0005,Toys,West,C01268,2,Negative,Disappointed with the product performance.,No,20
01-29-2022,R005706,S003,P0176,Furniture,South,C00876,5,Positive,"Absolutely love this product, will buy again.",Yes,46
01-30-2022,R000517,S003,P0098,Toys,West,C02679,5,Positive,"Absolutely love this product, will buy again.",Yes,30
01-30-2022,R001499,S002,P0145,Toys,South,C02111,2,Negative,"Not very satisfied, quality could improve.",Yes,12
01-30-2022,R001805,S004,P0116,Furniture,South,C02110,3,Neutral,"Neutral experience, neither good nor bad.",Yes,5
01-30-2022,R001872,S001,P0098,Toys,East,C01019,4,Positive,"Works well, decent quality for the price.",Yes,15
01-30-2022,R001949,S001,P0111,Furniture,North,C01674,5,Positive,"Absolutely love this product, will buy again.",Yes,23
01-30-2022,R002322,S005,P0087,Toys,North,C02518,3,Neutral,Decent but could be better.,No,17
01-30-2022,R003028,S003,P0008,Electronics,South,C02685,5,Positive,"Excellent quality, exceeded my expectations!",Yes,39
01-30-2022,R003949,S002,P0162,Toys,East,C01429,5,Positive,Best purchase I've made this year.,Yes,31
01-30-2022,R005892,S001,P0137,Furniture,North,C01983,4,Positive,"Good product overall, minor issues but satisfied.",Yes,3
01-30-2022,R005991,S002,P0177,Clothing,North,C01431,1,Negative,"Worst purchase, do not recommend.",Yes,32
01-31-2022,R002244,S003,P0042,Electronics,East,C00789,5,Positive,"Absolutely love this product, will buy again.",Yes,41
01-31-2022,R002490,S003,P0089,Groceries,West,C01566,4,Positive,"Works well, decent quality for the price.",Yes,2
01-31-2022,R003003,S002,P0142,Clothing,West,C01957,5,Positive,Best purchase I've made this year.,Yes,29
01-31-2022,R003081,S003,P0088,Toys,West,C02683,4,Positive,"Solid product, does what it says.",Yes,0
01-31-2022,R003500,S004,P0062,Groceries,South,C00672,4,Positive,Pretty happy with this purchase.,Yes,0
01-31-2022,R003517,S001,P0084,Clothing,West,C00566,5,Positive,"Excellent quality, exceeded my expectations!",Yes,32
01-31-2022,R004273,S004,P0019,Toys,West,C00916,3,Neutral,"Neutral experience, neither good nor bad.",Yes,14
01-31-2022,R005258,S001,P0091,Electronics,South,C02902,3,Neutral,Decent but could be better.,Yes,14
01-31-2022,R005823,S004,P0115,Toys,East,C00612,3,Neutral,Fair quality for the price paid.,Yes,17
02-01-2022,R000143,S001,P0036,Electronics,West,C00270,3,Neutral,"Average product, nothing special.",No,11
02-01-2022,R000373,S003,P0006,Groceries,South,C00948,3,Neutral,"It's okay, met basic expectations.",Yes,10
02-01-2022,R000529,S004,P0058,Groceries,West,C02748,2,Negative,Disappointed with the product performance.,Yes,19
02-01-2022,R000818,S004,P0088,Toys,East,C02926,5,Positive,Best purchase I've made this year.,Yes,29
02-01-2022,R001320,S003,P0071,Electronics,North,C02732,3,Neutral,"Average product, nothing special.",Yes,14
02-01-2022,R002243,S001,P0060,Electronics,North,C02646,5,Positive,Best purchase I've made this year.,Yes,50
02-01-2022,R003174,S003,P0057,Furniture,North,C00645,2,Negative,"Not very satisfied, quality could improve.",Yes,19
02-01-2022,R005040,S002,P0064,Electronics,North,C02740,5,Positive,Best purchase I've made this year.,Yes,13
02-02-2022,R000101,S004,P0141,Clothing,North,C01620,5,Positive,"Excellent quality, exceeded my expectations!",Yes,9
02-02-2022,R000366,S003,P0167,Furniture,North,C02144,4,Positive,Pretty happy with this purchase.,Yes,8
02-02-2022,R000589,S003,P0197,Electronics,East,C01295,4,Positive,"Good product overall, minor issues but satisfied.",Yes,17
02-02-2022,R001413,S002,P0147,Groceries,West,C02384,5,Positive,"Absolutely love this product, will buy again.",Yes,39
02-02-2022,R005285,S003,P0086,Furniture,North,C01166,2,Negative,"Would not recommend, had problems.",Yes,9
02-02-2022,R005772,S003,P0103,Toys,West,C00966,1,Negative,"Very disappointed, product did not work.",Yes,38
02-03-2022,R000142,S001,P0029,Groceries,West,C01413,4,Positive,"Works well, decent quality for the price.",No,0
02-03-2022,R001146,S002,P0141,Clothing,North,C01615,4,Positive,Pretty happy with this purchase.,Yes,9
02-03-2022,R001916,S002,P0164,Groceries,North,C01773,5,Positive,Fast delivery and great value for money.,Yes,39
02-03-2022,R002619,S004,P0113,Clothing,East,C02548,5,Positive,Best purchase I've made this year.,Yes,26
02-03-2022,R003049,S002,P0031,Toys,South,C02057,5,Positive,"Absolutely love this product, will buy again.",Yes,43
02-03-2022,R003272,S005,P0024,Toys,South,C00538,5,Positive,"Absolutely love this product, will buy again.",Yes,20
02-03-2022,R003309,S002,P0141,Clothing,East,C02965,1,Negative,"Terrible experience, would not buy again.",No,7
02-03-2022,R003646,S001,P0018,Clothing,South,C00152,5,Positive,"Absolutely love this product, will buy again.",Yes,34
02-03-2022,R004441,S005,P0057,Furniture,South,C00895,5,Positive,"Highly recommend, works perfectly.",Yes,3
02-03-2022,R004814,S003,P0137,Furniture,West,C00323,2,Negative,"Would not recommend, had problems.",Yes,15
02-03-2022,R004932,S004,P0119,Electronics,East,C02686,2,Negative,"Not very satisfied, quality could improve.",Yes,9
02-03-2022,R005113,S002,P0159,Clothing,West,C00129,2,Negative,"Below expectations, had some issues.",Yes,8
02-04-2022,R000187,S002,P0184,Groceries,North,C00387,4,Positive,Pretty happy with this purchase.,No,11
02-04-2022,R001786,S003,P0196,Electronics,East,C02940,5,Positive,Fast delivery and great value for money.,Yes,50
02-04-2022,R002105,S005,P0004,Toys,West,C01169,4,Positive,"Solid product, does what it says.",Yes,9
02-04-2022,R003714,S005,P0078,Toys,West,C00942,4,Positive,"Good product overall, minor issues but satisfied.",Yes,9
02-04-2022,R005601,S005,P0127,Furniture,South,C00952,4,Positive,"Solid product, does what it says.",Yes,0
02-05-2022,R000253,S005,P0069,Toys,South,C02545,4,Positive,"Good product overall, minor issues but satisfied.",Yes,3
02-05-2022,R000462,S003,P0124,Furniture,East,C00592,5,Positive,Fast delivery and great value for money.,Yes,36
02-05-2022,R001504,S003,P0079,Toys,North,C02824,5,Positive,Best purchase I've made this year.,Yes,13
02-05-2022,R002694,S004,P0144,Clothing,West,C01397,1,Negative,"Very disappointed, product did not work.",Yes,44
02-05-2022,R002768,S004,P0094,Groceries,East,C02758,3,Neutral,"It's okay, met basic expectations.",No,3
02-05-2022,R003190,S002,P0005,Toys,East,C01136,2,Negative,"Not very satisfied, quality could improve.",Yes,6
02-05-2022,R004203,S002,P0140,Toys,West,C01169,4,Positive,"Good value, would recommend to others.",Yes,18
02-05-2022,R004422,S004,P0035,Clothing,West,C01011,4,Positive,"Good product overall, minor issues but satisfied.",No,18
02-05-2022,R004862,S005,P0088,Toys,North,C02928,3,Neutral,Fair quality for the price paid.,Yes,16
02-05-2022,R004987,S003,P0006,Groceries,South,C01578,3,Neutral,"Average product, nothing special.",No,4
02-05-2022,R005194,S001,P0075,Furniture,West,C00751,5,Positive,"Excellent quality, exceeded my expectations!",No,27
02-06-2022,R000344,S001,P0047,Groceries,North,C02839,2,Negative,"Below expectations, had some issues.",Yes,12
02-06-2022,R000547,S003,P0113,Clothing,East,C01287,2,Negative,Disappointed with the product performance.,Yes,2
02-06-2022,R002998,S001,P0140,Toys,West,C00944,5,Positive,"Excellent quality, exceeded my expectations!",Yes,43
02-06-2022,R004973,S002,P0190,Toys,South,C02388,4,Positive,"Good value, would recommend to others.",Yes,0
02-06-2022,R005739,S003,P0154,Groceries,West,C00461,4,Positive,"Good value, would recommend to others.",Yes,3
02-06-2022,R005791,S001,P0173,Clothing,East,C00501,5,Positive,Best purchase I've made this year.,Yes,28
02-06-2022,R005978,S003,P0007,Toys,East,C01813,1,Negative,"Worst purchase, do not recommend.",No,24
02-07-2022,R000708,S005,P0084,Clothing,West,C00973,4,Positive,"Good product overall, minor issues but satisfied.",Yes,9
02-07-2022,R000843,S004,P0198,Groceries,East,C02848,5,Positive,"Excellent quality, exceeded my expectations!",Yes,42
02-07-2022,R000949,S005,P0111,Furniture,East,C02592,5,Positive,"Highly recommend, works perfectly.",Yes,48
02-07-2022,R001011,S001,P0026,Groceries,East,C00326,5,Positive,"Excellent quality, exceeded my expectations!",Yes,18
02-07-2022,R002557,S001,P0026,Groceries,East,C00609,2,Negative,"Would not recommend, had problems.",Yes,1
02-07-2022,R002625,S002,P0158,Electronics,West,C01960,5,Positive,"Excellent quality, exceeded my expectations!",Yes,9
02-07-2022,R002834,S001,P0080,Groceries,East,C02888,5,Positive,"Excellent quality, exceeded my expectations!",No,23
02-07-2022,R004510,S001,P0117,Toys,South,C01914,3,Neutral,"Average product, nothing special.",No,4
02-07-2022,R005924,S005,P0030,Furniture,East,C01985,5,Positive,Best purchase I've made this year.,No,10
02-08-2022,R000099,S003,P0088,Toys,East,C00157,5,Positive,Fast delivery and great value for money.,Yes,41
02-08-2022,R000587,S005,P0034,Groceries,West,C00144,4,Positive,"Solid product, does what it says.",Yes,2
02-08-2022,R001659,S005,P0181,Toys,South,C00376,5,Positive,Best purchase I've made this year.,Yes,5
02-08-2022,R002126,S004,P0139,Clothing,East,C00501,4,Positive,Pretty happy with this purchase.,Yes,10
02-08-2022,R003264,S001,P0136,Electronics,West,C00389,4,Positive,"Good product overall, minor issues but satisfied.",Yes,1
02-08-2022,R003285,S003,P0171,Furniture,South,C02893,5,Positive,Best purchase I've made this year.,Yes,29
02-08-2022,R003357,S002,P0032,Clothing,West,C01828,5,Positive,Fast delivery and great value for money.,Yes,12
02-09-2022,R000167,S003,P0140,Toys,East,C02127,5,Positive,"Absolutely love this product, will buy again.",Yes,36
02-09-2022,R000634,S001,P0015,Furniture,East,C01343,5,Positive,"Excellent quality, exceeded my expectations!",Yes,40
02-09-2022,R002794,S002,P0200,Furniture,South,C02097,4,Positive,"Solid product, does what it says.",Yes,13
02-09-2022,R004619,S002,P0179,Electronics,East,C01146,2,Negative,Disappointed with the product performance.,Yes,17
02-09-2022,R004912,S004,P0107,Electronics,South,C00830,5,Positive,Best purchase I've made this year.,Yes,30
02-10-2022,R000484,S005,P0120,Clothing,West,C02579,4,Positive,Pretty happy with this purchase.,No,10
02-10-2022,R001747,S003,P0197,Electronics,South,C02689,4,Positive,Pretty happy with this purchase.,Yes,4
02-10-2022,R002368,S003,P0060,Electronics,North,C01360,3,Neutral,Fair quality for the price paid.,Yes,0
02-10-2022,R003831,S005,P0107,Electronics,East,C02822,1,Negative,"Product arrived damaged, very unhappy.",Yes,4
02-10-2022,R004678,S002,P0181,Toys,North,C00953,3,Neutral,Decent but could be better.,Yes,17
02-10-2022,R005314,S004,P0124,Furniture,North,C02466,3,Neutral,"Neutral experience, neither good nor bad.",No,16
02-10-2022,R005324,S002,P0011,Groceries,East,C00243,3,Neutral,"Neutral experience, neither good nor bad.",Yes,20
02-11-2022,R001395,S005,P0107,Electronics,West,C00989,4,Positive,"Good product overall, minor issues but satisfied.",Yes,14
02-11-2022,R002447,S004,P0186,Groceries,West,C02718,2,Negative,"Would not recommend, had problems.",Yes,11
02-11-2022,R003886,S003,P0056,Clothing,West,C01547,4,Positive,"Good value, would recommend to others.",Yes,5
02-11-2022,R004553,S002,P0003,Furniture,East,C00126,3,Neutral,"Neutral experience, neither good nor bad.",Yes,14
02-12-2022,R000110,S004,P0133,Groceries,East,C00613,4,Positive,"Good product overall, minor issues but satisfied.",Yes,6
02-12-2022,R000111,S005,P0194,Furniture,West,C00483,3,Neutral,Decent but could be better.,Yes,14
02-12-2022,R000441,S002,P0159,Clothing,East,C00345,3,Neutral,Decent but could be better.,Yes,14
02-12-2022,R001387,S004,P0095,Furniture,West,C00345,4,Positive,"Good value, would recommend to others.",Yes,7
02-12-2022,R001489,S002,P0113,Clothing,East,C00535,2,Negative,Disappointed with the product performance.,Yes,20
02-12-2022,R001830,S002,P0137,Furniture,North,C02722,3,Neutral,"Average product, nothing special.",No,4
02-12-2022,R003199,S001,P0017,Toys,South,C02020,4,Positive,"Good product overall, minor issues but satisfied.",Yes,11
02-12-2022,R003955,S005,P0117,Toys,South,C02948,4,Positive,"Good product overall, minor issues but satisfied.",Yes,10
02-12-2022,R005969,S005,P0179,Electronics,North,C01077,3,Neutral,"Average product, nothing special.",Yes,20
02-13-2022,R000868,S004,P0179,Electronics,East,C00717,4,Positive,"Good value, would recommend to others.",Yes,16
02-13-2022,R001074,S002,P0122,Furniture,West,C00308,5,Positive,Best purchase I've made this year.,Yes,29
02-13-2022,R002376,S005,P0177,Clothing,North,C01964,2,Negative,Disappointed with the product performance.,Yes,12
02-13-2022,R004981,S003,P0092,Electronics,South,C01151,3,Neutral,Fair quality for the price paid.,Yes,4
02-13-2022,R005613,S004,P0158,Electronics,South,C00558,4,Positive,Pretty happy with this purchase.,No,2
02-14-2022,R000514,S001,P0175,Clothing,East,C01669,4,Positive,"Good value, would recommend to others.",No,18
02-14-2022,R000861,S003,P0161,Groceries,North,C01932,3,Neutral,"Neutral experience, neither good nor bad.",Yes,10
02-14-2022,R000864,S005,P0033,Toys,West,C01797,4,Positive,"Good value, would recommend to others.",No,8
02-14-2022,R001717,S004,P0170,Furniture,East,C02638,4,Positive,"Good value, would recommend to others.",Yes,5
02-14-2022,R002239,S004,P0140,Toys,North,C00952,4,Positive,Pretty happy with this purchase.,No,8
02-14-2022,R002342,S005,P0129,Groceries,West,C02287,5,Positive,"Excellent quality, exceeded my expectations!",Yes,10
02-14-2022,R002642,S001,P0193,Groceries,South,C01344,1,Negative,"Terrible experience, would not buy again.",Yes,33
02-14-2022,R003772,S003,P0061,Furniture,South,C02783,5,Positive,"Excellent quality, exceeded my expectations!",Yes,24
02-14-2022,R003960,S004,P0197,Electronics,East,C00654,4,Positive,"Solid product, does what it says.",Yes,8
02-15-2022,R000982,S003,P0195,Clothing,East,C01632,5,Positive,"Highly recommend, works perfectly.",Yes,14
02-15-2022,R001331,S002,P0195,Clothing,South,C02114,1,Negative,"Product arrived damaged, very unhappy.",Yes,31
02-15-2022,R002289,S003,P0010,Toys,West,C02879,4,Positive,Pretty happy with this purchase.,Yes,3
02-15-2022,R004878,S002,P0171,Furniture,East,C00075,3,Neutral,"It's okay, met basic expectations.",Yes,16
02-15-2022,R004945,S005,P0071,Electronics,North,C00943,2,Negative,"Not very satisfied, quality could improve.",Yes,10
02-15-2022,R005412,S002,P0123,Furniture,South,C00311,5,Positive,Best purchase I've made this year.,No,26
02-15-2022,R005432,S004,P0177,Clothing,South,C00734,4,Positive,"Good value, would recommend to others.",Yes,16
02-15-2022,R005458,S004,P0036,Electronics,West,C01794,5,Positive,Fast delivery and great value for money.,Yes,47
02-16-2022,R000127,S001,P0014,Toys,West,C00436,4,Positive,Pretty happy with this purchase.,Yes,17
02-16-2022,R000246,S003,P0032,Clothing,North,C01146,4,Positive,"Solid product, does what it says.",Yes,3
02-16-2022,R000531,S002,P0124,Furniture,West,C01569,2,Negative,"Not very satisfied, quality could improve.",Yes,2
02-16-2022,R001996,S005,P0086,Furniture,North,C01316,4,Positive,"Good value, would recommend to others.",Yes,17
02-16-2022,R003813,S002,P0132,Furniture,West,C02229,3,Neutral,Decent but could be better.,Yes,0
02-16-2022,R005479,S005,P0154,Groceries,East,C01634,3,Neutral,Fair quality for the price paid.,No,19
02-16-2022,R005858,S003,P0159,Clothing,East,C01942,4,Positive,"Good product overall, minor issues but satisfied.",No,9
02-16-2022,R005933,S002,P0038,Clothing,South,C01600,3,Neutral,"Average product, nothing special.",No,13
02-17-2022,R000192,S002,P0122,Furniture,West,C02506,3,Neutral,Fair quality for the price paid.,Yes,4
02-17-2022,R000645,S002,P0110,Toys,West,C02403,4,Positive,Pretty happy with this purchase.,Yes,0
02-17-2022,R001862,S001,P0005,Toys,South,C01990,4,Positive,"Good value, would recommend to others.",Yes,9
02-17-2022,R002343,S005,P0065,Electronics,West,C02555,3,Neutral,"Neutral experience, neither good nor bad.",Yes,16
02-17-2022,R002667,S003,P0113,Clothing,East,C02601,4,Positive,"Solid product, does what it says.",No,6
02-17-2022,R003519,S005,P0074,Electronics,South,C02831,5,Positive,"Excellent quality, exceeded my expectations!",Yes,39
02-17-2022,R003884,S003,P0135,Furniture,South,C00998,5,Positive,"Excellent quality, exceeded my expectations!",No,39
02-17-2022,R005565,S005,P0142,Clothing,South,C02639,2,Negative,"Not very satisfied, quality could improve.",Yes,20
02-17-2022,R005896,S002,P0126,Clothing,North,C00227,5,Positive,Best purchase I've made this year.,Yes,48
02-18-2022,R000358,S004,P0115,Toys,East,C02056,2,Negative,Disappointed with the product performance.,Yes,6
02-18-2022,R002214,S002,P0033,Toys,South,C00678,5,Positive,"Absolutely love this product, will buy again.",Yes,29
02-18-2022,R002841,S002,P0017,Toys,North,C01322,5,Positive,Best purchase I've made this year.,Yes,0
02-18-2022,R003098,S002,P0176,Furniture,West,C00205,4,Positive,Pretty happy with this purchase.,No,2
02-18-2022,R003480,S001,P0036,Electronics,South,C02294,3,Neutral,Fair quality for the price paid.,Yes,9
02-18-2022,R003503,S003,P0087,Toys,South,C01750,4,Positive,"Good product overall, minor issues but satisfied.",Yes,8
02-18-2022,R004053,S002,P0168,Furniture,South,C01966,5,Positive,Best purchase I've made this year.,Yes,14
02-18-2022,R005266,S002,P0185,Clothing,South,C01468,4,Positive,"Good product overall, minor issues but satisfied.",Yes,8
02-18-2022,R005373,S005,P0156,Groceries,North,C02634,5,Positive,"Highly recommend, works perfectly.",No,34
02-18-2022,R005569,S003,P0007,Toys,South,C02175,2,Negative,"Would not recommend, had problems.",Yes,17
02-19-2022,R000147,S003,P0083,Electronics,North,C00127,2,Negative,Poor packaging and average product.,Yes,0
02-19-2022,R001238,S003,P0172,Toys,South,C02829,5,Positive,"Absolutely love this product, will buy again.",Yes,25
02-19-2022,R003833,S004,P0006,Groceries,South,C00298,3,Neutral,Fair quality for the price paid.,Yes,15
02-19-2022,R004475,S002,P0118,Clothing,West,C02467,5,Positive,Best purchase I've made this year.,Yes,0
02-19-2022,R004755,S001,P0068,Clothing,East,C00446,5,Positive,"Excellent quality, exceeded my expectations!",Yes,32
02-19-2022,R005759,S002,P0184,Groceries,North,C02742,5,Positive,Fast delivery and great value for money.,Yes,0
02-20-2022,R000059,S004,P0116,Furniture,East,C01989,4,Positive,Pretty happy with this purchase.,Yes,17
02-20-2022,R002679,S004,P0030,Furniture,South,C01196,3,Neutral,Decent but could be better.,Yes,2
02-20-2022,R004254,S002,P0157,Groceries,North,C02872,3,Neutral,"Average product, nothing special.",No,12
02-20-2022,R005384,S001,P0084,Clothing,East,C00440,5,Positive,"Highly recommend, works perfectly.",No,2
02-20-2022,R005474,S002,P0180,Groceries,North,C01700,5,Positive,Fast delivery and great value for money.,Yes,13
02-21-2022,R000030,S002,P0052,Toys,South,C00844,4,Positive,"Solid product, does what it says.",Yes,16
02-21-2022,R000201,S003,P0199,Electronics,East,C01201,3,Neutral,"Average product, nothing special.",Yes,15
02-21-2022,R000411,S002,P0083,Electronics,South,C00763,5,Positive,"Excellent quality, exceeded my expectations!",No,17
02-21-2022,R000746,S002,P0064,Electronics,East,C00354,5,Positive,Fast delivery and great value for money.,Yes,11
02-21-2022,R000794,S005,P0106,Furniture,East,C01703,5,Positive,Best purchase I've made this year.,Yes,41
02-21-2022,R001184,S004,P0028,Groceries,East,C01768,4,Positive,"Works well, decent quality for the price.",Yes,1
02-21-2022,R001926,S001,P0022,Toys,West,C01555,4,Positive,"Solid product, does what it says.",Yes,2
02-21-2022,R004504,S001,P0053,Groceries,East,C00496,4,Positive,"Good product overall, minor issues but satisfied.",No,18
02-21-2022,R004552,S004,P0078,Toys,West,C01282,3,Neutral,"Neutral experience, neither good nor bad.",Yes,6
02-21-2022,R005066,S001,P0175,Clothing,North,C00975,5,Positive,Best purchase I've made this year.,No,18
02-21-2022,R005891,S002,P0030,Furniture,West,C00246,5,Positive,"Excellent quality, exceeded my expectations!",Yes,21
02-22-2022,R002079,S005,P0113,Clothing,South,C00968,4,Positive,"Works well, decent quality for the price.",Yes,19
02-22-2022,R002131,S005,P0018,Clothing,East,C00814,3,Neutral,"It's okay, met basic expectations.",Yes,18
02-23-2022,R000249,S003,P0087,Toys,North,C02931,5,Positive,Fast delivery and great value for money.,Yes,36
02-23-2022,R000802,S003,P0079,Toys,East,C01637,2,Negative,Poor packaging and average product.,No,18
02-23-2022,R001676,S003,P0169,Toys,East,C01100,4,Positive,"Solid product, does what it says.",Yes,8
02-23-2022,R001731,S002,P0125,Toys,West,C00685,5,Positive,Fast delivery and great value for money.,Yes,9
02-23-2022,R002497,S005,P0006,Groceries,East,C00811,2,Negative,"Would not recommend, had problems.",No,19
02-23-2022,R004043,S003,P0029,Groceries,East,C02311,4,Positive,"Good product overall, minor issues but satisfied.",Yes,16
02-23-2022,R004101,S005,P0056,Clothing,West,C00867,4,Positive,Pretty happy with this purchase.,Yes,12
02-23-2022,R004825,S002,P0164,Groceries,North,C01644,5,Positive,"Highly recommend, works perfectly.",Yes,7
02-23-2022,R005396,S004,P0067,Clothing,East,C00533,2,Negative,Poor packaging and average product.,Yes,3
02-23-2022,R005498,S003,P0043,Groceries,South,C02652,2,Negative,"Not very satisfied, quality could improve.",Yes,12
02-23-2022,R005508,S002,P0188,Electronics,West,C02447,5,Positive,"Excellent quality, exceeded my expectations!",Yes,36
02-24-2022,R001022,S004,P0101,Furniture,West,C00354,5,Positive,"Absolutely love this product, will buy again.",Yes,32
02-24-2022,R002448,S003,P0157,Groceries,West,C02750,3,Neutral,Decent but could be better.,Yes,0
02-24-2022,R002792,S005,P0188,Electronics,South,C02776,4,Positive,Pretty happy with this purchase.,Yes,16
02-24-2022,R004358,S001,P0026,Groceries,West,C01996,5,Positive,"Highly recommend, works perfectly.",Yes,21
02-24-2022,R004507,S003,P0119,Electronics,South,C00994,4,Positive,"Solid product, does what it says.",No,12
02-24-2022,R005051,S004,P0070,Groceries,South,C02406,3,Neutral,"It's okay, met basic expectations.",Yes,7
02-24-2022,R005745,S005,P0035,Clothing,East,C01866,5,Positive,"Highly recommend, works perfectly.",Yes,45
02-25-2022,R000079,S002,P0007,Toys,East,C00755,4,Positive,"Good product overall, minor issues but satisfied.",Yes,10
02-25-2022,R000895,S005,P0168,Furniture,West,C00673,4,Positive,"Good product overall, minor issues but satisfied.",Yes,16
02-25-2022,R001632,S001,P0194,Furniture,West,C00859,3,Neutral,Fair quality for the price paid.,Yes,12
02-25-2022,R001677,S004,P0185,Clothing,North,C02007,3,Neutral,Decent but could be better.,Yes,10
02-25-2022,R001902,S001,P0052,Toys,North,C00158,4,Positive,"Good value, would recommend to others.",Yes,5
02-25-2022,R002213,S003,P0091,Electronics,West,C01079,3,Neutral,Fair quality for the price paid.,Yes,2
02-25-2022,R003137,S004,P0113,Clothing,West,C02623,4,Positive,Pretty happy with this purchase.,Yes,3
02-25-2022,R004404,S003,P0171,Furniture,South,C01803,4,Positive,"Solid product, does what it says.",No,0
02-25-2022,R005177,S002,P0142,Clothing,West,C00294,5,Positive,"Absolutely love this product, will buy again.",Yes,41
02-26-2022,R001197,S005,P0057,Furniture,West,C00136,5,Positive,"Highly recommend, works perfectly.",Yes,21
02-26-2022,R002307,S002,P0181,Toys,West,C01658,4,Positive,"Good product overall, minor issues but satisfied.",Yes,7
02-26-2022,R002543,S001,P0100,Electronics,West,C01121,5,Positive,"Absolutely love this product, will buy again.",Yes,50
02-26-2022,R002641,S001,P0167,Furniture,East,C01939,3,Neutral,Decent but could be better.,Yes,4
02-26-2022,R003030,S001,P0069,Toys,East,C00121,4,Positive,"Good product overall, minor issues but satisfied.",No,2
02-26-2022,R003571,S002,P0087,Toys,West,C01565,4,Positive,"Works well, decent quality for the price.",Yes,12
02-26-2022,R005204,S002,P0178,Toys,East,C02642,2,Negative,Poor packaging and average product.,Yes,18
02-26-2022,R005487,S002,P0095,Furniture,West,C01191,4,Positive,"Works well, decent quality for the price.",Yes,0
02-27-2022,R000595,S001,P0060,Electronics,South,C02485,5,Positive,Fast delivery and great value for money.,Yes,2
02-27-2022,R001160,S005,P0101,Furniture,West,C00433,3,Neutral,"It's okay, met basic expectations.",Yes,16
02-27-2022,R001251,S001,P0086,Furniture,East,C00900,3,Neutral,"Neutral experience, neither good nor bad.",Yes,3
02-27-2022,R001749,S004,P0061,Furniture,East,C00552,5,Positive,Best purchase I've made this year.,Yes,3
02-27-2022,R001887,S001,P0177,Clothing,South,C01495,5,Positive,Fast delivery and great value for money.,Yes,16
02-27-2022,R002285,S003,P0160,Groceries,South,C01057,4,Positive,Pretty happy with this purchase.,Yes,12
02-27-2022,R004485,S003,P0064,Electronics,East,C02104,2,Negative,"Below expectations, had some issues.",Yes,14
02-27-2022,R004540,S003,P0114,Groceries,South,C02165,5,Positive,Best purchase I've made this year.,No,34
02-27-2022,R005099,S001,P0069,Toys,South,C01055,5,Positive,Best purchase I've made this year.,Yes,47
02-27-2022,R005296,S005,P0173,Clothing,East,C01690,5,Positive,"Absolutely love this product, will buy again.",Yes,8
02-27-2022,R005782,S003,P0044,Clothing,East,C02189,1,Negative,"Very disappointed, product did not work.",Yes,45
02-28-2022,R000461,S001,P0143,Clothing,North,C00624,4,Positive,"Solid product, does what it says.",Yes,14
02-28-2022,R000560,S005,P0175,Clothing,North,C00040,5,Positive,Fast delivery and great value for money.,Yes,21
02-28-2022,R000937,S002,P0113,Clothing,South,C02423,5,Positive,Best purchase I've made this year.,Yes,12
02-28-2022,R001379,S005,P0174,Toys,North,C01440,3,Neutral,Decent but could be better.,Yes,18
02-28-2022,R002189,S004,P0073,Furniture,East,C02644,5,Positive,Fast delivery and great value for money.,No,47
02-28-2022,R002517,S004,P0172,Toys,West,C00343,3,Neutral,"Average product, nothing special.",Yes,2
02-28-2022,R002744,S002,P0038,Clothing,South,C01064,4,Positive,"Good product overall, minor issues but satisfied.",Yes,11
02-28-2022,R003753,S003,P0165,Furniture,West,C01451,4,Positive,"Works well, decent quality for the price.",Yes,6
02-28-2022,R004482,S002,P0113,Clothing,South,C02789,5,Positive,"Excellent quality, exceeded my expectations!",Yes,17
02-28-2022,R005272,S005,P0081,Furniture,West,C00862,5,Positive,"Excellent quality, exceeded my expectations!",Yes,1
02-28-2022,R005801,S001,P0071,Electronics,South,C02423,4,Positive,"Good product overall, minor issues but satisfied.",Yes,3
03-01-2022,R000674,S002,P0109,Electronics,East,C00991,5,Positive,"Excellent quality, exceeded my expectations!",No,22
03-01-2022,R000721,S001,P0097,Furniture,East,C02795,2,Negative,Disappointed with the product performance.,Yes,1
03-01-2022,R002871,S002,P0173,Clothing,West,C02544,3,Neutral,"Neutral experience, neither good nor bad.",No,8
03-01-2022,R003308,S002,P0093,Electronics,West,C01641,5,Positive,"Absolutely love this product, will buy again.",Yes,41
03-01-2022,R003421,S003,P0117,Toys,East,C01516,3,Neutral,"Neutral experience, neither good nor bad.",Yes,15
03-01-2022,R003520,S005,P0152,Clothing,North,C01599,4,Positive,Pretty happy with this purchase.,Yes,4
03-01-2022,R004435,S005,P0184,Groceries,East,C01217,5,Positive,"Highly recommend, works perfectly.",Yes,46
03-01-2022,R004803,S002,P0183,Toys,West,C01751,5,Positive,Fast delivery and great value for money.,Yes,11
03-01-2022,R005221,S001,P0069,Toys,North,C02017,5,Positive,"Absolutely love this product, will buy again.",Yes,22
03-01-2022,R005861,S002,P0120,Clothing,South,C02180,4,Positive,"Good product overall, minor issues but satisfied.",Yes,18
03-02-2022,R001050,S001,P0016,Furniture,North,C02370,5,Positive,"Excellent quality, exceeded my expectations!",No,22
03-02-2022,R001875,S001,P0124,Furniture,West,C01181,2,Negative,Disappointed with the product performance.,Yes,14
03-02-2022,R002626,S001,P0169,Toys,North,C00880,2,Negative,"Would not recommend, had problems.",No,18
03-02-2022,R004126,S001,P0085,Furniture,West,C02370,5,Positive,Best purchase I've made this year.,Yes,33
03-02-2022,R004271,S001,P0114,Groceries,West,C02334,5,Positive,Fast delivery and great value for money.,Yes,2
03-02-2022,R005830,S004,P0068,Clothing,East,C00202,4,Positive,"Works well, decent quality for the price.",Yes,13
03-03-2022,R000657,S004,P0060,Electronics,North,C00803,4,Positive,"Solid product, does what it says.",No,5
03-03-2022,R000805,S002,P0008,Electronics,East,C01562,3,Neutral,"It's okay, met basic expectations.",Yes,16
03-03-2022,R001449,S001,P0090,Groceries,South,C00011,5,Positive,"Highly recommend, works perfectly.",No,9
03-03-2022,R001837,S004,P0105,Groceries,West,C00135,1,Negative,"Product arrived damaged, very unhappy.",Yes,28
03-03-2022,R001927,S001,P0002,Clothing,North,C01235,5,Positive,Best purchase I've made this year.,Yes,34
03-03-2022,R001956,S001,P0040,Toys,East,C02968,5,Positive,"Absolutely love this product, will buy again.",Yes,22
03-03-2022,R004162,S004,P0035,Clothing,South,C02279,3,Neutral,"It's okay, met basic expectations.",Yes,17
03-03-2022,R004241,S002,P0185,Clothing,West,C02708,3,Neutral,"Average product, nothing special.",Yes,3
03-03-2022,R004598,S003,P0039,Groceries,West,C01440,2,Negative,"Not very satisfied, quality could improve.",Yes,7
03-03-2022,R004746,S001,P0123,Furniture,South,C02431,5,Positive,"Excellent quality, exceeded my expectations!",Yes,6
03-03-2022,R005133,S004,P0010,Toys,North,C00401,5,Positive,"Excellent quality, exceeded my expectations!",Yes,40
03-03-2022,R005444,S005,P0098,Toys,South,C00871,4,Positive,"Works well, decent quality for the price.",Yes,14
03-04-2022,R002021,S002,P0142,Clothing,North,C02291,3,Neutral,"Neutral experience, neither good nor bad.",Yes,17
03-04-2022,R002464,S001,P0044,Clothing,East,C01049,1,Negative,"Waste of money, poor quality.",No,1
03-04-2022,R003176,S001,P0182,Toys,North,C01801,2,Negative,"Would not recommend, had problems.",Yes,14
03-04-2022,R003358,S002,P0053,Groceries,South,C02144,3,Neutral,"Average product, nothing special.",Yes,4
03-04-2022,R003897,S002,P0171,Furniture,South,C02208,2,Negative,Poor packaging and average product.,Yes,13
03-04-2022,R004400,S003,P0134,Electronics,West,C02060,5,Positive,"Highly recommend, works perfectly.",Yes,49
03-04-2022,R005044,S004,P0052,Toys,North,C00172,3,Neutral,Decent but could be better.,Yes,10
03-04-2022,R005046,S003,P0002,Clothing,South,C00518,2,Negative,Disappointed with the product performance.,Yes,10
03-05-2022,R000016,S003,P0175,Clothing,North,C02295,3,Neutral,"Average product, nothing special.",Yes,6
03-05-2022,R002937,S003,P0084,Clothing,South,C02608,2,Negative,"Would not recommend, had problems.",Yes,2
03-05-2022,R004147,S001,P0156,Groceries,East,C02421,4,Positive,"Good value, would recommend to others.",Yes,5
03-05-2022,R004895,S003,P0081,Furniture,South,C00709,5,Positive,Fast delivery and great value for money.,Yes,19
03-05-2022,R005983,S002,P0161,Groceries,East,C00508,5,Positive,Fast delivery and great value for money.,No,43
03-06-2022,R000085,S005,P0087,Toys,South,C00179,5,Positive,"Highly recommend, works perfectly.",Yes,45
03-06-2022,R000656,S004,P0137,Furniture,North,C01924,5,Positive,Best purchase I've made this year.,Yes,43
03-06-2022,R001464,S004,P0027,Toys,East,C01616,4,Positive,"Solid product, does what it says.",Yes,20
03-06-2022,R001807,S003,P0164,Groceries,East,C02479,1,Negative,"Worst purchase, do not recommend.",No,3
03-06-2022,R002272,S002,P0031,Toys,East,C01758,2,Negative,"Below expectations, had some issues.",Yes,8
03-06-2022,R003104,S005,P0072,Groceries,North,C01373,5,Positive,"Absolutely love this product, will buy again.",Yes,29
03-06-2022,R003269,S002,P0075,Furniture,West,C01202,4,Positive,"Good value, would recommend to others.",Yes,2
03-06-2022,R004004,S001,P0102,Toys,North,C01950,5,Positive,"Absolutely love this product, will buy again.",Yes,21
03-06-2022,R004373,S002,P0156,Groceries,East,C02757,3,Neutral,Decent but could be better.,Yes,17
03-06-2022,R004524,S003,P0052,Toys,South,C02432,5,Positive,Best purchase I've made this year.,Yes,30
03-06-2022,R004551,S005,P0140,Toys,North,C00227,4,Positive,"Solid product, does what it says.",Yes,2
03-06-2022,R005392,S003,P0064,Electronics,North,C01665,4,Positive,"Good value, would recommend to others.",Yes,3
03-07-2022,R000602,S001,P0031,Toys,South,C00931,2,Negative,"Not very satisfied, quality could improve.",Yes,19
03-07-2022,R000979,S005,P0136,Electronics,West,C02354,5,Positive,"Excellent quality, exceeded my expectations!",Yes,38
03-07-2022,R001186,S005,P0182,Toys,West,C02488,3,Neutral,Fair quality for the price paid.,Yes,1
03-07-2022,R001645,S004,P0153,Furniture,South,C01993,5,Positive,"Absolutely love this product, will buy again.",Yes,18
03-07-2022,R001668,S001,P0169,Toys,West,C00828,3,Neutral,Fair quality for the price paid.,No,20
03-07-2022,R003110,S005,P0129,Groceries,West,C00425,4,Positive,"Works well, decent quality for the price.",Yes,5
03-07-2022,R005539,S005,P0122,Furniture,East,C00917,4,Positive,"Works well, decent quality for the price.",No,18
03-08-2022,R001672,S004,P0050,Toys,North,C01762,5,Positive,"Excellent quality, exceeded my expectations!",No,25
03-08-2022,R002193,S004,P0118,Clothing,East,C01241,5,Positive,"Excellent quality, exceeded my expectations!",Yes,6
03-08-2022,R003713,S004,P0117,Toys,West,C01864,5,Positive,"Highly recommend, works perfectly.",Yes,31
03-09-2022,R000297,S003,P0023,Groceries,East,C01157,5,Positive,Best purchase I've made this year.,Yes,29
03-09-2022,R000798,S004,P0139,Clothing,North,C01657,5,Positive,"Excellent quality, exceeded my expectations!",Yes,31
03-09-2022,R000833,S002,P0171,Furniture,East,C00626,3,Neutral,"Neutral experience, neither good nor bad.",No,9
03-09-2022,R002754,S001,P0022,Toys,South,C00892,1,Negative,"Worst purchase, do not recommend.",Yes,11
03-09-2022,R004374,S005,P0199,Electronics,North,C00109,5,Positive,"Absolutely love this product, will buy again.",Yes,29
03-09-2022,R004683,S004,P0047,Groceries,South,C02573,4,Positive,"Works well, decent quality for the price.",Yes,4
03-09-2022,R004713,S001,P0163,Furniture,West,C00554,4,Positive,"Good product overall, minor issues but satisfied.",Yes,12
03-10-2022,R000991,S003,P0096,Groceries,North,C01540,4,Positive,Pretty happy with this purchase.,No,11
03-10-2022,R003299,S001,P0151,Toys,North,C01449,4,Positive,"Good value, would recommend to others.",Yes,3
03-11-2022,R000603,S004,P0190,Toys,West,C02622,5,Positive,Best purchase I've made this year.,Yes,30
03-11-2022,R002093,S005,P0166,Furniture,South,C02202,4,Positive,"Good value, would recommend to others.",Yes,18
03-11-2022,R002361,S003,P0108,Furniture,West,C02826,4,Positive,Pretty happy with this purchase.,Yes,7
03-11-2022,R004118,S005,P0070,Groceries,East,C02782,5,Positive,"Highly recommend, works perfectly.",Yes,7
03-11-2022,R004215,S003,P0092,Electronics,South,C01220,1,Negative,"Terrible experience, would not buy again.",Yes,43
03-11-2022,R004712,S003,P0139,Clothing,South,C00912,1,Negative,"Waste of money, poor quality.",Yes,28
03-11-2022,R005166,S001,P0008,Electronics,North,C02650,4,Positive,"Solid product, does what it says.",Yes,6
03-11-2022,R005249,S004,P0113,Clothing,South,C00619,5,Positive,Best purchase I've made this year.,No,29
03-12-2022,R001044,S002,P0100,Electronics,North,C02159,5,Positive,Fast delivery and great value for money.,Yes,23
03-12-2022,R001679,S001,P0026,Groceries,South,C02847,5,Positive,Fast delivery and great value for money.,Yes,15
03-12-2022,R002163,S002,P0190,Toys,West,C01299,4,Positive,"Solid product, does what it says.",Yes,10
03-12-2022,R002862,S003,P0136,Electronics,West,C01077,5,Positive,Fast delivery and great value for money.,No,14
03-12-2022,R003202,S002,P0027,Toys,West,C01637,3,Neutral,"Average product, nothing special.",Yes,19
03-12-2022,R005267,S005,P0178,Toys,South,C01439,4,Positive,"Works well, decent quality for the price.",No,15
03-13-2022,R000045,S005,P0138,Clothing,West,C01941,3,Neutral,"Average product, nothing special.",Yes,2
03-13-2022,R001195,S004,P0168,Furniture,South,C02793,4,Positive,"Works well, decent quality for the price.",Yes,13
03-13-2022,R001507,S002,P0150,Electronics,East,C00232,4,Positive,"Good value, would recommend to others.",Yes,17
03-13-2022,R001623,S003,P0067,Clothing,West,C00117,4,Positive,"Good product overall, minor issues but satisfied.",Yes,3
03-13-2022,R003258,S005,P0053,Groceries,East,C01859,3,Neutral,Fair quality for the price paid.,Yes,15
03-13-2022,R003474,S002,P0037,Furniture,East,C00983,2,Negative,Poor packaging and average product.,Yes,3
03-13-2022,R003612,S003,P0066,Clothing,North,C01664,4,Positive,"Good value, would recommend to others.",Yes,10
03-13-2022,R005104,S002,P0085,Furniture,North,C02609,5,Positive,"Excellent quality, exceeded my expectations!",Yes,8
03-13-2022,R005181,S002,P0160,Groceries,South,C01711,5,Positive,"Absolutely love this product, will buy again.",No,35
03-13-2022,R005315,S001,P0182,Toys,East,C00005,3,Neutral,"Neutral experience, neither good nor bad.",Yes,18
03-13-2022,R005940,S001,P0166,Furniture,South,C02406,4,Positive,Pretty happy with this purchase.,Yes,9
03-14-2022,R000035,S003,P0111,Furniture,East,C02073,5,Positive,Best purchase I've made this year.,Yes,18
03-14-2022,R000500,S003,P0087,Toys,North,C00031,4,Positive,"Works well, decent quality for the price.",Yes,11
03-14-2022,R000994,S001,P0197,Electronics,West,C01932,4,Positive,"Works well, decent quality for the price.",Yes,15
03-14-2022,R002405,S005,P0110,Toys,North,C00323,2,Negative,Disappointed with the product performance.,Yes,5
03-14-2022,R003350,S004,P0102,Toys,North,C02665,3,Neutral,"It's okay, met basic expectations.",Yes,19
03-14-2022,R004201,S003,P0087,Toys,South,C01268,2,Negative,Poor packaging and average product.,Yes,0
03-14-2022,R004492,S001,P0092,Electronics,West,C00601,4,Positive,"Works well, decent quality for the price.",Yes,14
03-14-2022,R005312,S001,P0132,Furniture,North,C00661,4,Positive,"Good value, would recommend to others.",Yes,14
03-14-2022,R005928,S003,P0054,Toys,South,C00323,2,Negative,Disappointed with the product performance.,Yes,10
03-15-2022,R000324,S001,P0132,Furniture,North,C01797,2,Negative,"Not very satisfied, quality could improve.",Yes,5
03-15-2022,R000489,S004,P0148,Clothing,East,C01863,4,Positive,"Solid product, does what it says.",Yes,19
03-15-2022,R001392,S005,P0011,Groceries,East,C01219,5,Positive,Fast delivery and great value for money.,Yes,34
03-15-2022,R001883,S005,P0063,Furniture,East,C01046,4,Positive,"Good value, would recommend to others.",Yes,8
03-15-2022,R002167,S004,P0089,Groceries,South,C01448,4,Positive,"Works well, decent quality for the price.",Yes,13
03-15-2022,R002571,S002,P0157,Groceries,North,C02544,1,Negative,"Product arrived damaged, very unhappy.",Yes,11
03-15-2022,R004285,S002,P0200,Furniture,West,C01753,5,Positive,"Excellent quality, exceeded my expectations!",Yes,45
03-15-2022,R004516,S004,P0181,Toys,North,C01972,2,Negative,"Below expectations, had some issues.",Yes,18
03-15-2022,R005457,S004,P0034,Groceries,North,C01648,3,Neutral,Decent but could be better.,Yes,2
03-15-2022,R005965,S001,P0113,Clothing,West,C00913,3,Neutral,"It's okay, met basic expectations.",Yes,14
03-16-2022,R000384,S003,P0181,Toys,East,C00283,5,Positive,Fast delivery and great value for money.,No,12
03-16-2022,R000427,S003,P0126,Clothing,South,C00381,5,Positive,Best purchase I've made this year.,Yes,17
03-16-2022,R001097,S002,P0127,Furniture,West,C02729,2,Negative,Poor packaging and average product.,Yes,5
03-16-2022,R001981,S003,P0092,Electronics,East,C01571,5,Positive,"Highly recommend, works perfectly.",Yes,0
03-16-2022,R002370,S001,P0081,Furniture,South,C01026,4,Positive,"Works well, decent quality for the price.",Yes,14
03-16-2022,R003407,S005,P0181,Toys,North,C02105,2,Negative,"Would not recommend, had problems.",Yes,1
03-16-2022,R005157,S005,P0136,Electronics,South,C00525,5,Positive,"Highly recommend, works perfectly.",Yes,6
03-17-2022,R001139,S001,P0142,Clothing,West,C00156,5,Positive,"Absolutely love this product, will buy again.",No,50
03-17-2022,R001517,S001,P0007,Toys,West,C01415,2,Negative,Disappointed with the product performance.,Yes,6
03-17-2022,R001835,S002,P0187,Toys,South,C00510,5,Positive,"Highly recommend, works perfectly.",Yes,2
03-17-2022,R002279,S005,P0052,Toys,North,C00954,3,Neutral,Fair quality for the price paid.,No,5
03-17-2022,R002833,S004,P0109,Electronics,West,C02246,5,Positive,"Highly recommend, works perfectly.",Yes,14
03-17-2022,R003470,S004,P0079,Toys,South,C00663,3,Neutral,Decent but could be better.,Yes,12
03-17-2022,R003542,S003,P0118,Clothing,North,C01168,4,Positive,"Solid product, does what it says.",Yes,13
03-17-2022,R003826,S001,P0172,Toys,East,C02209,1,Negative,"Product arrived damaged, very unhappy.",Yes,0
03-17-2022,R005463,S003,P0143,Clothing,East,C00225,2,Negative,"Not very satisfied, quality could improve.",Yes,5
03-18-2022,R001046,S004,P0020,Groceries,East,C02050,2,Negative,Disappointed with the product performance.,Yes,0
03-18-2022,R001954,S004,P0007,Toys,East,C00091,1,Negative,"Worst purchase, do not recommend.",Yes,50
03-18-2022,R003317,S001,P0075,Furniture,South,C00534,3,Neutral,"Average product, nothing special.",Yes,13
03-18-2022,R003623,S002,P0039,Groceries,South,C01734,3,Neutral,"Average product, nothing special.",Yes,1
03-18-2022,R004070,S003,P0181,Toys,North,C00146,2,Negative,"Would not recommend, had problems.",Yes,20
03-18-2022,R004648,S005,P0122,Furniture,South,C02395,5,Positive,"Excellent quality, exceeded my expectations!",Yes,14
03-18-2022,R005634,S001,P0165,Furniture,South,C02891,1,Negative,"Product arrived damaged, very unhappy.",Yes,12
03-19-2022,R000974,S001,P0044,Clothing,North,C02309,5,Positive,"Absolutely love this product, will buy again.",No,24
03-19-2022,R001113,S001,P0022,Toys,East,C00934,3,Neutral,Decent but could be better.,Yes,10
03-19-2022,R001969,S005,P0070,Groceries,South,C02129,5,Positive,Fast delivery and great value for money.,Yes,16
03-19-2022,R002916,S005,P0006,Groceries,West,C00074,3,Neutral,"Average product, nothing special.",Yes,7
03-19-2022,R002954,S004,P0130,Electronics,North,C02974,1,Negative,"Very disappointed, product did not work.",Yes,17
03-19-2022,R003324,S002,P0030,Furniture,East,C02695,4,Positive,"Solid product, does what it says.",Yes,14
03-19-2022,R003438,S005,P0131,Clothing,North,C00537,1,Negative,"Waste of money, poor quality.",Yes,35
03-19-2022,R003553,S005,P0185,Clothing,East,C00139,4,Positive,"Works well, decent quality for the price.",Yes,16
03-19-2022,R003757,S005,P0074,Electronics,West,C01156,2,Negative,"Would not recommend, had problems.",No,1
03-19-2022,R004610,S004,P0172,Toys,North,C01861,4,Positive,"Works well, decent quality for the price.",No,8
03-19-2022,R005034,S005,P0017,Toys,West,C02314,3,Neutral,"Neutral experience, neither good nor bad.",Yes,13
03-19-2022,R005694,S003,P0039,Groceries,North,C00637,3,Neutral,Fair quality for the price paid.,Yes,2
03-20-2022,R001153,S005,P0152,Clothing,West,C01403,4,Positive,"Solid product, does what it says.",Yes,4
03-20-2022,R001639,S005,P0134,Electronics,North,C00496,3,Neutral,"Neutral experience, neither good nor bad.",Yes,11
03-20-2022,R001658,S002,P0153,Furniture,West,C02753,5,Positive,Fast delivery and great value for money.,Yes,32
03-20-2022,R003056,S001,P0175,Clothing,West,C01403,4,Positive,"Good value, would recommend to others.",Yes,15
03-20-2022,R003509,S001,P0054,Toys,West,C02240,2,Negative,"Below expectations, had some issues.",Yes,8
03-20-2022,R004891,S002,P0133,Groceries,East,C00198,5,Positive,Fast delivery and great value for money.,Yes,45
03-20-2022,R005016,S002,P0100,Electronics,West,C02352,4,Positive,"Good product overall, minor issues but satisfied.",Yes,14
03-21-2022,R001247,S005,P0198,Groceries,West,C02809,5,Positive,"Excellent quality, exceeded my expectations!",No,48
03-21-2022,R001697,S002,P0060,Electronics,West,C02714,4,Positive,"Good value, would recommend to others.",Yes,20
03-21-2022,R002262,S005,P0076,Electronics,South,C02058,3,Neutral,Decent but could be better.,Yes,3
03-21-2022,R003169,S002,P0030,Furniture,East,C00051,3,Neutral,Fair quality for the price paid.,Yes,20
03-21-2022,R003177,S005,P0075,Furniture,West,C02190,4,Positive,"Solid product, does what it says.",Yes,19
03-21-2022,R003384,S001,P0153,Furniture,South,C02305,3,Neutral,"Average product, nothing special.",Yes,20
03-21-2022,R003743,S001,P0057,Furniture,West,C00504,1,Negative,"Waste of money, poor quality.",Yes,22
03-21-2022,R004436,S002,P0171,Furniture,West,C00271,3,Neutral,Decent but could be better.,Yes,4
03-22-2022,R000482,S003,P0006,Groceries,West,C00895,5,Positive,Fast delivery and great value for money.,Yes,40
03-22-2022,R000896,S005,P0111,Furniture,East,C01398,5,Positive,"Highly recommend, works perfectly.",Yes,19
03-22-2022,R002570,S005,P0167,Furniture,North,C02288,4,Positive,"Good product overall, minor issues but satisfied.",Yes,12
03-22-2022,R004281,S001,P0078,Toys,North,C01111,3,Neutral,"Average product, nothing special.",Yes,4
03-22-2022,R004629,S001,P0095,Furniture,West,C01110,1,Negative,"Waste of money, poor quality.",No,36
03-23-2022,R000203,S004,P0080,Groceries,South,C01993,3,Neutral,"It's okay, met basic expectations.",Yes,10
03-23-2022,R001770,S002,P0138,Clothing,East,C01306,3,Neutral,Fair quality for the price paid.,Yes,9
03-23-2022,R001813,S004,P0094,Groceries,West,C02651,5,Positive,"Highly recommend, works perfectly.",Yes,1
03-23-2022,R002215,S005,P0133,Groceries,North,C00125,5,Positive,Fast delivery and great value for money.,Yes,1
03-23-2022,R002720,S003,P0078,Toys,East,C00241,5,Positive,"Excellent quality, exceeded my expectations!",Yes,6
03-23-2022,R003344,S003,P0180,Groceries,East,C00779,4,Positive,"Solid product, does what it says.",Yes,16
03-23-2022,R004419,S002,P0157,Groceries,North,C00768,5,Positive,Fast delivery and great value for money.,Yes,27
03-23-2022,R004596,S002,P0113,Clothing,East,C00624,4,Positive,"Good value, would recommend to others.",Yes,1
03-23-2022,R005786,S003,P0074,Electronics,West,C02568,3,Neutral,"It's okay, met basic expectations.",Yes,11
03-23-2022,R005894,S002,P0127,Furniture,West,C02685,3,Neutral,Decent but could be better.,Yes,19
03-24-2022,R000152,S004,P0179,Electronics,West,C00390,4,Positive,Pretty happy with this purchase.,Yes,12
03-24-2022,R000554,S005,P0116,Furniture,North,C02711,5,Positive,"Highly recommend, works perfectly.",Yes,9
03-24-2022,R000980,S001,P0198,Groceries,South,C01725,5,Positive,"Highly recommend, works perfectly.",Yes,21
03-24-2022,R001689,S005,P0150,Electronics,North,C00196,4,Positive,"Works well, decent quality for the price.",Yes,2
03-24-2022,R002810,S004,P0048,Clothing,South,C00319,4,Positive,Pretty happy with this purchase.,Yes,13
03-24-2022,R003004,S002,P0190,Toys,North,C00371,3,Neutral,Fair quality for the price paid.,Yes,8
03-24-2022,R005058,S001,P0036,Electronics,North,C00478,3,Neutral,"Average product, nothing special.",Yes,3
03-24-2022,R005671,S003,P0051,Groceries,South,C02057,3,Neutral,Decent but could be better.,Yes,16
03-25-2022,R000763,S001,P0158,Electronics,North,C02401,3,Neutral,Decent but could be better.,Yes,2
03-25-2022,R001763,S004,P0059,Furniture,East,C02163,2,Negative,"Below expectations, had some issues.",Yes,17
03-25-2022,R001844,S003,P0051,Groceries,North,C01873,4,Positive,"Works well, decent quality for the price.",Yes,9
03-25-2022,R002478,S004,P0075,Furniture,North,C00476,4,Positive,Pretty happy with this purchase.,Yes,5
03-25-2022,R002736,S004,P0073,Furniture,North,C01335,4,Positive,"Good product overall, minor issues but satisfied.",Yes,16
03-25-2022,R002880,S001,P0106,Furniture,North,C01364,4,Positive,Pretty happy with this purchase.,Yes,13
03-25-2022,R003580,S001,P0027,Toys,North,C02840,5,Positive,Best purchase I've made this year.,Yes,21
03-25-2022,R003698,S001,P0112,Electronics,West,C01544,3,Neutral,"Average product, nothing special.",Yes,7
03-25-2022,R005151,S001,P0068,Clothing,East,C02634,4,Positive,"Good product overall, minor issues but satisfied.",Yes,3
03-25-2022,R005494,S002,P0090,Groceries,South,C02130,4,Positive,"Good value, would recommend to others.",Yes,2
03-26-2022,R002655,S004,P0023,Groceries,North,C00349,5,Positive,"Highly recommend, works perfectly.",Yes,44
03-26-2022,R002974,S001,P0178,Toys,South,C01867,5,Positive,Fast delivery and great value for money.,No,38
03-26-2022,R004972,S005,P0177,Clothing,South,C01485,3,Neutral,Decent but could be better.,Yes,15
03-26-2022,R005009,S004,P0121,Clothing,North,C02492,3,Neutral,"It's okay, met basic expectations.",Yes,3
03-26-2022,R005269,S003,P0133,Groceries,West,C00509,3,Neutral,"Average product, nothing special.",Yes,17
03-26-2022,R005588,S003,P0085,Furniture,South,C01405,5,Positive,Fast delivery and great value for money.,Yes,10
03-26-2022,R005755,S002,P0182,Toys,South,C00389,5,Positive,Best purchase I've made this year.,Yes,6
03-27-2022,R000219,S001,P0014,Toys,West,C01995,4,Positive,"Good value, would recommend to others.",No,2
03-27-2022,R000315,S003,P0190,Toys,South,C01779,5,Positive,Best purchase I've made this year.,Yes,50
03-27-2022,R000944,S005,P0174,Toys,North,C01547,4,Positive,"Good value, would recommend to others.",Yes,19
03-27-2022,R002334,S005,P0124,Furniture,East,C01545,4,Positive,"Works well, decent quality for the price.",Yes,14
03-27-2022,R002843,S002,P0007,Toys,South,C00488,5,Positive,Fast delivery and great value for money.,Yes,19
03-27-2022,R003033,S003,P0062,Groceries,East,C00992,5,Positive,"Highly recommend, works perfectly.",Yes,32
03-27-2022,R003589,S005,P0166,Furniture,East,C02534,4,Positive,"Good product overall, minor issues but satisfied.",Yes,4
03-27-2022,R004191,S002,P0003,Furniture,East,C02974,2,Negative,"Not very satisfied, quality could improve.",Yes,17
03-27-2022,R004762,S003,P0141,Clothing,East,C01822,5,Positive,Best purchase I've made this year.,Yes,38
03-28-2022,R000899,S005,P0098,Toys,South,C01392,4,Positive,"Good value, would recommend to others.",No,7
03-28-2022,R001577,S005,P0190,Toys,East,C01234,3,Neutral,"Average product, nothing special.",Yes,6
03-28-2022,R002624,S002,P0003,Furniture,South,C00272,5,Positive,"Highly recommend, works perfectly.",Yes,40
03-28-2022,R003364,S005,P0062,Groceries,West,C01260,2,Negative,"Below expectations, had some issues.",No,18
03-28-2022,R003562,S002,P0039,Groceries,East,C01538,4,Positive,"Solid product, does what it says.",Yes,9
03-28-2022,R003765,S005,P0007,Toys,West,C01434,2,Negative,Disappointed with the product performance.,Yes,0
03-28-2022,R003877,S001,P0164,Groceries,East,C00377,5,Positive,Best purchase I've made this year.,Yes,44
03-28-2022,R004904,S003,P0186,Groceries,East,C02412,4,Positive,Pretty happy with this purchase.,Yes,19
03-28-2022,R005385,S004,P0024,Toys,North,C01481,5,Positive,Best purchase I've made this year.,Yes,16
03-28-2022,R005472,S002,P0082,Clothing,South,C01486,5,Positive,"Highly recommend, works perfectly.",No,28
03-28-2022,R005749,S004,P0005,Toys,South,C01841,4,Positive,"Good value, would recommend to others.",Yes,2
03-29-2022,R002516,S002,P0080,Groceries,South,C01841,5,Positive,Fast delivery and great value for money.,No,43
03-29-2022,R003347,S004,P0054,Toys,East,C01097,1,Negative,"Worst purchase, do not recommend.",No,39
03-29-2022,R003516,S003,P0085,Furniture,West,C00989,4,Positive,"Good value, would recommend to others.",Yes,13
03-29-2022,R003755,S004,P0161,Groceries,East,C01884,5,Positive,Fast delivery and great value for money.,No,26
03-29-2022,R004915,S001,P0049,Electronics,East,C01615,2,Negative,Disappointed with the product performance.,Yes,10
03-29-2022,R005573,S001,P0161,Groceries,West,C00636,4,Positive,"Works well, decent quality for the price.",Yes,11
03-30-2022,R000153,S004,P0166,Furniture,West,C01079,4,Positive,Pretty happy with this purchase.,Yes,17
03-30-2022,R000389,S005,P0009,Groceries,West,C01329,4,Positive,"Solid product, does what it says.",Yes,14
03-30-2022,R001930,S002,P0164,Groceries,North,C01575,5,Positive,"Absolutely love this product, will buy again.",Yes,8
03-30-2022,R003622,S002,P0129,Groceries,West,C02071,4,Positive,"Works well, decent quality for the price.",Yes,7
03-30-2022,R003954,S005,P0166,Furniture,South,C00259,5,Positive,Fast delivery and great value for money.,Yes,39
03-30-2022,R004094,S003,P0181,Toys,East,C01308,4,Positive,"Good product overall, minor issues but satisfied.",Yes,20
03-30-2022,R005893,S003,P0153,Furniture,East,C02316,5,Positive,"Excellent quality, exceeded my expectations!",Yes,46
03-31-2022,R000191,S001,P0103,Toys,North,C01633,4,Positive,"Good product overall, minor issues but satisfied.",Yes,0
03-31-2022,R000287,S002,P0044,Clothing,South,C01191,4,Positive,"Good product overall, minor issues but satisfied.",Yes,11
03-31-2022,R000646,S005,P0199,Electronics,East,C00466,5,Positive,Fast delivery and great value for money.,Yes,27
03-31-2022,R000731,S002,P0113,Clothing,South,C00242,4,Positive,"Good product overall, minor issues but satisfied.",Yes,7
03-31-2022,R000963,S005,P0009,Groceries,East,C02537,5,Positive,"Absolutely love this product, will buy again.",Yes,39
03-31-2022,R001140,S003,P0040,Toys,West,C00355,5,Positive,"Absolutely love this product, will buy again.",Yes,19
03-31-2022,R001427,S003,P0176,Furniture,North,C00008,4,Positive,"Works well, decent quality for the price.",Yes,12
03-31-2022,R001450,S001,P0128,Furniture,North,C01766,3,Neutral,"Neutral experience, neither good nor bad.",Yes,7
03-31-2022,R002500,S004,P0129,Groceries,North,C01014,4,Positive,"Works well, decent quality for the price.",Yes,13
03-31-2022,R002869,S005,P0066,Clothing,North,C00400,1,Negative,"Product arrived damaged, very unhappy.",No,19
03-31-2022,R003962,S002,P0096,Groceries,South,C02417,5,Positive,Fast delivery and great value for money.,Yes,23
03-31-2022,R005237,S005,P0076,Electronics,South,C00749,2,Negative,"Not very satisfied, quality could improve.",Yes,11
04-01-2022,R000028,S003,P0022,Toys,East,C01859,5,Positive,"Excellent quality, exceeded my expectations!",Yes,35
04-01-2022,R000571,S002,P0039,Groceries,North,C01430,5,Positive,"Highly recommend, works perfectly.",Yes,26
04-01-2022,R000765,S001,P0007,Toys,East,C00371,4,Positive,"Good product overall, minor issues but satisfied.",Yes,19
04-01-2022,R001080,S001,P0152,Clothing,East,C02776,5,Positive,Fast delivery and great value for money.,No,50
04-01-2022,R001538,S004,P0063,Furniture,West,C01940,5,Positive,Fast delivery and great value for money.,No,5
04-01-2022,R001975,S004,P0184,Groceries,East,C02239,2,Negative,Poor packaging and average product.,Yes,3
04-01-2022,R002012,S001,P0015,Furniture,West,C01021,5,Positive,"Excellent quality, exceeded my expectations!",No,26
04-01-2022,R002210,S001,P0194,Furniture,South,C01076,4,Positive,"Solid product, does what it says.",Yes,13
04-01-2022,R003705,S002,P0151,Toys,South,C01404,5,Positive,"Highly recommend, works perfectly.",No,36
04-01-2022,R004059,S004,P0020,Groceries,East,C02907,4,Positive,"Works well, decent quality for the price.",Yes,11
04-01-2022,R004204,S004,P0004,Toys,East,C02154,5,Positive,Best purchase I've made this year.,Yes,23
04-01-2022,R004293,S003,P0104,Electronics,West,C01862,5,Positive,"Absolutely love this product, will buy again.",Yes,13
04-01-2022,R005423,S001,P0129,Groceries,South,C00664,4,Positive,"Good value, would recommend to others.",Yes,19
04-02-2022,R000027,S003,P0015,Furniture,East,C01102,4,Positive,"Good product overall, minor issues but satisfied.",No,20
04-02-2022,R000106,S005,P0160,Groceries,South,C00598,3,Neutral,"It's okay, met basic expectations.",Yes,5
04-02-2022,R000522,S002,P0056,Clothing,South,C02926,3,Neutral,"Average product, nothing special.",Yes,3
04-02-2022,R002017,S004,P0161,Groceries,West,C02956,5,Positive,"Absolutely love this product, will buy again.",Yes,3
04-02-2022,R003155,S004,P0090,Groceries,South,C02836,4,Positive,"Solid product, does what it says.",Yes,0
04-02-2022,R004052,S003,P0066,Clothing,North,C02974,5,Positive,"Excellent quality, exceeded my expectations!",Yes,1
04-02-2022,R004473,S002,P0100,Electronics,South,C01757,1,Negative,"Product arrived damaged, very unhappy.",Yes,1
04-02-2022,R004986,S003,P0196,Electronics,South,C02104,5,Positive,"Highly recommend, works perfectly.",Yes,35
04-02-2022,R005005,S003,P0091,Electronics,East,C01503,4,Positive,Pretty happy with this purchase.,No,5
04-03-2022,R000878,S004,P0005,Toys,South,C02031,3,Neutral,"Neutral experience, neither good nor bad.",Yes,18
04-03-2022,R001921,S004,P0061,Furniture,East,C00698,2,Negative,"Not very satisfied, quality could improve.",Yes,3
04-03-2022,R002472,S001,P0195,Clothing,West,C01347,5,Positive,Best purchase I've made this year.,No,17
04-03-2022,R002594,S005,P0053,Groceries,North,C01139,3,Neutral,"Average product, nothing special.",Yes,17
04-03-2022,R003151,S005,P0104,Electronics,North,C00018,4,Positive,"Good product overall, minor issues but satisfied.",Yes,11
04-03-2022,R003935,S001,P0142,Clothing,West,C00293,2,Negative,"Not very satisfied, quality could improve.",No,14
04-03-2022,R004263,S004,P0139,Clothing,West,C02912,5,Positive,"Absolutely love this product, will buy again.",Yes,38
04-03-2022,R004785,S004,P0143,Clothing,South,C01339,5,Positive,"Absolutely love this product, will buy again.",Yes,22
04-03-2022,R004836,S003,P0090,Groceries,West,C00104,2,Negative,Poor packaging and average product.,Yes,12
04-03-2022,R005103,S004,P0138,Clothing,South,C01614,5,Positive,"Excellent quality, exceeded my expectations!",Yes,2
04-03-2022,R005186,S005,P0071,Electronics,North,C02882,3,Neutral,"It's okay, met basic expectations.",No,14
04-03-2022,R005525,S001,P0127,Furniture,East,C00061,3,Neutral,"Average product, nothing special.",Yes,14
04-04-2022,R000039,S003,P0023,Groceries,East,C01614,4,Positive,"Good product overall, minor issues but satisfied.",Yes,9
04-04-2022,R000115,S004,P0130,Electronics,West,C00337,5,Positive,"Absolutely love this product, will buy again.",No,20
04-04-2022,R000149,S005,P0074,Electronics,East,C00828,4,Positive,"Solid product, does what it says.",Yes,1
04-04-2022,R000401,S005,P0163,Furniture,North,C00526,2,Negative,"Below expectations, had some issues.",Yes,9
04-04-2022,R001682,S002,P0192,Clothing,North,C02107,3,Neutral,Fair quality for the price paid.,No,13
04-04-2022,R001859,S002,P0148,Clothing,West,C00343,2,Negative,"Below expectations, had some issues.",Yes,14
04-04-2022,R002363,S004,P0041,Groceries,West,C01886,4,Positive,"Good product overall, minor issues but satisfied.",Yes,13
04-04-2022,R002812,S001,P0195,Clothing,South,C02409,5,Positive,"Excellent quality, exceeded my expectations!",No,5
04-04-2022,R002814,S005,P0001,Electronics,West,C01012,5,Positive,Best purchase I've made this year.,Yes,13
04-04-2022,R002819,S005,P0186,Groceries,North,C01545,5,Positive,"Absolutely love this product, will buy again.",Yes,42
04-04-2022,R003153,S002,P0132,Furniture,West,C00836,4,Positive,"Good value, would recommend to others.",Yes,9
04-04-2022,R003235,S004,P0180,Groceries,West,C00698,5,Positive,"Highly recommend, works perfectly.",Yes,33
04-04-2022,R003838,S001,P0011,Groceries,West,C01520,4,Positive,"Good product overall, minor issues but satisfied.",Yes,19
04-04-2022,R005226,S002,P0141,Clothing,South,C00969,2,Negative,"Below expectations, had some issues.",Yes,2
04-04-2022,R005606,S004,P0116,Furniture,North,C00585,4,Positive,"Solid product, does what it says.",No,18
04-05-2022,R000214,S002,P0180,Groceries,South,C01471,4,Positive,"Solid product, does what it says.",Yes,16
04-05-2022,R000274,S002,P0093,Electronics,South,C01273,4,Positive,"Good product overall, minor issues but satisfied.",Yes,3
04-05-2022,R001832,S004,P0021,Furniture,East,C01519,4,Positive,"Solid product, does what it says.",Yes,15
04-05-2022,R003707,S004,P0051,Groceries,North,C00025,3,Neutral,"It's okay, met basic expectations.",Yes,15
04-05-2022,R003843,S002,P0124,Furniture,South,C02722,3,Neutral,Fair quality for the price paid.,Yes,19
04-05-2022,R004232,S002,P0094,Groceries,East,C02155,3,Neutral,Decent but could be better.,Yes,20
04-06-2022,R000816,S003,P0103,Toys,East,C00028,5,Positive,"Excellent quality, exceeded my expectations!",Yes,42
04-06-2022,R003643,S002,P0173,Clothing,North,C01639,3,Neutral,Decent but could be better.,Yes,1
04-06-2022,R004084,S005,P0103,Toys,South,C02952,4,Positive,"Good product overall, minor issues but satisfied.",No,0
04-06-2022,R004333,S005,P0032,Clothing,West,C02946,3,Neutral,Fair quality for the price paid.,Yes,8
04-06-2022,R005652,S003,P0020,Groceries,South,C00604,5,Positive,"Excellent quality, exceeded my expectations!",Yes,44
04-06-2022,R005818,S003,P0054,Toys,South,C02930,3,Neutral,"It's okay, met basic expectations.",Yes,18
04-06-2022,R005910,S001,P0041,Groceries,South,C01253,4,Positive,"Good value, would recommend to others.",Yes,4
04-07-2022,R002259,S001,P0111,Furniture,South,C01852,5,Positive,Best purchase I've made this year.,Yes,10
04-07-2022,R002809,S001,P0116,Furniture,East,C00194,4,Positive,Pretty happy with this purchase.,Yes,6
04-07-2022,R003419,S004,P0092,Electronics,East,C01669,3,Neutral,Fair quality for the price paid.,Yes,20
04-07-2022,R004009,S005,P0200,Furniture,West,C02790,4,Positive,"Good product overall, minor issues but satisfied.",No,15
04-08-2022,R000660,S003,P0098,Toys,West,C02043,1,Negative,"Waste of money, poor quality.",Yes,21
04-08-2022,R001296,S005,P0140,Toys,East,C01307,4,Positive,"Works well, decent quality for the price.",Yes,10
04-08-2022,R001530,S001,P0004,Toys,East,C01487,4,Positive,"Good product overall, minor issues but satisfied.",No,7
04-08-2022,R002976,S005,P0186,Groceries,West,C01938,3,Neutral,Decent but could be better.,Yes,17
04-08-2022,R003009,S001,P0013,Toys,West,C00350,2,Negative,"Would not recommend, had problems.",Yes,9
04-08-2022,R004339,S005,P0182,Toys,South,C02161,4,Positive,"Works well, decent quality for the price.",Yes,1
04-08-2022,R004856,S005,P0153,Furniture,West,C00281,3,Neutral,"Average product, nothing special.",Yes,2
04-08-2022,R005286,S001,P0172,Toys,North,C02214,3,Neutral,"Neutral experience, neither good nor bad.",No,14
04-09-2022,R000846,S003,P0090,Groceries,East,C01696,4,Positive,"Works well, decent quality for the price.",Yes,3
04-09-2022,R002175,S001,P0198,Groceries,North,C01537,5,Positive,"Absolutely love this product, will buy again.",Yes,22
04-09-2022,R002840,S004,P0011,Groceries,South,C02996,3,Neutral,Decent but could be better.,Yes,9
04-09-2022,R003342,S001,P0157,Groceries,West,C00889,3,Neutral,Decent but could be better.,Yes,10
04-09-2022,R003920,S005,P0195,Clothing,West,C02276,5,Positive,"Absolutely love this product, will buy again.",No,14
04-09-2022,R004534,S001,P0147,Groceries,South,C02988,5,Positive,Fast delivery and great value for money.,No,30
04-09-2022,R005710,S003,P0121,Clothing,North,C01744,2,Negative,"Below expectations, had some issues.",Yes,13
04-10-2022,R000233,S004,P0075,Furniture,North,C02976,2,Negative,"Not very satisfied, quality could improve.",No,4
04-10-2022,R002845,S004,P0187,Toys,South,C02453,3,Neutral,Decent but could be better.,Yes,7
04-10-2022,R003241,S001,P0016,Furniture,South,C02354,4,Positive,"Good value, would recommend to others.",Yes,14
04-10-2022,R004916,S004,P0090,Groceries,North,C01589,1,Negative,"Waste of money, poor quality.",Yes,12
04-10-2022,R005195,S003,P0169,Toys,West,C02921,3,Neutral,"It's okay, met basic expectations.",Yes,20
04-10-2022,R005213,S005,P0051,Groceries,South,C02734,4,Positive,"Solid product, does what it says.",Yes,11
04-10-2022,R005501,S003,P0048,Clothing,East,C00255,5,Positive,Best purchase I've made this year.,Yes,4
04-11-2022,R001005,S004,P0149,Electronics,North,C01342,2,Negative,"Not very satisfied, quality could improve.",Yes,3
04-11-2022,R001141,S001,P0140,Toys,South,C00173,3,Neutral,Decent but could be better.,Yes,17
04-11-2022,R004457,S004,P0062,Groceries,South,C01120,2,Negative,"Would not recommend, had problems.",Yes,11
04-12-2022,R000049,S002,P0173,Clothing,North,C01170,5,Positive,"Highly recommend, works perfectly.",Yes,29
04-12-2022,R000536,S004,P0095,Furniture,East,C01796,5,Positive,Best purchase I've made this year.,Yes,7
04-12-2022,R000797,S005,P0097,Furniture,South,C02573,5,Positive,Best purchase I've made this year.,Yes,39
04-12-2022,R001163,S003,P0158,Electronics,West,C00117,1,Negative,"Product arrived damaged, very unhappy.",Yes,49
04-12-2022,R001289,S003,P0153,Furniture,West,C02761,4,Positive,"Good value, would recommend to others.",Yes,12
04-12-2022,R001812,S001,P0134,Electronics,West,C02559,3,Neutral,"Average product, nothing special.",Yes,13
04-12-2022,R002050,S004,P0029,Groceries,East,C01605,2,Negative,Disappointed with the product performance.,Yes,14
04-12-2022,R002344,S004,P0136,Electronics,East,C01289,5,Positive,"Absolutely love this product, will buy again.",Yes,38
04-12-2022,R003204,S002,P0172,Toys,South,C01553,1,Negative,"Waste of money, poor quality.",Yes,1
04-12-2022,R004121,S004,P0115,Toys,North,C02728,3,Neutral,Fair quality for the price paid.,Yes,5
04-12-2022,R004966,S002,P0181,Toys,North,C00979,3,Neutral,"It's okay, met basic expectations.",Yes,5
04-12-2022,R005751,S005,P0116,Furniture,West,C00283,3,Neutral,"Average product, nothing special.",Yes,5
04-12-2022,R005815,S004,P0042,Electronics,East,C02874,4,Positive,"Good value, would recommend to others.",Yes,16
04-13-2022,R000768,S004,P0017,Toys,East,C02776,4,Positive,Pretty happy with this purchase.,Yes,5
04-13-2022,R000976,S004,P0136,Electronics,East,C00615,5,Positive,Fast delivery and great value for money.,Yes,40
04-13-2022,R002623,S003,P0193,Groceries,South,C02879,2,Negative,"Would not recommend, had problems.",Yes,10
04-13-2022,R003710,S003,P0093,Electronics,South,C00824,5,Positive,"Absolutely love this product, will buy again.",Yes,9
04-13-2022,R004698,S004,P0092,Electronics,East,C01965,1,Negative,"Worst purchase, do not recommend.",Yes,25
04-13-2022,R004764,S002,P0157,Groceries,South,C01702,2,Negative,"Would not recommend, had problems.",Yes,7
04-13-2022,R005126,S003,P0128,Furniture,North,C00298,4,Positive,"Solid product, does what it says.",Yes,3
04-13-2022,R005189,S002,P0031,Toys,North,C02904,3,Neutral,"Neutral experience, neither good nor bad.",Yes,19
04-13-2022,R005403,S001,P0175,Clothing,North,C01638,5,Positive,Fast delivery and great value for money.,No,17
04-14-2022,R000179,S005,P0037,Furniture,East,C01420,5,Positive,Best purchase I've made this year.,Yes,13
04-14-2022,R001478,S005,P0043,Groceries,South,C00443,4,Positive,Pretty happy with this purchase.,Yes,18
04-14-2022,R002611,S003,P0122,Furniture,West,C01292,3,Neutral,"Average product, nothing special.",Yes,17
04-14-2022,R004083,S002,P0105,Groceries,West,C01492,5,Positive,"Absolutely love this product, will buy again.",Yes,43
04-14-2022,R005294,S001,P0017,Toys,North,C01666,4,Positive,"Solid product, does what it says.",Yes,17
04-14-2022,R005615,S005,P0108,Furniture,East,C02269,3,Neutral,"Neutral experience, neither good nor bad.",No,10
04-14-2022,R005788,S004,P0133,Groceries,West,C01363,2,Negative,Poor packaging and average product.,Yes,1
04-15-2022,R000096,S001,P0122,Furniture,East,C00166,2,Negative,Disappointed with the product performance.,No,7
04-15-2022,R000159,S002,P0169,Toys,West,C00608,5,Positive,"Absolutely love this product, will buy again.",Yes,46
04-15-2022,R000495,S003,P0028,Groceries,East,C01991,4,Positive,"Good value, would recommend to others.",No,10
04-15-2022,R000764,S001,P0104,Electronics,South,C01538,4,Positive,"Good product overall, minor issues but satisfied.",Yes,15
04-15-2022,R000781,S005,P0040,Toys,East,C01348,3,Neutral,"It's okay, met basic expectations.",No,9
04-15-2022,R001249,S003,P0115,Toys,West,C00066,4,Positive,"Solid product, does what it says.",Yes,6
04-15-2022,R001407,S002,P0196,Electronics,East,C01932,5,Positive,"Absolutely love this product, will buy again.",Yes,32
04-15-2022,R001911,S002,P0163,Furniture,North,C02761,5,Positive,"Highly recommend, works perfectly.",Yes,24
04-15-2022,R005000,S004,P0136,Electronics,North,C00056,4,Positive,"Good product overall, minor issues but satisfied.",Yes,13
04-15-2022,R005209,S005,P0013,Toys,West,C01238,3,Neutral,"It's okay, met basic expectations.",Yes,11
04-15-2022,R005278,S001,P0184,Groceries,East,C00361,5,Positive,"Highly recommend, works perfectly.",Yes,21
04-16-2022,R000244,S003,P0065,Electronics,West,C01071,5,Positive,"Absolutely love this product, will buy again.",Yes,38
04-16-2022,R000914,S002,P0173,Clothing,North,C00976,4,Positive,"Good product overall, minor issues but satisfied.",Yes,0
04-16-2022,R003099,S005,P0027,Toys,West,C02801,4,Positive,"Solid product, does what it says.",Yes,7
04-16-2022,R004362,S004,P0099,Toys,South,C00179,1,Negative,"Worst purchase, do not recommend.",Yes,13
04-16-2022,R004391,S004,P0149,Electronics,North,C02586,1,Negative,"Product arrived damaged, very unhappy.",Yes,47
04-16-2022,R004974,S005,P0112,Electronics,North,C00202,2,Negative,"Not very satisfied, quality could improve.",Yes,12
04-16-2022,R005068,S005,P0049,Electronics,South,C00541,2,Negative,Disappointed with the product performance.,Yes,10
04-16-2022,R005595,S005,P0018,Clothing,North,C00120,4,Positive,"Solid product, does what it says.",Yes,11
04-17-2022,R002078,S004,P0087,Toys,West,C01831,4,Positive,"Solid product, does what it says.",Yes,5
04-17-2022,R003135,S002,P0137,Furniture,West,C00363,3,Neutral,"It's okay, met basic expectations.",Yes,6
04-17-2022,R003481,S002,P0117,Toys,West,C00338,4,Positive,Pretty happy with this purchase.,Yes,3
04-17-2022,R003489,S005,P0101,Furniture,West,C01652,5,Positive,"Absolutely love this product, will buy again.",Yes,3
04-17-2022,R005134,S004,P0037,Furniture,North,C02214,4,Positive,Pretty happy with this purchase.,Yes,20
04-17-2022,R005488,S001,P0164,Groceries,West,C02252,4,Positive,Pretty happy with this purchase.,Yes,4
04-18-2022,R000713,S003,P0195,Clothing,North,C01273,1,Negative,"Very disappointed, product did not work.",Yes,13
04-18-2022,R001177,S003,P0133,Groceries,East,C01786,4,Positive,"Good product overall, minor issues but satisfied.",Yes,15
04-18-2022,R002075,S001,P0146,Furniture,North,C02562,5,Positive,"Excellent quality, exceeded my expectations!",Yes,10
04-18-2022,R003072,S005,P0169,Toys,East,C02265,2,Negative,Disappointed with the product performance.,Yes,15
04-18-2022,R003189,S005,P0057,Furniture,South,C02421,2,Negative,"Not very satisfied, quality could improve.",Yes,10
04-18-2022,R003931,S003,P0122,Furniture,East,C02768,2,Negative,"Would not recommend, had problems.",Yes,0
04-18-2022,R004439,S005,P0113,Clothing,South,C02527,5,Positive,"Highly recommend, works perfectly.",Yes,16
04-18-2022,R005025,S005,P0037,Furniture,East,C02127,5,Positive,"Absolutely love this product, will buy again.",Yes,44
04-18-2022,R005309,S001,P0104,Electronics,North,C02041,4,Positive,"Works well, decent quality for the price.",No,7
04-18-2022,R005885,S002,P0059,Furniture,West,C02223,3,Neutral,"It's okay, met basic expectations.",No,8
04-19-2022,R000584,S001,P0160,Groceries,North,C01035,4,Positive,"Good product overall, minor issues but satisfied.",Yes,16
04-19-2022,R001696,S003,P0070,Groceries,North,C00148,4,Positive,"Solid product, does what it says.",Yes,3
04-19-2022,R002121,S004,P0106,Furniture,East,C00649,5,Positive,Fast delivery and great value for money.,Yes,13
04-19-2022,R002610,S005,P0039,Groceries,North,C00137,4,Positive,"Good product overall, minor issues but satisfied.",Yes,17
04-19-2022,R002876,S001,P0163,Furniture,East,C01362,3,Neutral,"It's okay, met basic expectations.",Yes,6
04-19-2022,R003403,S001,P0019,Toys,East,C02218,5,Positive,"Excellent quality, exceeded my expectations!",Yes,17
04-19-2022,R004158,S003,P0030,Furniture,East,C00732,3,Neutral,"Neutral experience, neither good nor bad.",No,9
04-19-2022,R004968,S003,P0084,Clothing,North,C02359,5,Positive,Fast delivery and great value for money.,Yes,23
04-20-2022,R000593,S005,P0087,Toys,East,C01922,5,Positive,"Highly recommend, works perfectly.",Yes,44
04-20-2022,R000632,S002,P0142,Clothing,West,C01778,3,Neutral,"It's okay, met basic expectations.",Yes,1
04-20-2022,R001272,S002,P0162,Toys,East,C02250,5,Positive,"Highly recommend, works perfectly.",Yes,48
04-20-2022,R001620,S005,P0109,Electronics,East,C01794,4,Positive,"Works well, decent quality for the price.",No,10
04-20-2022,R001943,S004,P0174,Toys,West,C02498,1,Negative,"Terrible experience, would not buy again.",Yes,36
04-20-2022,R002438,S001,P0041,Groceries,North,C00964,4,Positive,Pretty happy with this purchase.,Yes,15
04-20-2022,R003330,S002,P0060,Electronics,North,C01964,3,Neutral,"It's okay, met basic expectations.",Yes,2
04-20-2022,R004112,S002,P0039,Groceries,East,C02731,5,Positive,Fast delivery and great value for money.,Yes,50
04-20-2022,R004132,S001,P0187,Toys,East,C00748,4,Positive,"Solid product, does what it says.",Yes,0
04-20-2022,R004952,S003,P0155,Electronics,South,C00181,2,Negative,Disappointed with the product performance.,Yes,4
04-21-2022,R000941,S002,P0058,Groceries,West,C01329,4,Positive,"Good product overall, minor issues but satisfied.",Yes,15
04-21-2022,R001444,S005,P0045,Toys,North,C02076,3,Neutral,"Average product, nothing special.",Yes,9
04-21-2022,R001703,S002,P0166,Furniture,West,C00083,4,Positive,"Solid product, does what it says.",Yes,0
04-21-2022,R002541,S004,P0089,Groceries,West,C02759,4,Positive,Pretty happy with this purchase.,Yes,3
04-21-2022,R002640,S004,P0172,Toys,West,C01345,5,Positive,"Excellent quality, exceeded my expectations!",No,26
04-21-2022,R002773,S002,P0133,Groceries,South,C01172,3,Neutral,"It's okay, met basic expectations.",Yes,20
04-21-2022,R002835,S004,P0010,Toys,North,C01405,2,Negative,"Not very satisfied, quality could improve.",Yes,4
04-21-2022,R003465,S002,P0197,Electronics,West,C00359,5,Positive,"Absolutely love this product, will buy again.",Yes,36
04-21-2022,R003660,S002,P0042,Electronics,North,C02843,4,Positive,"Good product overall, minor issues but satisfied.",Yes,5
04-21-2022,R003902,S003,P0112,Electronics,South,C02482,4,Positive,"Good value, would recommend to others.",Yes,1
04-21-2022,R005265,S005,P0127,Furniture,West,C00473,4,Positive,Pretty happy with this purchase.,Yes,8
04-21-2022,R005268,S005,P0071,Electronics,North,C01628,4,Positive,"Solid product, does what it says.",No,5
04-21-2022,R005481,S004,P0054,Toys,South,C01302,5,Positive,Best purchase I've made this year.,Yes,44
04-21-2022,R005538,S002,P0193,Groceries,West,C00750,4,Positive,Pretty happy with this purchase.,Yes,19
04-22-2022,R002677,S003,P0135,Furniture,East,C01269,3,Neutral,Decent but could be better.,Yes,8
04-22-2022,R002682,S005,P0119,Electronics,East,C00052,4,Positive,"Solid product, does what it says.",Yes,6
04-22-2022,R003061,S001,P0175,Clothing,West,C02186,5,Positive,Fast delivery and great value for money.,Yes,12
04-22-2022,R003514,S001,P0058,Groceries,South,C01457,5,Positive,Fast delivery and great value for money.,Yes,18
04-22-2022,R004335,S003,P0193,Groceries,South,C00660,2,Negative,Poor packaging and average product.,No,1
04-22-2022,R004608,S004,P0197,Electronics,South,C00726,4,Positive,"Works well, decent quality for the price.",Yes,5
04-23-2022,R003665,S004,P0023,Groceries,West,C00148,4,Positive,"Works well, decent quality for the price.",Yes,15
04-23-2022,R005049,S002,P0079,Toys,South,C01100,2,Negative,Disappointed with the product performance.,Yes,5
04-23-2022,R005864,S005,P0140,Toys,South,C00446,2,Negative,"Below expectations, had some issues.",No,11
04-24-2022,R000670,S003,P0132,Furniture,East,C00112,4,Positive,"Good product overall, minor issues but satisfied.",No,13
04-24-2022,R001436,S002,P0142,Clothing,South,C02520,5,Positive,"Excellent quality, exceeded my expectations!",Yes,24
04-24-2022,R002336,S003,P0009,Groceries,South,C02483,4,Positive,"Solid product, does what it says.",Yes,4
04-24-2022,R002452,S002,P0176,Furniture,North,C00587,5,Positive,"Highly recommend, works perfectly.",Yes,20
04-24-2022,R005335,S005,P0074,Electronics,West,C01943,3,Neutral,"It's okay, met basic expectations.",Yes,17
04-24-2022,R005579,S002,P0133,Groceries,West,C01083,4,Positive,"Good value, would recommend to others.",Yes,0
04-25-2022,R000071,S001,P0019,Toys,South,C00786,4,Positive,"Solid product, does what it says.",Yes,7
04-25-2022,R000145,S001,P0009,Groceries,West,C01955,3,Neutral,Decent but could be better.,Yes,3
04-25-2022,R002523,S004,P0074,Electronics,West,C02948,4,Positive,Pretty happy with this purchase.,Yes,8
04-25-2022,R002745,S003,P0019,Toys,West,C02707,3,Neutral,"Average product, nothing special.",Yes,18
04-25-2022,R005248,S001,P0001,Electronics,South,C02532,5,Positive,"Excellent quality, exceeded my expectations!",Yes,29
04-25-2022,R005333,S004,P0022,Toys,North,C01870,1,Negative,"Product arrived damaged, very unhappy.",Yes,22
04-26-2022,R000080,S001,P0043,Groceries,South,C01916,5,Positive,"Highly recommend, works perfectly.",Yes,42
04-26-2022,R000432,S002,P0153,Furniture,North,C00163,4,Positive,"Good product overall, minor issues but satisfied.",Yes,3
04-26-2022,R000564,S001,P0131,Clothing,East,C01724,2,Negative,Poor packaging and average product.,Yes,15
04-26-2022,R000688,S003,P0062,Groceries,West,C01426,5,Positive,Fast delivery and great value for money.,Yes,23
04-26-2022,R004033,S001,P0040,Toys,South,C00450,5,Positive,Best purchase I've made this year.,Yes,2
04-26-2022,R004274,S002,P0001,Electronics,West,C00929,2,Negative,"Would not recommend, had problems.",Yes,8
04-27-2022,R000231,S002,P0132,Furniture,West,C02294,4,Positive,"Works well, decent quality for the price.",Yes,9
04-27-2022,R000331,S002,P0047,Groceries,East,C00907,4,Positive,"Good product overall, minor issues but satisfied.",No,8
04-27-2022,R000716,S003,P0075,Furniture,East,C01466,5,Positive,Best purchase I've made this year.,Yes,38
04-27-2022,R002779,S005,P0157,Groceries,South,C01637,5,Positive,"Absolutely love this product, will buy again.",No,38
04-27-2022,R003093,S003,P0049,Electronics,North,C02653,3,Neutral,Fair quality for the price paid.,Yes,4
04-27-2022,R003685,S001,P0074,Electronics,South,C01401,4,Positive,"Works well, decent quality for the price.",Yes,13
04-27-2022,R004085,S004,P0026,Groceries,West,C00935,5,Positive,Fast delivery and great value for money.,Yes,32
04-27-2022,R004382,S004,P0072,Groceries,South,C02058,5,Positive,"Highly recommend, works perfectly.",No,2
04-27-2022,R004585,S003,P0145,Toys,South,C01430,3,Neutral,"It's okay, met basic expectations.",Yes,4
04-27-2022,R004703,S005,P0076,Electronics,South,C02136,5,Positive,Fast delivery and great value for money.,No,41
04-27-2022,R004870,S002,P0152,Clothing,West,C02010,1,Negative,"Product arrived damaged, very unhappy.",Yes,38
04-27-2022,R005401,S003,P0023,Groceries,South,C01160,4,Positive,"Good value, would recommend to others.",Yes,1
04-28-2022,R000288,S003,P0137,Furniture,North,C00505,5,Positive,"Excellent quality, exceeded my expectations!",Yes,22
04-28-2022,R000426,S001,P0091,Electronics,West,C02688,3,Neutral,"It's okay, met basic expectations.",No,16
04-28-2022,R000718,S003,P0169,Toys,South,C01387,5,Positive,"Excellent quality, exceeded my expectations!",Yes,1
04-28-2022,R001156,S003,P0148,Clothing,South,C02130,4,Positive,"Good product overall, minor issues but satisfied.",Yes,6
04-28-2022,R001611,S005,P0050,Toys,East,C00821,5,Positive,"Highly recommend, works perfectly.",No,30
04-28-2022,R004255,S001,P0122,Furniture,West,C02226,5,Positive,"Highly recommend, works perfectly.",Yes,2
04-28-2022,R004935,S003,P0023,Groceries,West,C00678,5,Positive,Best purchase I've made this year.,Yes,2
04-29-2022,R000757,S001,P0188,Electronics,West,C00104,1,Negative,"Terrible experience, would not buy again.",Yes,23
04-29-2022,R000993,S002,P0121,Clothing,West,C02827,1,Negative,"Worst purchase, do not recommend.",Yes,50
04-29-2022,R001254,S005,P0083,Electronics,West,C00575,2,Negative,"Not very satisfied, quality could improve.",Yes,15
04-29-2022,R001268,S005,P0021,Furniture,West,C00805,3,Neutral,Decent but could be better.,Yes,14
04-29-2022,R001891,S005,P0001,Electronics,East,C01405,4,Positive,"Solid product, does what it says.",Yes,5
04-29-2022,R001947,S003,P0100,Electronics,South,C02407,3,Neutral,"Neutral experience, neither good nor bad.",Yes,14
04-29-2022,R003046,S004,P0106,Furniture,South,C01924,3,Neutral,"It's okay, met basic expectations.",Yes,15
04-29-2022,R003630,S004,P0105,Groceries,West,C00898,5,Positive,"Excellent quality, exceeded my expectations!",Yes,44
04-29-2022,R003982,S005,P0119,Electronics,North,C02316,3,Neutral,"Neutral experience, neither good nor bad.",Yes,15
04-29-2022,R004174,S003,P0012,Clothing,West,C02673,5,Positive,Fast delivery and great value for money.,Yes,36
04-29-2022,R005383,S001,P0122,Furniture,South,C01119,4,Positive,"Good value, would recommend to others.",Yes,9
04-29-2022,R005584,S002,P0189,Groceries,North,C02834,4,Positive,"Works well, decent quality for the price.",Yes,16
04-30-2022,R000435,S002,P0128,Furniture,South,C01329,4,Positive,"Good product overall, minor issues but satisfied.",Yes,5
04-30-2022,R001020,S002,P0133,Groceries,South,C02622,2,Negative,Disappointed with the product performance.,Yes,15
04-30-2022,R001062,S001,P0023,Groceries,North,C01274,3,Neutral,Decent but could be better.,Yes,16
04-30-2022,R001115,S004,P0171,Furniture,East,C01409,5,Positive,"Absolutely love this product, will buy again.",Yes,50
04-30-2022,R001196,S002,P0031,Toys,South,C02856,5,Positive,Best purchase I've made this year.,Yes,25
04-30-2022,R001380,S003,P0035,Clothing,East,C02350,1,Negative,"Product arrived damaged, very unhappy.",Yes,27
04-30-2022,R001617,S005,P0156,Groceries,East,C00625,3,Neutral,"Neutral experience, neither good nor bad.",Yes,16
04-30-2022,R002495,S003,P0168,Furniture,North,C01162,4,Positive,"Good product overall, minor issues but satisfied.",Yes,9
04-30-2022,R002681,S004,P0172,Toys,West,C01567,4,Positive,"Works well, decent quality for the price.",Yes,15
04-30-2022,R002731,S001,P0162,Toys,South,C00570,5,Positive,Fast delivery and great value for money.,Yes,16
04-30-2022,R003938,S002,P0083,Electronics,North,C02598,5,Positive,Fast delivery and great value for money.,Yes,1
04-30-2022,R003990,S001,P0180,Groceries,West,C00241,4,Positive,"Solid product, does what it says.",Yes,15
04-30-2022,R004910,S005,P0150,Electronics,East,C00791,4,Positive,"Works well, decent quality for the price.",No,1
04-30-2022,R004924,S005,P0032,Clothing,East,C00756,4,Positive,"Good product overall, minor issues but satisfied.",No,12
04-30-2022,R005475,S001,P0084,Clothing,South,C02054,5,Positive,"Highly recommend, works perfectly.",Yes,3
04-30-2022,R005773,S004,P0008,Electronics,East,C01989,1,Negative,"Worst purchase, do not recommend.",Yes,50
04-30-2022,R005833,S003,P0158,Electronics,South,C00739,5,Positive,"Excellent quality, exceeded my expectations!",Yes,5
05-01-2022,R000820,S002,P0112,Electronics,South,C02616,4,Positive,"Works well, decent quality for the price.",Yes,9
05-01-2022,R000856,S004,P0039,Groceries,East,C02118,1,Negative,"Very disappointed, product did not work.",Yes,24
05-01-2022,R000948,S004,P0047,Groceries,North,C00007,4,Positive,"Good value, would recommend to others.",Yes,18
05-01-2022,R001260,S003,P0143,Clothing,South,C02275,1,Negative,"Product arrived damaged, very unhappy.",Yes,46
05-01-2022,R001955,S004,P0060,Electronics,East,C01707,5,Positive,"Absolutely love this product, will buy again.",Yes,37
05-01-2022,R002950,S002,P0039,Groceries,North,C01204,5,Positive,"Highly recommend, works perfectly.",No,31
05-01-2022,R004111,S002,P0026,Groceries,South,C00850,4,Positive,Pretty happy with this purchase.,Yes,6
05-01-2022,R004488,S003,P0054,Toys,East,C01205,3,Neutral,Decent but could be better.,Yes,9
05-01-2022,R004773,S005,P0175,Clothing,North,C01761,5,Positive,Best purchase I've made this year.,Yes,12
05-01-2022,R004844,S002,P0142,Clothing,West,C01086,5,Positive,"Absolutely love this product, will buy again.",Yes,32
05-01-2022,R005476,S002,P0049,Electronics,South,C00173,4,Positive,"Good value, would recommend to others.",Yes,10
05-01-2022,R005519,S002,P0184,Groceries,South,C02010,4,Positive,"Good product overall, minor issues but satisfied.",No,10
05-01-2022,R005597,S004,P0179,Electronics,North,C02848,5,Positive,"Absolutely love this product, will buy again.",Yes,31
05-02-2022,R000050,S005,P0052,Toys,South,C00072,1,Negative,"Product arrived damaged, very unhappy.",Yes,4
05-02-2022,R000182,S003,P0108,Furniture,East,C02020,3,Neutral,"Neutral experience, neither good nor bad.",Yes,15
05-02-2022,R000650,S001,P0192,Clothing,East,C00220,3,Neutral,Decent but could be better.,Yes,17
05-02-2022,R001367,S004,P0107,Electronics,East,C02430,3,Neutral,"Neutral experience, neither good nor bad.",No,9
05-02-2022,R001398,S003,P0171,Furniture,North,C01248,5,Positive,Best purchase I've made this year.,Yes,43
05-02-2022,R001972,S002,P0125,Toys,East,C00525,5,Positive,Best purchase I've made this year.,Yes,24
05-02-2022,R002850,S001,P0144,Clothing,North,C02962,5,Positive,Fast delivery and great value for money.,Yes,5
05-02-2022,R004364,S005,P0017,Toys,East,C01441,4,Positive,Pretty happy with this purchase.,Yes,13
05-02-2022,R004495,S002,P0082,Clothing,East,C02753,4,Positive,Pretty happy with this purchase.,Yes,13
05-02-2022,R005347,S004,P0200,Furniture,West,C00098,3,Neutral,"Neutral experience, neither good nor bad.",No,4
05-03-2022,R000097,S001,P0049,Electronics,East,C02100,1,Negative,"Terrible experience, would not buy again.",No,28
05-03-2022,R000232,S003,P0194,Furniture,East,C01072,1,Negative,"Product arrived damaged, very unhappy.",No,15
05-03-2022,R000543,S004,P0124,Furniture,South,C02571,5,Positive,"Excellent quality, exceeded my expectations!",Yes,32
05-03-2022,R000583,S005,P0184,Groceries,South,C02168,3,Neutral,"Neutral experience, neither good nor bad.",Yes,2
05-03-2022,R000879,S003,P0010,Toys,East,C00211,4,Positive,"Works well, decent quality for the price.",No,9
05-03-2022,R001914,S002,P0043,Groceries,East,C01571,4,Positive,"Good product overall, minor issues but satisfied.",Yes,20
05-03-2022,R002142,S003,P0127,Furniture,East,C02429,5,Positive,Fast delivery and great value for money.,No,20
05-03-2022,R002276,S003,P0156,Groceries,West,C01673,4,Positive,"Solid product, does what it says.",Yes,0
05-03-2022,R002418,S004,P0028,Groceries,West,C02111,4,Positive,"Solid product, does what it says.",No,16
05-03-2022,R003316,S004,P0077,Groceries,North,C01606,4,Positive,"Good product overall, minor issues but satisfied.",Yes,13
05-03-2022,R003341,S001,P0129,Groceries,North,C02228,3,Neutral,"It's okay, met basic expectations.",Yes,2
05-03-2022,R004426,S005,P0062,Groceries,North,C02907,2,Negative,"Below expectations, had some issues.",No,1
05-03-2022,R005355,S002,P0043,Groceries,West,C01373,2,Negative,"Would not recommend, had problems.",Yes,6
05-03-2022,R005456,S001,P0166,Furniture,North,C00423,4,Positive,"Solid product, does what it says.",Yes,12
05-04-2022,R002066,S002,P0007,Toys,South,C02094,5,Positive,"Excellent quality, exceeded my expectations!",Yes,3
05-04-2022,R002302,S002,P0026,Groceries,North,C01377,3,Neutral,"Average product, nothing special.",No,9
05-04-2022,R002366,S001,P0031,Toys,East,C00644,2,Negative,Disappointed with the product performance.,Yes,8
05-04-2022,R003592,S003,P0062,Groceries,South,C00221,3,Neutral,Fair quality for the price paid.,Yes,4
05-04-2022,R003758,S001,P0007,Toys,East,C02670,5,Positive,Fast delivery and great value for money.,Yes,18
05-04-2022,R004153,S004,P0119,Electronics,South,C01835,5,Positive,Fast delivery and great value for money.,No,18
05-04-2022,R004338,S002,P0171,Furniture,North,C01875,4,Positive,"Good product overall, minor issues but satisfied.",Yes,12
05-04-2022,R004647,S005,P0040,Toys,West,C01779,4,Positive,"Solid product, does what it says.",Yes,14
05-04-2022,R005144,S003,P0144,Clothing,East,C00157,3,Neutral,"Neutral experience, neither good nor bad.",No,10
05-04-2022,R005382,S003,P0180,Groceries,South,C00621,5,Positive,Fast delivery and great value for money.,Yes,11
05-04-2022,R005499,S005,P0116,Furniture,South,C00662,4,Positive,Pretty happy with this purchase.,Yes,17
05-05-2022,R000810,S004,P0130,Electronics,East,C00888,4,Positive,"Good product overall, minor issues but satisfied.",No,4
05-05-2022,R000884,S005,P0059,Furniture,North,C01331,5,Positive,"Highly recommend, works perfectly.",Yes,39
05-05-2022,R001586,S002,P0093,Electronics,South,C01760,4,Positive,"Works well, decent quality for the price.",Yes,8
05-05-2022,R001940,S005,P0040,Toys,North,C00972,5,Positive,Fast delivery and great value for money.,No,45
05-05-2022,R002507,S003,P0150,Electronics,South,C02265,5,Positive,"Absolutely love this product, will buy again.",Yes,5
05-05-2022,R002855,S001,P0140,Toys,South,C01488,4,Positive,"Good product overall, minor issues but satisfied.",Yes,5
05-06-2022,R000001,S001,P0125,Toys,North,C00352,4,Positive,Pretty happy with this purchase.,Yes,10
05-06-2022,R000021,S002,P0184,Groceries,South,C01916,5,Positive,"Absolutely love this product, will buy again.",Yes,6
05-06-2022,R002729,S001,P0154,Groceries,North,C02150,5,Positive,"Excellent quality, exceeded my expectations!",No,48
05-06-2022,R003147,S004,P0130,Electronics,South,C01854,5,Positive,"Excellent quality, exceeded my expectations!",Yes,8
05-06-2022,R003283,S003,P0031,Toys,West,C01666,5,Positive,Fast delivery and great value for money.,Yes,22
05-06-2022,R003788,S004,P0185,Clothing,East,C01548,5,Positive,Fast delivery and great value for money.,Yes,18
05-06-2022,R004076,S002,P0189,Groceries,West,C02319,4,Positive,"Good product overall, minor issues but satisfied.",No,13
05-06-2022,R004809,S003,P0128,Furniture,West,C00915,5,Positive,"Excellent quality, exceeded my expectations!",No,36
05-06-2022,R005361,S003,P0180,Groceries,South,C02472,2,Negative,"Below expectations, had some issues.",Yes,18
05-06-2022,R005852,S003,P0066,Clothing,South,C01249,5,Positive,Fast delivery and great value for money.,Yes,42
05-07-2022,R000256,S005,P0034,Groceries,South,C01181,2,Negative,Poor packaging and average product.,Yes,2
05-07-2022,R002240,S005,P0006,Groceries,West,C00780,1,Negative,"Worst purchase, do not recommend.",Yes,10
05-07-2022,R002948,S004,P0083,Electronics,West,C02905,5,Positive,Best purchase I've made this year.,Yes,20
05-07-2022,R003166,S004,P0102,Toys,North,C00815,5,Positive,"Excellent quality, exceeded my expectations!",No,0
05-07-2022,R003594,S005,P0168,Furniture,East,C01408,4,Positive,"Works well, decent quality for the price.",Yes,8
05-07-2022,R003767,S005,P0105,Groceries,North,C00878,4,Positive,"Works well, decent quality for the price.",No,2
05-07-2022,R003945,S001,P0076,Electronics,West,C02460,2,Negative,"Not very satisfied, quality could improve.",No,12
05-07-2022,R004166,S001,P0032,Clothing,East,C00663,4,Positive,"Good product overall, minor issues but satisfied.",Yes,12
05-07-2022,R004401,S005,P0186,Groceries,West,C01327,3,Neutral,"Neutral experience, neither good nor bad.",Yes,8
05-07-2022,R004702,S004,P0142,Clothing,South,C02690,4,Positive,"Good value, would recommend to others.",Yes,15
05-07-2022,R005742,S002,P0032,Clothing,South,C01972,2,Negative,"Not very satisfied, quality could improve.",Yes,5
05-08-2022,R000164,S004,P0111,Furniture,South,C01719,5,Positive,"Excellent quality, exceeded my expectations!",Yes,25
05-08-2022,R002473,S003,P0028,Groceries,East,C02908,5,Positive,"Highly recommend, works perfectly.",Yes,49
05-08-2022,R002552,S001,P0100,Electronics,North,C01215,3,Neutral,"Neutral experience, neither good nor bad.",Yes,16
05-08-2022,R003729,S005,P0114,Groceries,West,C01910,1,Negative,"Product arrived damaged, very unhappy.",Yes,27
05-08-2022,R003914,S002,P0103,Toys,South,C01863,3,Neutral,Fair quality for the price paid.,Yes,13
05-08-2022,R004380,S003,P0100,Electronics,South,C00978,5,Positive,"Highly recommend, works perfectly.",Yes,30
05-09-2022,R000066,S005,P0136,Electronics,East,C01576,5,Positive,"Absolutely love this product, will buy again.",Yes,28
05-09-2022,R001121,S003,P0005,Toys,South,C02048,1,Negative,"Terrible experience, would not buy again.",Yes,15
05-09-2022,R001143,S001,P0152,Clothing,North,C02206,3,Neutral,"It's okay, met basic expectations.",Yes,0
05-09-2022,R001695,S005,P0161,Groceries,East,C00442,2,Negative,"Not very satisfied, quality could improve.",Yes,7
05-09-2022,R002008,S001,P0188,Electronics,West,C01222,5,Positive,"Absolutely love this product, will buy again.",Yes,11
05-09-2022,R002926,S005,P0084,Clothing,West,C00698,3,Neutral,Fair quality for the price paid.,Yes,18
05-09-2022,R005784,S001,P0155,Electronics,South,C01002,5,Positive,Best purchase I've made this year.,No,50
05-10-2022,R000706,S001,P0160,Groceries,East,C02763,5,Positive,"Highly recommend, works perfectly.",Yes,14
05-10-2022,R000857,S003,P0056,Clothing,South,C01385,4,Positive,"Good value, would recommend to others.",Yes,6
05-10-2022,R001142,S005,P0189,Groceries,East,C02880,4,Positive,"Works well, decent quality for the price.",Yes,4
05-10-2022,R001423,S004,P0178,Toys,South,C00828,3,Neutral,"Average product, nothing special.",No,14
05-10-2022,R001850,S002,P0015,Furniture,West,C01465,1,Negative,"Terrible experience, would not buy again.",No,2
05-10-2022,R003329,S005,P0068,Clothing,East,C02966,5,Positive,Best purchase I've made this year.,Yes,21
05-10-2022,R003895,S001,P0043,Groceries,South,C02357,4,Positive,"Good value, would recommend to others.",No,10
05-10-2022,R004297,S004,P0105,Groceries,East,C02129,4,Positive,Pretty happy with this purchase.,Yes,0
05-11-2022,R000060,S002,P0121,Clothing,North,C01048,5,Positive,Fast delivery and great value for money.,Yes,41
05-11-2022,R000291,S005,P0114,Groceries,North,C00653,2,Negative,"Below expectations, had some issues.",Yes,6
05-11-2022,R000437,S002,P0187,Toys,East,C00434,2,Negative,"Not very satisfied, quality could improve.",No,15
05-11-2022,R001543,S005,P0142,Clothing,East,C02105,4,Positive,"Good product overall, minor issues but satisfied.",Yes,10
05-11-2022,R002270,S003,P0038,Clothing,East,C02247,5,Positive,Best purchase I've made this year.,Yes,38
05-11-2022,R002934,S003,P0112,Electronics,South,C02739,4,Positive,Pretty happy with this purchase.,Yes,12
05-11-2022,R003062,S003,P0104,Electronics,East,C00744,5,Positive,"Excellent quality, exceeded my expectations!",Yes,2
05-11-2022,R003115,S001,P0149,Electronics,North,C01072,5,Positive,"Absolutely love this product, will buy again.",Yes,41
05-11-2022,R003906,S003,P0089,Groceries,South,C00527,5,Positive,Best purchase I've made this year.,Yes,48
05-11-2022,R004360,S001,P0057,Furniture,South,C02036,5,Positive,"Absolutely love this product, will buy again.",No,37
05-11-2022,R004554,S002,P0050,Toys,South,C01936,5,Positive,Fast delivery and great value for money.,Yes,27
05-11-2022,R004806,S005,P0059,Furniture,West,C02519,5,Positive,Best purchase I've made this year.,Yes,10
05-12-2022,R000903,S003,P0076,Electronics,West,C01674,4,Positive,"Works well, decent quality for the price.",Yes,17
05-12-2022,R002475,S003,P0143,Clothing,South,C02423,1,Negative,"Terrible experience, would not buy again.",Yes,50
05-12-2022,R002784,S005,P0121,Clothing,South,C01588,3,Neutral,"It's okay, met basic expectations.",Yes,18
05-12-2022,R003513,S003,P0116,Furniture,North,C00121,3,Neutral,"Neutral experience, neither good nor bad.",Yes,11
05-12-2022,R003820,S002,P0158,Electronics,South,C01311,2,Negative,"Would not recommend, had problems.",Yes,8
05-12-2022,R004341,S002,P0192,Clothing,East,C00738,5,Positive,Fast delivery and great value for money.,No,7
05-12-2022,R005767,S003,P0158,Electronics,North,C02952,4,Positive,"Works well, decent quality for the price.",Yes,20
05-12-2022,R005989,S001,P0189,Groceries,West,C00734,4,Positive,"Good product overall, minor issues but satisfied.",Yes,7
05-13-2022,R000200,S004,P0005,Toys,South,C01847,3,Neutral,"It's okay, met basic expectations.",Yes,5
05-13-2022,R001966,S002,P0012,Clothing,West,C00118,4,Positive,"Works well, decent quality for the price.",Yes,20
05-13-2022,R002428,S003,P0165,Furniture,North,C00612,1,Negative,"Waste of money, poor quality.",Yes,43
05-13-2022,R004985,S001,P0044,Clothing,South,C00879,5,Positive,Best purchase I've made this year.,Yes,32
05-13-2022,R005217,S003,P0126,Clothing,North,C00616,5,Positive,Best purchase I've made this year.,Yes,44
05-13-2022,R005295,S002,P0148,Clothing,West,C01357,1,Negative,"Very disappointed, product did not work.",Yes,29
05-13-2022,R005656,S003,P0053,Groceries,East,C01554,5,Positive,"Excellent quality, exceeded my expectations!",Yes,10
05-14-2022,R001048,S003,P0035,Clothing,South,C01913,3,Neutral,Fair quality for the price paid.,Yes,20
05-14-2022,R001779,S003,P0093,Electronics,East,C01170,2,Negative,"Not very satisfied, quality could improve.",Yes,15
05-14-2022,R002816,S004,P0192,Clothing,South,C02369,5,Positive,Best purchase I've made this year.,Yes,19
05-14-2022,R003888,S002,P0098,Toys,East,C02518,4,Positive,Pretty happy with this purchase.,No,9
05-14-2022,R005571,S003,P0079,Toys,North,C02634,3,Neutral,Fair quality for the price paid.,Yes,13
05-14-2022,R005828,S002,P0200,Furniture,East,C01219,3,Neutral,Decent but could be better.,Yes,9
05-15-2022,R000542,S001,P0116,Furniture,South,C02716,5,Positive,Fast delivery and great value for money.,Yes,4
05-15-2022,R000580,S002,P0016,Furniture,East,C02884,4,Positive,Pretty happy with this purchase.,Yes,9
05-15-2022,R000651,S003,P0164,Groceries,North,C02075,2,Negative,Disappointed with the product performance.,Yes,15
05-15-2022,R001235,S004,P0055,Groceries,South,C00153,5,Positive,"Excellent quality, exceeded my expectations!",Yes,19
05-15-2022,R005218,S005,P0175,Clothing,East,C02602,2,Negative,Poor packaging and average product.,Yes,17
05-15-2022,R005681,S002,P0192,Clothing,West,C00776,5,Positive,"Excellent quality, exceeded my expectations!",Yes,17
05-16-2022,R000367,S003,P0003,Furniture,North,C00617,5,Positive,Fast delivery and great value for money.,No,14
05-16-2022,R002402,S001,P0110,Toys,West,C00473,5,Positive,"Absolutely love this product, will buy again.",Yes,15
05-16-2022,R003837,S003,P0017,Toys,West,C01994,5,Positive,"Absolutely love this product, will buy again.",Yes,23
05-16-2022,R004711,S005,P0091,Electronics,North,C01456,4,Positive,Pretty happy with this purchase.,Yes,15
05-16-2022,R004840,S005,P0092,Electronics,West,C00204,1,Negative,"Very disappointed, product did not work.",No,40
05-16-2022,R004860,S004,P0158,Electronics,North,C01607,1,Negative,"Very disappointed, product did not work.",Yes,39
05-16-2022,R005722,S002,P0159,Clothing,West,C02597,4,Positive,"Good product overall, minor issues but satisfied.",No,6
05-17-2022,R000240,S003,P0064,Electronics,East,C00151,4,Positive,Pretty happy with this purchase.,Yes,11
05-17-2022,R000477,S002,P0087,Toys,West,C02057,2,Negative,"Not very satisfied, quality could improve.",Yes,18
05-17-2022,R001312,S002,P0024,Toys,West,C02160,5,Positive,"Absolutely love this product, will buy again.",Yes,23
05-17-2022,R001473,S002,P0189,Groceries,North,C01377,4,Positive,"Good product overall, minor issues but satisfied.",Yes,14
05-17-2022,R003810,S004,P0187,Toys,West,C00266,2,Negative,"Below expectations, had some issues.",Yes,10
05-17-2022,R004123,S002,P0081,Furniture,West,C01043,4,Positive,"Good value, would recommend to others.",Yes,20
05-18-2022,R000837,S005,P0183,Toys,North,C00781,3,Neutral,"Average product, nothing special.",Yes,11
05-18-2022,R003597,S004,P0050,Toys,South,C02346,2,Negative,"Below expectations, had some issues.",Yes,9
05-18-2022,R003812,S004,P0118,Clothing,West,C01451,3,Neutral,"Average product, nothing special.",Yes,0
05-18-2022,R004979,S002,P0128,Furniture,South,C00742,5,Positive,Fast delivery and great value for money.,No,9
05-19-2022,R000447,S003,P0178,Toys,South,C02786,2,Negative,"Would not recommend, had problems.",Yes,13
05-19-2022,R001287,S001,P0153,Furniture,East,C00335,4,Positive,"Good value, would recommend to others.",No,6
05-19-2022,R002608,S003,P0138,Clothing,East,C01242,4,Positive,"Solid product, does what it says.",No,8
05-19-2022,R003125,S002,P0164,Groceries,South,C00283,2,Negative,"Would not recommend, had problems.",Yes,13
05-19-2022,R004999,S003,P0130,Electronics,South,C02165,2,Negative,"Below expectations, had some issues.",Yes,0
05-19-2022,R005125,S001,P0056,Clothing,North,C02312,2,Negative,"Below expectations, had some issues.",Yes,10
05-20-2022,R001252,S002,P0139,Clothing,South,C02074,4,Positive,"Good value, would recommend to others.",Yes,16
05-20-2022,R001867,S002,P0200,Furniture,North,C01134,4,Positive,"Works well, decent quality for the price.",Yes,4
05-20-2022,R002362,S003,P0105,Groceries,North,C02324,4,Positive,"Good product overall, minor issues but satisfied.",Yes,15
05-20-2022,R002836,S005,P0128,Furniture,East,C02749,1,Negative,"Product arrived damaged, very unhappy.",Yes,35
05-20-2022,R003016,S002,P0045,Toys,West,C02106,4,Positive,"Works well, decent quality for the price.",Yes,8
05-20-2022,R003019,S002,P0155,Electronics,West,C02140,5,Positive,Best purchase I've made this year.,Yes,2
05-20-2022,R005701,S002,P0106,Furniture,South,C00725,2,Negative,"Below expectations, had some issues.",Yes,14
05-20-2022,R005869,S005,P0160,Groceries,North,C01973,3,Neutral,Decent but could be better.,Yes,19
05-21-2022,R000850,S002,P0094,Groceries,West,C00490,4,Positive,Pretty happy with this purchase.,Yes,13
05-21-2022,R003968,S004,P0072,Groceries,South,C01758,2,Negative,"Below expectations, had some issues.",Yes,1
05-21-2022,R005331,S005,P0188,Electronics,South,C00059,2,Negative,Poor packaging and average product.,Yes,0
05-22-2022,R000236,S002,P0134,Electronics,East,C02461,3,Neutral,"It's okay, met basic expectations.",Yes,2
05-22-2022,R001069,S001,P0131,Clothing,West,C02036,1,Negative,"Worst purchase, do not recommend.",Yes,32
05-22-2022,R002716,S002,P0130,Electronics,South,C00894,5,Positive,"Absolutely love this product, will buy again.",Yes,43
05-22-2022,R002822,S001,P0196,Electronics,West,C02544,5,Positive,Fast delivery and great value for money.,Yes,16
05-22-2022,R003825,S002,P0192,Clothing,West,C02938,4,Positive,Pretty happy with this purchase.,Yes,4
05-22-2022,R003976,S001,P0185,Clothing,East,C01803,3,Neutral,"Neutral experience, neither good nor bad.",Yes,2
05-22-2022,R005279,S004,P0127,Furniture,East,C02540,2,Negative,"Would not recommend, had problems.",Yes,13
05-22-2022,R005380,S004,P0050,Toys,East,C01121,3,Neutral,"Neutral experience, neither good nor bad.",Yes,19
05-22-2022,R005513,S005,P0079,Toys,West,C01007,2,Negative,"Would not recommend, had problems.",Yes,1
05-23-2022,R000483,S004,P0071,Electronics,West,C02273,1,Negative,"Worst purchase, do not recommend.",Yes,2
05-23-2022,R001358,S003,P0179,Electronics,North,C00176,4,Positive,"Solid product, does what it says.",Yes,8
05-23-2022,R002613,S005,P0111,Furniture,East,C02022,4,Positive,"Solid product, does what it says.",Yes,4
05-23-2022,R002689,S005,P0123,Furniture,South,C01876,3,Neutral,"Average product, nothing special.",No,14
05-23-2022,R003281,S002,P0106,Furniture,South,C01817,1,Negative,"Worst purchase, do not recommend.",No,29
05-23-2022,R005397,S003,P0015,Furniture,South,C02981,1,Negative,"Very disappointed, product did not work.",Yes,18
05-24-2022,R000227,S004,P0025,Clothing,North,C01853,2,Negative,"Not very satisfied, quality could improve.",No,10
05-24-2022,R000263,S002,P0158,Electronics,South,C00390,3,Neutral,Fair quality for the price paid.,Yes,15
05-24-2022,R000466,S002,P0133,Groceries,West,C00700,5,Positive,"Highly recommend, works perfectly.",Yes,3
05-24-2022,R001329,S003,P0141,Clothing,North,C02684,1,Negative,"Product arrived damaged, very unhappy.",No,32
05-24-2022,R001792,S005,P0130,Electronics,South,C00552,4,Positive,"Good product overall, minor issues but satisfied.",Yes,17
05-24-2022,R004410,S005,P0108,Furniture,West,C00544,5,Positive,Fast delivery and great value for money.,No,7
05-24-2022,R004558,S004,P0144,Clothing,West,C00986,3,Neutral,Fair quality for the price paid.,Yes,7
05-24-2022,R005080,S002,P0066,Clothing,East,C00023,5,Positive,Fast delivery and great value for money.,Yes,34
05-24-2022,R005620,S004,P0084,Clothing,North,C02838,5,Positive,"Absolutely love this product, will buy again.",No,14
05-24-2022,R005911,S001,P0144,Clothing,North,C00249,5,Positive,Fast delivery and great value for money.,Yes,45
05-25-2022,R000999,S002,P0184,Groceries,South,C01301,5,Positive,"Excellent quality, exceeded my expectations!",No,4
05-25-2022,R001271,S005,P0122,Furniture,West,C00873,5,Positive,"Excellent quality, exceeded my expectations!",Yes,46
05-25-2022,R001806,S002,P0012,Clothing,West,C01509,3,Neutral,Decent but could be better.,Yes,6
05-25-2022,R002674,S005,P0142,Clothing,East,C00159,5,Positive,"Absolutely love this product, will buy again.",Yes,16
05-25-2022,R002685,S003,P0160,Groceries,East,C02101,5,Positive,"Excellent quality, exceeded my expectations!",Yes,1
05-25-2022,R002860,S004,P0071,Electronics,North,C00172,1,Negative,"Very disappointed, product did not work.",Yes,48
05-25-2022,R005178,S003,P0199,Electronics,North,C01607,5,Positive,"Absolutely love this product, will buy again.",No,50
05-25-2022,R005803,S003,P0185,Clothing,West,C00138,3,Neutral,Fair quality for the price paid.,No,3
05-26-2022,R000525,S001,P0154,Groceries,West,C00320,3,Neutral,Decent but could be better.,Yes,2
05-26-2022,R000977,S005,P0200,Furniture,East,C00848,4,Positive,"Works well, decent quality for the price.",Yes,4
05-26-2022,R002481,S002,P0160,Groceries,West,C00017,4,Positive,"Good product overall, minor issues but satisfied.",Yes,10
05-26-2022,R003684,S004,P0063,Furniture,West,C01894,5,Positive,Fast delivery and great value for money.,No,1
05-26-2022,R004003,S001,P0139,Clothing,East,C01709,3,Neutral,"It's okay, met basic expectations.",Yes,12
05-26-2022,R004102,S004,P0054,Toys,North,C02656,4,Positive,"Good value, would recommend to others.",Yes,11
05-26-2022,R004498,S003,P0150,Electronics,North,C01590,3,Neutral,Fair quality for the price paid.,Yes,17
05-26-2022,R004665,S001,P0184,Groceries,North,C02886,3,Neutral,Decent but could be better.,Yes,7
05-26-2022,R004847,S001,P0054,Toys,North,C02487,4,Positive,Pretty happy with this purchase.,Yes,7
05-26-2022,R005171,S001,P0172,Toys,South,C00928,4,Positive,"Works well, decent quality for the price.",Yes,4
05-26-2022,R005890,S004,P0130,Electronics,East,C02689,5,Positive,"Absolutely love this product, will buy again.",Yes,3
05-27-2022,R002238,S004,P0046,Groceries,West,C02510,4,Positive,"Solid product, does what it says.",Yes,6
05-27-2022,R004223,S002,P0047,Groceries,South,C02379,2,Negative,"Below expectations, had some issues.",Yes,7
05-27-2022,R005433,S003,P0120,Clothing,North,C00181,5,Positive,Fast delivery and great value for money.,Yes,12
05-27-2022,R005522,S003,P0055,Groceries,West,C01398,2,Negative,"Not very satisfied, quality could improve.",Yes,4
05-28-2022,R003648,S001,P0190,Toys,South,C01934,4,Positive,"Good product overall, minor issues but satisfied.",Yes,14
05-28-2022,R004068,S002,P0027,Toys,East,C00484,5,Positive,"Absolutely love this product, will buy again.",Yes,44
05-29-2022,R001150,S005,P0147,Groceries,East,C01087,5,Positive,"Excellent quality, exceeded my expectations!",Yes,46
05-29-2022,R001915,S005,P0190,Toys,East,C02836,4,Positive,"Works well, decent quality for the price.",Yes,3
05-29-2022,R002094,S005,P0054,Toys,South,C00871,2,Negative,"Below expectations, had some issues.",No,16
05-29-2022,R002400,S003,P0172,Toys,East,C02789,5,Positive,Best purchase I've made this year.,No,50
05-29-2022,R002446,S004,P0030,Furniture,South,C00899,3,Neutral,Fair quality for the price paid.,No,4
05-29-2022,R003148,S003,P0003,Furniture,South,C01680,5,Positive,"Excellent quality, exceeded my expectations!",Yes,48
05-29-2022,R003193,S003,P0076,Electronics,North,C01314,2,Negative,"Would not recommend, had problems.",Yes,8
05-29-2022,R003302,S002,P0155,Electronics,East,C01515,4,Positive,Pretty happy with this purchase.,Yes,15
05-29-2022,R004041,S005,P0105,Groceries,East,C01699,5,Positive,"Absolutely love this product, will buy again.",Yes,44
05-29-2022,R004279,S004,P0017,Toys,North,C02796,1,Negative,"Terrible experience, would not buy again.",Yes,8
05-29-2022,R004408,S002,P0179,Electronics,North,C02456,4,Positive,"Solid product, does what it says.",Yes,14
05-29-2022,R004413,S002,P0124,Furniture,East,C01228,5,Positive,Fast delivery and great value for money.,Yes,2
05-29-2022,R004599,S002,P0010,Toys,North,C01594,4,Positive,Pretty happy with this purchase.,Yes,17
05-29-2022,R005586,S005,P0013,Toys,East,C01914,3,Neutral,"It's okay, met basic expectations.",Yes,11
05-29-2022,R005726,S005,P0013,Toys,South,C00271,5,Positive,"Absolutely love this product, will buy again.",Yes,6
05-30-2022,R001137,S001,P0168,Furniture,West,C00333,4,Positive,"Good product overall, minor issues but satisfied.",Yes,13
05-30-2022,R001390,S005,P0107,Electronics,South,C02992,3,Neutral,Decent but could be better.,Yes,13
05-30-2022,R001800,S001,P0082,Clothing,West,C01042,1,Negative,"Very disappointed, product did not work.",Yes,22
05-30-2022,R001863,S003,P0192,Clothing,East,C02920,4,Positive,"Good value, would recommend to others.",Yes,9
05-30-2022,R002055,S004,P0049,Electronics,West,C00224,5,Positive,"Highly recommend, works perfectly.",Yes,4
05-30-2022,R002063,S002,P0001,Electronics,East,C00654,2,Negative,Poor packaging and average product.,Yes,13
05-30-2022,R002723,S004,P0043,Groceries,North,C01739,5,Positive,"Highly recommend, works perfectly.",Yes,8
05-30-2022,R003560,S001,P0190,Toys,North,C01663,5,Positive,Fast delivery and great value for money.,Yes,39
05-30-2022,R003828,S003,P0028,Groceries,West,C01743,4,Positive,"Solid product, does what it says.",Yes,11
05-30-2022,R003835,S002,P0171,Furniture,East,C00644,3,Neutral,Decent but could be better.,Yes,15
05-30-2022,R004852,S002,P0164,Groceries,East,C00650,5,Positive,Fast delivery and great value for money.,Yes,43
05-30-2022,R005184,S004,P0106,Furniture,North,C00575,1,Negative,"Product arrived damaged, very unhappy.",Yes,10
05-30-2022,R005977,S002,P0145,Toys,South,C01669,4,Positive,"Solid product, does what it says.",Yes,20
05-31-2022,R000330,S005,P0096,Groceries,North,C02314,4,Positive,"Works well, decent quality for the price.",Yes,8
05-31-2022,R000631,S003,P0059,Furniture,East,C00500,5,Positive,Fast delivery and great value for money.,Yes,46
05-31-2022,R001025,S001,P0089,Groceries,West,C02233,3,Neutral,"Average product, nothing special.",Yes,6
05-31-2022,R001255,S005,P0185,Clothing,West,C00136,2,Negative,"Would not recommend, had problems.",Yes,4
05-31-2022,R001922,S003,P0189,Groceries,West,C00742,1,Negative,"Terrible experience, would not buy again.",No,10
05-31-2022,R002180,S003,P0091,Electronics,South,C02541,4,Positive,Pretty happy with this purchase.,Yes,20
05-31-2022,R003289,S003,P0106,Furniture,East,C00329,5,Positive,Fast delivery and great value for money.,Yes,32
05-31-2022,R004697,S002,P0026,Groceries,East,C00839,2,Negative,"Not very satisfied, quality could improve.",Yes,4
05-31-2022,R004905,S001,P0037,Furniture,East,C02537,5,Positive,Best purchase I've made this year.,Yes,33
06-01-2022,R001169,S005,P0092,Electronics,North,C02155,1,Negative,"Waste of money, poor quality.",Yes,22
06-01-2022,R002350,S004,P0019,Toys,East,C01364,4,Positive,"Good value, would recommend to others.",No,17
06-01-2022,R002355,S003,P0163,Furniture,North,C02190,2,Negative,Disappointed with the product performance.,No,19
06-01-2022,R003857,S005,P0192,Clothing,East,C00939,3,Neutral,"Neutral experience, neither good nor bad.",Yes,20
06-01-2022,R004528,S005,P0001,Electronics,North,C01602,1,Negative,"Waste of money, poor quality.",Yes,2
06-02-2022,R000215,S002,P0012,Clothing,North,C01523,4,Positive,"Good product overall, minor issues but satisfied.",Yes,2
06-02-2022,R000553,S002,P0134,Electronics,East,C00688,4,Positive,"Good product overall, minor issues but satisfied.",Yes,5
06-02-2022,R000594,S005,P0083,Electronics,South,C02797,5,Positive,Fast delivery and great value for money.,Yes,26
06-02-2022,R001034,S003,P0013,Toys,North,C02138,4,Positive,"Works well, decent quality for the price.",Yes,2
06-02-2022,R001967,S003,P0132,Furniture,West,C00218,4,Positive,"Good product overall, minor issues but satisfied.",Yes,15
06-02-2022,R003209,S004,P0001,Electronics,West,C00796,3,Neutral,"Average product, nothing special.",Yes,16
06-02-2022,R003977,S003,P0084,Clothing,South,C02365,4,Positive,"Good value, would recommend to others.",Yes,8
06-02-2022,R004734,S005,P0044,Clothing,South,C02089,5,Positive,Fast delivery and great value for money.,Yes,44
06-03-2022,R000041,S003,P0186,Groceries,East,C02570,5,Positive,"Highly recommend, works perfectly.",Yes,44
06-03-2022,R001303,S001,P0149,Electronics,South,C01186,4,Positive,"Good value, would recommend to others.",Yes,14
06-03-2022,R001712,S005,P0028,Groceries,North,C01658,5,Positive,"Highly recommend, works perfectly.",Yes,29
06-03-2022,R002751,S002,P0196,Electronics,South,C02486,4,Positive,"Good value, would recommend to others.",Yes,2
06-03-2022,R003435,S002,P0025,Clothing,South,C01470,1,Negative,"Worst purchase, do not recommend.",No,29
06-03-2022,R004122,S004,P0162,Toys,East,C01770,5,Positive,"Highly recommend, works perfectly.",Yes,24
06-03-2022,R005056,S004,P0090,Groceries,West,C00458,3,Neutral,"Neutral experience, neither good nor bad.",No,0
06-04-2022,R000207,S005,P0080,Groceries,North,C01543,1,Negative,"Waste of money, poor quality.",Yes,24
06-04-2022,R000479,S002,P0172,Toys,East,C00138,4,Positive,Pretty happy with this purchase.,Yes,20
06-04-2022,R004038,S001,P0189,Groceries,East,C02910,5,Positive,"Excellent quality, exceeded my expectations!",No,10
06-04-2022,R004489,S005,P0181,Toys,South,C02423,4,Positive,"Works well, decent quality for the price.",Yes,0
06-04-2022,R004519,S002,P0158,Electronics,West,C00638,5,Positive,Fast delivery and great value for money.,No,25
06-04-2022,R004778,S002,P0199,Electronics,West,C02509,5,Positive,Fast delivery and great value for money.,Yes,36
06-04-2022,R004833,S003,P0174,Toys,South,C01427,3,Neutral,"Average product, nothing special.",Yes,18
06-05-2022,R000378,S001,P0035,Clothing,South,C00400,5,Positive,Fast delivery and great value for money.,Yes,29
06-05-2022,R000424,S002,P0101,Furniture,West,C02625,5,Positive,"Absolutely love this product, will buy again.",Yes,41
06-05-2022,R001327,S003,P0086,Furniture,East,C02419,5,Positive,"Excellent quality, exceeded my expectations!",Yes,12
06-05-2022,R001680,S004,P0059,Furniture,East,C02494,4,Positive,Pretty happy with this purchase.,Yes,16
06-05-2022,R002096,S002,P0127,Furniture,West,C00867,1,Negative,"Waste of money, poor quality.",Yes,34
06-05-2022,R002338,S004,P0036,Electronics,West,C01115,3,Neutral,Decent but could be better.,No,12
06-05-2022,R003462,S004,P0007,Toys,West,C00006,3,Neutral,"It's okay, met basic expectations.",Yes,12
06-05-2022,R005974,S002,P0182,Toys,South,C02850,3,Neutral,"Average product, nothing special.",Yes,19
06-06-2022,R001002,S003,P0104,Electronics,West,C00390,3,Neutral,"Neutral experience, neither good nor bad.",Yes,2
06-06-2022,R001088,S001,P0133,Groceries,East,C02094,5,Positive,Fast delivery and great value for money.,Yes,42
06-06-2022,R001980,S004,P0114,Groceries,North,C00421,1,Negative,"Terrible experience, would not buy again.",Yes,42
06-06-2022,R002089,S005,P0093,Electronics,West,C01266,4,Positive,"Good value, would recommend to others.",No,4
06-06-2022,R003296,S003,P0137,Furniture,South,C00110,4,Positive,"Solid product, does what it says.",Yes,5
06-06-2022,R003432,S001,P0028,Groceries,South,C02120,5,Positive,Fast delivery and great value for money.,Yes,48
06-06-2022,R004226,S001,P0190,Toys,North,C00940,4,Positive,"Works well, decent quality for the price.",Yes,12
06-06-2022,R005440,S004,P0018,Clothing,North,C00576,5,Positive,Best purchase I've made this year.,Yes,37
06-07-2022,R000273,S002,P0108,Furniture,North,C02407,4,Positive,"Solid product, does what it says.",Yes,16
06-07-2022,R001485,S002,P0029,Groceries,North,C00813,3,Neutral,"It's okay, met basic expectations.",Yes,18
06-07-2022,R003211,S003,P0092,Electronics,East,C02839,4,Positive,"Good product overall, minor issues but satisfied.",Yes,5
06-07-2022,R004792,S002,P0125,Toys,West,C00642,4,Positive,"Solid product, does what it says.",Yes,6
06-07-2022,R004911,S003,P0133,Groceries,West,C02313,3,Neutral,"It's okay, met basic expectations.",Yes,1
06-07-2022,R005612,S005,P0012,Clothing,East,C00656,3,Neutral,Decent but could be better.,Yes,10
06-07-2022,R005897,S002,P0125,Toys,South,C01765,4,Positive,"Good value, would recommend to others.",Yes,16
06-07-2022,R005968,S003,P0031,Toys,East,C01329,4,Positive,"Works well, decent quality for the price.",No,13
06-08-2022,R001200,S003,P0059,Furniture,West,C00112,3,Neutral,"Neutral experience, neither good nor bad.",Yes,20
06-08-2022,R001264,S003,P0033,Toys,West,C01254,5,Positive,"Excellent quality, exceeded my expectations!",No,39
06-08-2022,R001337,S005,P0108,Furniture,North,C01217,3,Neutral,"It's okay, met basic expectations.",No,3
06-08-2022,R001669,S002,P0063,Furniture,North,C02363,5,Positive,"Absolutely love this product, will buy again.",Yes,4
06-08-2022,R002022,S001,P0177,Clothing,East,C00719,5,Positive,Best purchase I've made this year.,No,3
06-08-2022,R003103,S001,P0188,Electronics,West,C00627,5,Positive,"Absolutely love this product, will buy again.",Yes,26
06-08-2022,R003663,S002,P0003,Furniture,South,C00068,5,Positive,Best purchase I've made this year.,Yes,14
06-08-2022,R003819,S004,P0106,Furniture,West,C00238,4,Positive,"Works well, decent quality for the price.",No,18
06-08-2022,R004454,S003,P0013,Toys,North,C02243,3,Neutral,"Neutral experience, neither good nor bad.",No,0
06-08-2022,R005838,S004,P0107,Electronics,West,C02001,5,Positive,Best purchase I've made this year.,Yes,10
06-09-2022,R000198,S004,P0198,Groceries,North,C02640,4,Positive,"Good product overall, minor issues but satisfied.",Yes,4
06-09-2022,R000216,S003,P0153,Furniture,West,C02487,5,Positive,"Highly recommend, works perfectly.",Yes,2
06-09-2022,R000301,S004,P0190,Toys,West,C02313,4,Positive,"Works well, decent quality for the price.",Yes,18
06-09-2022,R002561,S002,P0125,Toys,East,C00154,4,Positive,"Works well, decent quality for the price.",No,17
06-09-2022,R004099,S002,P0076,Electronics,South,C02373,4,Positive,"Solid product, does what it says.",Yes,4
06-09-2022,R005143,S005,P0149,Electronics,South,C01687,3,Neutral,"Neutral experience, neither good nor bad.",Yes,20
06-09-2022,R005414,S004,P0065,Electronics,North,C00735,4,Positive,"Good value, would recommend to others.",No,3
06-09-2022,R005417,S001,P0178,Toys,East,C02008,4,Positive,Pretty happy with this purchase.,Yes,20
06-09-2022,R005604,S003,P0152,Clothing,West,C02713,5,Positive,"Excellent quality, exceeded my expectations!",Yes,15
06-10-2022,R000736,S005,P0196,Electronics,East,C01933,4,Positive,"Works well, decent quality for the price.",No,6
06-10-2022,R004515,S001,P0009,Groceries,North,C00643,5,Positive,Fast delivery and great value for money.,Yes,36
06-10-2022,R004950,S003,P0031,Toys,South,C02424,3,Neutral,Fair quality for the price paid.,Yes,15
06-10-2022,R005124,S003,P0080,Groceries,East,C01606,5,Positive,"Excellent quality, exceeded my expectations!",Yes,25
06-10-2022,R005982,S002,P0121,Clothing,South,C01471,5,Positive,"Highly recommend, works perfectly.",No,48
06-11-2022,R001733,S001,P0139,Clothing,West,C00476,5,Positive,"Absolutely love this product, will buy again.",No,32
06-11-2022,R002320,S004,P0060,Electronics,North,C01330,5,Positive,"Highly recommend, works perfectly.",No,11
06-11-2022,R002724,S001,P0200,Furniture,East,C02944,3,Neutral,"Average product, nothing special.",Yes,5
06-11-2022,R002990,S002,P0178,Toys,South,C00623,2,Negative,Disappointed with the product performance.,Yes,20
06-11-2022,R002996,S005,P0090,Groceries,South,C01719,4,Positive,"Works well, decent quality for the price.",Yes,6
06-11-2022,R004576,S004,P0200,Furniture,North,C02459,3,Neutral,Decent but could be better.,Yes,13
06-11-2022,R005141,S004,P0131,Clothing,South,C02123,5,Positive,Best purchase I've made this year.,Yes,8
06-12-2022,R000010,S002,P0033,Toys,West,C02687,5,Positive,Best purchase I've made this year.,Yes,38
06-12-2022,R000129,S002,P0004,Toys,East,C00393,3,Neutral,"Neutral experience, neither good nor bad.",Yes,4
06-12-2022,R000261,S005,P0018,Clothing,South,C02118,4,Positive,"Good product overall, minor issues but satisfied.",Yes,14
06-12-2022,R000644,S005,P0140,Toys,North,C02016,1,Negative,"Very disappointed, product did not work.",No,48
06-12-2022,R001651,S003,P0178,Toys,East,C00695,4,Positive,"Good product overall, minor issues but satisfied.",Yes,6
06-12-2022,R002396,S002,P0024,Toys,South,C01134,3,Neutral,"Neutral experience, neither good nor bad.",No,19
06-12-2022,R004299,S005,P0075,Furniture,South,C01054,4,Positive,"Works well, decent quality for the price.",Yes,20
06-12-2022,R004808,S004,P0104,Electronics,South,C02427,3,Neutral,Fair quality for the price paid.,Yes,13
06-13-2022,R000090,S002,P0105,Groceries,West,C02264,4,Positive,"Good value, would recommend to others.",Yes,5
06-13-2022,R000673,S003,P0129,Groceries,West,C01898,4,Positive,"Good value, would recommend to others.",Yes,0
06-13-2022,R000946,S003,P0096,Groceries,East,C01015,4,Positive,"Works well, decent quality for the price.",Yes,12
06-13-2022,R001508,S002,P0094,Groceries,North,C00295,3,Neutral,Decent but could be better.,Yes,20
06-13-2022,R002023,S004,P0009,Groceries,South,C00692,5,Positive,Best purchase I've made this year.,Yes,22
06-13-2022,R003023,S002,P0059,Furniture,North,C00693,1,Negative,"Very disappointed, product did not work.",Yes,11
06-13-2022,R003448,S003,P0120,Clothing,South,C02844,3,Neutral,"Neutral experience, neither good nor bad.",Yes,19
06-13-2022,R003644,S005,P0105,Groceries,South,C00436,5,Positive,Fast delivery and great value for money.,Yes,15
06-13-2022,R004079,S001,P0062,Groceries,East,C02135,1,Negative,"Very disappointed, product did not work.",Yes,21
06-13-2022,R004305,S004,P0094,Groceries,East,C02335,5,Positive,"Absolutely love this product, will buy again.",Yes,19
06-13-2022,R004861,S003,P0026,Groceries,South,C01793,2,Negative,"Not very satisfied, quality could improve.",Yes,8
06-13-2022,R005280,S004,P0150,Electronics,West,C00385,4,Positive,Pretty happy with this purchase.,Yes,9
06-13-2022,R005376,S004,P0110,Toys,South,C00994,3,Neutral,"Neutral experience, neither good nor bad.",Yes,17
06-13-2022,R005395,S004,P0173,Clothing,North,C01819,4,Positive,Pretty happy with this purchase.,Yes,12
06-14-2022,R003771,S002,P0081,Furniture,West,C00987,5,Positive,"Highly recommend, works perfectly.",Yes,35
06-14-2022,R004027,S005,P0145,Toys,East,C02230,5,Positive,Best purchase I've made this year.,No,6
06-14-2022,R005921,S003,P0056,Clothing,North,C01261,1,Negative,"Terrible experience, would not buy again.",Yes,39
06-15-2022,R000376,S003,P0175,Clothing,North,C00860,5,Positive,"Excellent quality, exceeded my expectations!",No,47
06-15-2022,R001095,S002,P0193,Groceries,South,C00871,5,Positive,"Excellent quality, exceeded my expectations!",Yes,5
06-15-2022,R001476,S004,P0065,Electronics,West,C00611,1,Negative,"Worst purchase, do not recommend.",Yes,28
06-15-2022,R002383,S002,P0144,Clothing,North,C00758,4,Positive,"Works well, decent quality for the price.",Yes,12
06-15-2022,R002823,S003,P0078,Toys,North,C00528,4,Positive,"Good value, would recommend to others.",Yes,13
06-15-2022,R002940,S001,P0093,Electronics,South,C02294,5,Positive,"Highly recommend, works perfectly.",Yes,48
06-16-2022,R000508,S005,P0132,Furniture,South,C00010,5,Positive,Best purchase I've made this year.,Yes,1
06-16-2022,R000942,S004,P0121,Clothing,East,C00756,5,Positive,Best purchase I've made this year.,Yes,43
06-16-2022,R002349,S001,P0154,Groceries,North,C00426,4,Positive,"Works well, decent quality for the price.",Yes,14
06-16-2022,R002893,S002,P0059,Furniture,South,C01093,3,Neutral,Fair quality for the price paid.,Yes,18
06-16-2022,R003779,S004,P0182,Toys,South,C00185,3,Neutral,Decent but could be better.,Yes,4
06-16-2022,R003925,S005,P0118,Clothing,South,C02531,2,Negative,"Not very satisfied, quality could improve.",Yes,7
06-16-2022,R004199,S002,P0071,Electronics,West,C00560,2,Negative,"Below expectations, had some issues.",Yes,11
06-16-2022,R004346,S005,P0174,Toys,West,C01214,3,Neutral,Fair quality for the price paid.,Yes,1
06-16-2022,R005990,S003,P0136,Electronics,East,C01965,3,Neutral,"Neutral experience, neither good nor bad.",Yes,13
06-17-2022,R003055,S002,P0064,Electronics,North,C02527,1,Negative,"Terrible experience, would not buy again.",No,9
06-17-2022,R003605,S003,P0003,Furniture,East,C02263,3,Neutral,Fair quality for the price paid.,Yes,11
06-17-2022,R003695,S003,P0136,Electronics,West,C00339,1,Negative,"Waste of money, poor quality.",Yes,49
06-17-2022,R004618,S004,P0190,Toys,East,C02171,3,Neutral,Fair quality for the price paid.,Yes,10
06-17-2022,R005345,S004,P0085,Furniture,West,C02555,2,Negative,"Below expectations, had some issues.",Yes,9
06-18-2022,R000248,S001,P0163,Furniture,North,C02470,3,Neutral,Fair quality for the price paid.,Yes,12
06-18-2022,R000325,S004,P0076,Electronics,West,C02766,4,Positive,"Solid product, does what it says.",Yes,6
06-18-2022,R000611,S002,P0005,Toys,West,C00219,2,Negative,Disappointed with the product performance.,No,6
06-18-2022,R002678,S002,P0019,Toys,East,C01876,1,Negative,"Waste of money, poor quality.",Yes,46
06-18-2022,R003059,S001,P0056,Clothing,South,C00015,3,Neutral,Decent but could be better.,Yes,2
06-18-2022,R003853,S003,P0164,Groceries,East,C02654,3,Neutral,"It's okay, met basic expectations.",Yes,10
06-18-2022,R004727,S004,P0106,Furniture,South,C00804,3,Neutral,"It's okay, met basic expectations.",Yes,10
06-18-2022,R005562,S005,P0111,Furniture,West,C01896,4,Positive,"Good product overall, minor issues but satisfied.",Yes,8
06-18-2022,R005665,S005,P0081,Furniture,South,C01723,5,Positive,Best purchase I've made this year.,Yes,44
06-18-2022,R005720,S001,P0120,Clothing,North,C01236,4,Positive,"Good product overall, minor issues but satisfied.",Yes,0
06-19-2022,R000118,S002,P0017,Toys,South,C00651,4,Positive,Pretty happy with this purchase.,Yes,19
06-19-2022,R002076,S004,P0030,Furniture,East,C02225,5,Positive,Best purchase I've made this year.,No,25
06-19-2022,R002554,S001,P0095,Furniture,West,C00067,4,Positive,"Works well, decent quality for the price.",Yes,3
06-19-2022,R002712,S001,P0185,Clothing,West,C01896,3,Neutral,Decent but could be better.,Yes,0
06-19-2022,R002921,S001,P0177,Clothing,East,C01292,4,Positive,"Works well, decent quality for the price.",Yes,5
06-19-2022,R003409,S004,P0115,Toys,West,C01496,5,Positive,"Highly recommend, works perfectly.",Yes,41
06-19-2022,R003769,S001,P0045,Toys,North,C02441,5,Positive,Fast delivery and great value for money.,Yes,47
06-20-2022,R000255,S001,P0016,Furniture,South,C02187,5,Positive,"Highly recommend, works perfectly.",No,28
06-20-2022,R001064,S004,P0007,Toys,East,C01175,5,Positive,Fast delivery and great value for money.,Yes,39
06-20-2022,R004520,S001,P0117,Toys,West,C01615,5,Positive,Best purchase I've made this year.,Yes,41
06-20-2022,R005158,S004,P0051,Groceries,East,C02800,5,Positive,Best purchase I've made this year.,Yes,11
06-21-2022,R001675,S002,P0199,Electronics,East,C00604,4,Positive,"Good value, would recommend to others.",Yes,15
06-21-2022,R001757,S001,P0163,Furniture,West,C02244,5,Positive,Fast delivery and great value for money.,Yes,13
06-21-2022,R002870,S004,P0161,Groceries,West,C00331,4,Positive,"Good value, would recommend to others.",Yes,8
06-21-2022,R004849,S004,P0102,Toys,South,C00478,5,Positive,"Absolutely love this product, will buy again.",No,46
06-21-2022,R005845,S001,P0152,Clothing,South,C02499,2,Negative,Disappointed with the product performance.,Yes,7
06-22-2022,R000308,S003,P0089,Groceries,North,C00562,5,Positive,Fast delivery and great value for money.,Yes,45
06-22-2022,R000338,S003,P0191,Toys,South,C01048,3,Neutral,"Average product, nothing special.",Yes,11
06-22-2022,R000635,S001,P0119,Electronics,East,C02496,5,Positive,"Absolutely love this product, will buy again.",Yes,12
06-22-2022,R003313,S001,P0151,Toys,West,C01222,3,Neutral,Fair quality for the price paid.,Yes,10
06-22-2022,R004280,S002,P0096,Groceries,East,C01990,5,Positive,"Highly recommend, works perfectly.",Yes,45
06-22-2022,R005001,S002,P0131,Clothing,South,C00421,3,Neutral,"Neutral experience, neither good nor bad.",Yes,18
06-23-2022,R000156,S004,P0113,Clothing,South,C01369,4,Positive,"Works well, decent quality for the price.",Yes,7
06-23-2022,R002967,S004,P0082,Clothing,North,C01548,2,Negative,"Not very satisfied, quality could improve.",Yes,19
06-23-2022,R003414,S001,P0008,Electronics,East,C01518,1,Negative,"Very disappointed, product did not work.",Yes,20
06-23-2022,R003620,S004,P0079,Toys,South,C00206,4,Positive,"Works well, decent quality for the price.",Yes,9
06-23-2022,R004322,S003,P0088,Toys,West,C02926,4,Positive,"Works well, decent quality for the price.",Yes,14
06-23-2022,R005074,S004,P0021,Furniture,North,C00986,4,Positive,"Good value, would recommend to others.",Yes,15
06-23-2022,R005087,S001,P0157,Groceries,North,C01303,2,Negative,"Not very satisfied, quality could improve.",Yes,3
06-24-2022,R004267,S003,P0012,Clothing,East,C00716,5,Positive,Best purchase I've made this year.,Yes,46
06-24-2022,R004547,S001,P0096,Groceries,West,C00269,4,Positive,"Works well, decent quality for the price.",Yes,18
06-24-2022,R004580,S002,P0069,Toys,East,C00970,5,Positive,Best purchase I've made this year.,No,8
06-24-2022,R004845,S001,P0024,Toys,South,C01838,3,Neutral,Fair quality for the price paid.,Yes,19
06-24-2022,R005188,S003,P0190,Toys,South,C00280,5,Positive,"Highly recommend, works perfectly.",Yes,50
06-25-2022,R000762,S004,P0039,Groceries,South,C00503,2,Negative,"Below expectations, had some issues.",Yes,13
06-25-2022,R000887,S003,P0138,Clothing,East,C01096,2,Negative,Poor packaging and average product.,Yes,18
06-25-2022,R001461,S001,P0130,Electronics,South,C02787,3,Neutral,Fair quality for the price paid.,Yes,5
06-25-2022,R001579,S004,P0132,Furniture,East,C01985,5,Positive,"Absolutely love this product, will buy again.",Yes,18
06-25-2022,R001610,S002,P0120,Clothing,West,C02389,4,Positive,"Good value, would recommend to others.",Yes,12
06-25-2022,R001855,S001,P0058,Groceries,North,C02303,4,Positive,"Good value, would recommend to others.",Yes,1
06-25-2022,R002747,S001,P0196,Electronics,West,C02914,4,Positive,"Solid product, does what it says.",Yes,16
06-25-2022,R004172,S002,P0107,Electronics,East,C00582,3,Neutral,Decent but could be better.,Yes,11
06-25-2022,R004669,S003,P0176,Furniture,North,C02353,2,Negative,"Below expectations, had some issues.",Yes,11
06-25-2022,R005420,S001,P0035,Clothing,East,C00328,3,Neutral,Decent but could be better.,Yes,3
06-25-2022,R005763,S004,P0111,Furniture,West,C00958,5,Positive,Fast delivery and great value for money.,Yes,5
06-26-2022,R000222,S001,P0066,Clothing,South,C00114,5,Positive,"Highly recommend, works perfectly.",Yes,3
06-26-2022,R000600,S003,P0199,Electronics,East,C02673,2,Negative,Poor packaging and average product.,No,17
06-26-2022,R001569,S003,P0173,Clothing,North,C00420,5,Positive,Fast delivery and great value for money.,Yes,0
06-26-2022,R004635,S004,P0035,Clothing,South,C01541,5,Positive,Best purchase I've made this year.,Yes,40
06-26-2022,R004705,S005,P0151,Toys,South,C02869,4,Positive,"Solid product, does what it says.",Yes,13
06-26-2022,R005336,S003,P0004,Toys,North,C02147,4,Positive,"Solid product, does what it says.",Yes,2
06-26-2022,R005740,S002,P0147,Groceries,East,C00868,5,Positive,Fast delivery and great value for money.,Yes,48
06-26-2022,R005774,S005,P0018,Clothing,North,C00184,4,Positive,"Good value, would recommend to others.",Yes,16
06-27-2022,R000092,S002,P0035,Clothing,North,C02206,4,Positive,"Works well, decent quality for the price.",Yes,3
06-27-2022,R001332,S004,P0100,Electronics,South,C00853,5,Positive,"Absolutely love this product, will buy again.",Yes,40
06-27-2022,R001897,S004,P0176,Furniture,West,C00660,5,Positive,Best purchase I've made this year.,Yes,44
06-27-2022,R002003,S002,P0061,Furniture,South,C00551,3,Neutral,"It's okay, met basic expectations.",Yes,5
06-27-2022,R002550,S002,P0010,Toys,East,C01149,3,Neutral,"It's okay, met basic expectations.",Yes,13
06-27-2022,R002755,S003,P0116,Furniture,East,C00377,3,Neutral,"Average product, nothing special.",Yes,7
06-27-2022,R003372,S005,P0141,Clothing,East,C00198,4,Positive,"Solid product, does what it says.",Yes,20
06-27-2022,R003551,S002,P0163,Furniture,West,C00257,5,Positive,"Highly recommend, works perfectly.",Yes,49
06-27-2022,R004886,S003,P0056,Clothing,North,C01878,5,Positive,"Excellent quality, exceeded my expectations!",Yes,39
06-27-2022,R005949,S003,P0015,Furniture,South,C00973,5,Positive,"Excellent quality, exceeded my expectations!",Yes,31
06-28-2022,R000134,S005,P0080,Groceries,West,C02967,5,Positive,"Excellent quality, exceeded my expectations!",Yes,45
06-28-2022,R000939,S001,P0194,Furniture,West,C01311,4,Positive,Pretty happy with this purchase.,Yes,13
06-28-2022,R001527,S002,P0129,Groceries,West,C02908,2,Negative,Poor packaging and average product.,Yes,5
06-28-2022,R001705,S005,P0027,Toys,West,C02909,4,Positive,"Works well, decent quality for the price.",Yes,4
06-28-2022,R002907,S003,P0004,Toys,North,C02854,3,Neutral,Decent but could be better.,Yes,12
06-28-2022,R003374,S004,P0047,Groceries,North,C01687,5,Positive,"Highly recommend, works perfectly.",No,28
06-28-2022,R003396,S003,P0135,Furniture,East,C02344,5,Positive,"Excellent quality, exceeded my expectations!",Yes,46
06-28-2022,R004097,S002,P0130,Electronics,North,C02804,5,Positive,"Absolutely love this product, will buy again.",Yes,35
06-28-2022,R004294,S005,P0019,Toys,East,C01127,5,Positive,"Absolutely love this product, will buy again.",Yes,44
06-28-2022,R004913,S001,P0050,Toys,East,C00871,3,Neutral,"Neutral experience, neither good nor bad.",Yes,11
06-29-2022,R000136,S002,P0027,Toys,South,C00505,5,Positive,"Excellent quality, exceeded my expectations!",Yes,47
06-29-2022,R001678,S001,P0185,Clothing,East,C02928,5,Positive,"Absolutely love this product, will buy again.",No,34
06-29-2022,R004030,S003,P0143,Clothing,East,C01333,3,Neutral,"It's okay, met basic expectations.",Yes,15
06-29-2022,R004212,S001,P0064,Electronics,North,C02930,2,Negative,Poor packaging and average product.,Yes,0
06-29-2022,R004430,S003,P0114,Groceries,South,C00227,4,Positive,"Good value, would recommend to others.",Yes,14
06-30-2022,R000523,S005,P0113,Clothing,East,C01602,3,Neutral,Decent but could be better.,Yes,8
06-30-2022,R001323,S004,P0106,Furniture,North,C01891,5,Positive,"Highly recommend, works perfectly.",Yes,34
06-30-2022,R003728,S002,P0181,Toys,South,C00045,4,Positive,Pretty happy with this purchase.,Yes,2
06-30-2022,R004171,S004,P0027,Toys,West,C02631,4,Positive,"Good product overall, minor issues but satisfied.",Yes,4
06-30-2022,R004289,S003,P0100,Electronics,South,C02464,4,Positive,"Solid product, does what it says.",Yes,15
07-01-2022,R000395,S001,P0083,Electronics,North,C00504,4,Positive,"Good value, would recommend to others.",Yes,8
07-01-2022,R001154,S002,P0108,Furniture,East,C00743,3,Neutral,Fair quality for the price paid.,No,13
07-01-2022,R004047,S001,P0004,Toys,North,C01650,5,Positive,"Excellent quality, exceeded my expectations!",Yes,26
07-02-2022,R001406,S004,P0110,Toys,East,C01969,4,Positive,Pretty happy with this purchase.,Yes,2
07-02-2022,R001509,S003,P0006,Groceries,East,C02478,5,Positive,Best purchase I've made this year.,Yes,8
07-02-2022,R001519,S002,P0159,Clothing,South,C01336,5,Positive,Best purchase I've made this year.,Yes,16
07-02-2022,R001578,S002,P0021,Furniture,East,C02259,3,Neutral,"Average product, nothing special.",Yes,15
07-02-2022,R001640,S005,P0193,Groceries,North,C02685,2,Negative,"Below expectations, had some issues.",Yes,19
07-02-2022,R001937,S003,P0106,Furniture,East,C01931,5,Positive,Best purchase I've made this year.,No,45
07-02-2022,R003952,S004,P0050,Toys,South,C02872,5,Positive,"Absolutely love this product, will buy again.",Yes,8
07-02-2022,R004521,S005,P0116,Furniture,South,C01953,5,Positive,Best purchase I've made this year.,Yes,0
07-02-2022,R005672,S004,P0112,Electronics,North,C02766,1,Negative,"Very disappointed, product did not work.",Yes,48
07-02-2022,R005691,S005,P0020,Groceries,North,C02850,4,Positive,"Good value, would recommend to others.",Yes,3
07-03-2022,R001559,S005,P0070,Groceries,East,C01975,1,Negative,"Terrible experience, would not buy again.",Yes,11
07-03-2022,R002144,S003,P0059,Furniture,North,C02039,4,Positive,"Good value, would recommend to others.",No,14
07-03-2022,R002308,S004,P0197,Electronics,East,C00870,5,Positive,Fast delivery and great value for money.,No,3
07-03-2022,R002514,S001,P0197,Electronics,West,C00453,5,Positive,Fast delivery and great value for money.,No,3
07-03-2022,R003816,S002,P0154,Groceries,West,C01073,5,Positive,Best purchase I've made this year.,Yes,38
07-03-2022,R003917,S004,P0077,Groceries,North,C00824,4,Positive,"Works well, decent quality for the price.",Yes,1
07-03-2022,R004405,S002,P0169,Toys,West,C01884,5,Positive,Fast delivery and great value for money.,Yes,1
07-03-2022,R004704,S005,P0118,Clothing,East,C00781,4,Positive,"Solid product, does what it says.",Yes,11
07-03-2022,R005578,S001,P0064,Electronics,West,C02057,4,Positive,"Works well, decent quality for the price.",Yes,13
07-04-2022,R001216,S001,P0088,Toys,South,C00638,4,Positive,"Good product overall, minor issues but satisfied.",No,9
07-04-2022,R002266,S005,P0131,Clothing,North,C02117,5,Positive,"Highly recommend, works perfectly.",Yes,22
07-04-2022,R003041,S002,P0048,Clothing,South,C01948,3,Neutral,"It's okay, met basic expectations.",Yes,2
07-04-2022,R003706,S003,P0048,Clothing,West,C02994,5,Positive,"Highly recommend, works perfectly.",Yes,6
07-04-2022,R003750,S005,P0123,Furniture,West,C02471,4,Positive,"Solid product, does what it says.",Yes,20
07-04-2022,R003891,S004,P0117,Toys,East,C02714,5,Positive,"Excellent quality, exceeded my expectations!",Yes,30
07-04-2022,R005224,S003,P0199,Electronics,West,C02547,4,Positive,"Works well, decent quality for the price.",Yes,20
07-04-2022,R005659,S004,P0192,Clothing,South,C00762,3,Neutral,"Average product, nothing special.",Yes,18
07-05-2022,R001849,S004,P0063,Furniture,East,C00269,5,Positive,"Absolutely love this product, will buy again.",Yes,14
07-05-2022,R002277,S005,P0086,Furniture,North,C00289,3,Neutral,"It's okay, met basic expectations.",Yes,17
07-05-2022,R004736,S004,P0061,Furniture,South,C00541,3,Neutral,Decent but could be better.,Yes,8
07-05-2022,R005061,S002,P0015,Furniture,South,C00219,3,Neutral,"It's okay, met basic expectations.",Yes,15
07-05-2022,R005233,S004,P0093,Electronics,East,C00776,4,Positive,"Works well, decent quality for the price.",Yes,8
07-05-2022,R005944,S001,P0080,Groceries,North,C00873,4,Positive,"Works well, decent quality for the price.",Yes,17
07-06-2022,R000369,S003,P0156,Groceries,South,C00664,3,Neutral,"It's okay, met basic expectations.",Yes,11
07-06-2022,R000885,S005,P0085,Furniture,West,C00078,5,Positive,"Highly recommend, works perfectly.",Yes,26
07-06-2022,R002164,S005,P0035,Clothing,South,C02164,4,Positive,"Works well, decent quality for the price.",Yes,5
07-06-2022,R003376,S001,P0127,Furniture,South,C01658,4,Positive,"Works well, decent quality for the price.",Yes,4
07-06-2022,R004272,S001,P0040,Toys,North,C01878,1,Negative,"Waste of money, poor quality.",Yes,7
07-06-2022,R004879,S004,P0060,Electronics,North,C01148,4,Positive,"Good product overall, minor issues but satisfied.",Yes,5
07-07-2022,R000015,S005,P0002,Clothing,East,C02536,5,Positive,Best purchase I've made this year.,Yes,35
07-07-2022,R000742,S005,P0049,Electronics,East,C00792,4,Positive,"Solid product, does what it says.",Yes,16
07-07-2022,R001084,S003,P0192,Clothing,North,C00593,3,Neutral,"Neutral experience, neither good nor bad.",No,5
07-07-2022,R001294,S001,P0046,Groceries,South,C00950,2,Negative,"Not very satisfied, quality could improve.",Yes,15
07-07-2022,R001734,S001,P0200,Furniture,East,C00110,5,Positive,Fast delivery and great value for money.,Yes,15
07-07-2022,R002041,S005,P0039,Groceries,West,C00005,5,Positive,"Highly recommend, works perfectly.",No,20
07-07-2022,R002052,S005,P0090,Groceries,North,C02635,3,Neutral,Fair quality for the price paid.,No,12
07-07-2022,R003488,S004,P0072,Groceries,South,C01569,5,Positive,Fast delivery and great value for money.,Yes,32
07-07-2022,R003596,S005,P0081,Furniture,North,C02841,1,Negative,"Terrible experience, would not buy again.",Yes,14
07-07-2022,R003803,S005,P0017,Toys,West,C02268,4,Positive,"Solid product, does what it says.",No,11
07-07-2022,R003987,S003,P0092,Electronics,South,C02339,4,Positive,Pretty happy with this purchase.,No,3
07-07-2022,R004440,S005,P0066,Clothing,East,C02208,2,Negative,"Below expectations, had some issues.",Yes,17
07-07-2022,R004796,S005,P0117,Toys,East,C00451,3,Neutral,Fair quality for the price paid.,No,9
07-07-2022,R005981,S005,P0070,Groceries,South,C00173,4,Positive,"Good product overall, minor issues but satisfied.",Yes,5
07-08-2022,R001648,S003,P0113,Clothing,North,C02993,4,Positive,"Solid product, does what it says.",Yes,7
07-08-2022,R002748,S004,P0070,Groceries,West,C02781,1,Negative,"Very disappointed, product did not work.",Yes,39
07-08-2022,R004133,S001,P0070,Groceries,East,C02168,1,Negative,"Product arrived damaged, very unhappy.",Yes,28
07-08-2022,R005738,S002,P0052,Toys,East,C00409,5,Positive,Fast delivery and great value for money.,Yes,39
07-09-2022,R000342,S002,P0142,Clothing,South,C00591,2,Negative,"Would not recommend, had problems.",Yes,8
07-09-2022,R001273,S005,P0123,Furniture,North,C02785,2,Negative,Poor packaging and average product.,Yes,10
07-09-2022,R003537,S003,P0120,Clothing,East,C02825,3,Neutral,"Average product, nothing special.",Yes,4
07-09-2022,R004890,S003,P0197,Electronics,North,C02959,5,Positive,"Highly recommend, works perfectly.",Yes,42
07-09-2022,R005323,S001,P0036,Electronics,West,C00892,5,Positive,"Excellent quality, exceeded my expectations!",Yes,37
07-09-2022,R005682,S005,P0175,Clothing,East,C02522,2,Negative,Disappointed with the product performance.,No,19
07-09-2022,R005942,S001,P0186,Groceries,South,C02384,5,Positive,Best purchase I've made this year.,Yes,2
07-09-2022,R005951,S004,P0026,Groceries,North,C02788,2,Negative,Disappointed with the product performance.,Yes,7
07-10-2022,R000926,S005,P0008,Electronics,North,C01111,2,Negative,"Below expectations, had some issues.",Yes,19
07-10-2022,R001847,S005,P0200,Furniture,North,C01887,5,Positive,Fast delivery and great value for money.,Yes,45
07-10-2022,R002450,S004,P0011,Groceries,West,C01609,3,Neutral,Decent but could be better.,Yes,2
07-10-2022,R002515,S005,P0102,Toys,East,C00559,5,Positive,"Highly recommend, works perfectly.",Yes,16
07-10-2022,R002527,S004,P0175,Clothing,West,C02233,5,Positive,Fast delivery and great value for money.,Yes,50
07-10-2022,R002993,S001,P0193,Groceries,South,C00309,5,Positive,"Highly recommend, works perfectly.",Yes,25
07-10-2022,R003443,S005,P0173,Clothing,West,C01421,5,Positive,"Highly recommend, works perfectly.",Yes,17
07-10-2022,R003740,S005,P0134,Electronics,West,C01433,3,Neutral,"Average product, nothing special.",Yes,4
07-10-2022,R003748,S003,P0064,Electronics,East,C00646,3,Neutral,"Average product, nothing special.",Yes,8
07-10-2022,R003781,S005,P0014,Toys,East,C02453,3,Neutral,Fair quality for the price paid.,Yes,5
07-10-2022,R005560,S002,P0141,Clothing,South,C00955,4,Positive,Pretty happy with this purchase.,Yes,2
07-11-2022,R001082,S004,P0048,Clothing,West,C02569,3,Neutral,"Neutral experience, neither good nor bad.",Yes,17
07-11-2022,R001690,S005,P0075,Furniture,East,C02930,1,Negative,"Terrible experience, would not buy again.",Yes,29
07-11-2022,R001774,S001,P0150,Electronics,South,C00737,2,Negative,"Not very satisfied, quality could improve.",No,5
07-11-2022,R002419,S002,P0040,Toys,East,C02254,3,Neutral,"Neutral experience, neither good nor bad.",Yes,15
07-11-2022,R002540,S001,P0111,Furniture,East,C02007,5,Positive,"Excellent quality, exceeded my expectations!",Yes,31
07-11-2022,R003052,S005,P0144,Clothing,South,C02869,4,Positive,"Works well, decent quality for the price.",Yes,19
07-11-2022,R004595,S003,P0106,Furniture,East,C01069,1,Negative,"Waste of money, poor quality.",No,15
07-11-2022,R005514,S005,P0162,Toys,North,C01772,5,Positive,"Absolutely love this product, will buy again.",Yes,46
07-12-2022,R000360,S003,P0138,Clothing,West,C00870,4,Positive,"Good product overall, minor issues but satisfied.",Yes,0
07-12-2022,R000574,S005,P0144,Clothing,West,C01578,3,Neutral,"Neutral experience, neither good nor bad.",Yes,0
07-12-2022,R001342,S004,P0108,Furniture,South,C00889,4,Positive,Pretty happy with this purchase.,Yes,16
07-12-2022,R002278,S001,P0124,Furniture,East,C00688,5,Positive,Best purchase I've made this year.,Yes,8
07-12-2022,R002581,S005,P0107,Electronics,West,C00267,4,Positive,Pretty happy with this purchase.,Yes,20
07-12-2022,R002904,S002,P0021,Furniture,East,C02282,5,Positive,"Excellent quality, exceeded my expectations!",Yes,38
07-12-2022,R004794,S003,P0121,Clothing,South,C02985,5,Positive,"Absolutely love this product, will buy again.",Yes,13
07-12-2022,R005717,S003,P0176,Furniture,West,C01894,2,Negative,Disappointed with the product performance.,Yes,5
07-13-2022,R000259,S005,P0140,Toys,North,C00049,1,Negative,"Product arrived damaged, very unhappy.",No,10
07-13-2022,R002135,S004,P0096,Groceries,West,C00498,2,Negative,Poor packaging and average product.,Yes,17
07-13-2022,R003230,S001,P0107,Electronics,West,C02397,5,Positive,"Absolutely love this product, will buy again.",Yes,24
07-13-2022,R003390,S005,P0082,Clothing,West,C00579,4,Positive,"Works well, decent quality for the price.",No,7
07-13-2022,R003439,S004,P0086,Furniture,West,C01111,5,Positive,"Highly recommend, works perfectly.",Yes,10
07-13-2022,R003721,S005,P0183,Toys,North,C02106,5,Positive,"Excellent quality, exceeded my expectations!",Yes,6
07-13-2022,R003785,S005,P0065,Electronics,West,C01645,3,Neutral,"It's okay, met basic expectations.",Yes,12
07-13-2022,R005329,S005,P0044,Clothing,West,C01918,4,Positive,"Good value, would recommend to others.",Yes,14
07-13-2022,R005649,S004,P0053,Groceries,North,C01983,5,Positive,"Absolutely love this product, will buy again.",Yes,45
07-13-2022,R005808,S002,P0061,Furniture,East,C02658,1,Negative,"Product arrived damaged, very unhappy.",Yes,23
07-14-2022,R000490,S001,P0104,Electronics,East,C00314,5,Positive,"Absolutely love this product, will buy again.",Yes,33
07-14-2022,R001232,S004,P0051,Groceries,West,C02260,4,Positive,"Good product overall, minor issues but satisfied.",Yes,13
07-14-2022,R002458,S001,P0200,Furniture,South,C00641,4,Positive,"Solid product, does what it says.",Yes,16
07-14-2022,R002935,S004,P0140,Toys,West,C02725,5,Positive,Best purchase I've made this year.,Yes,15
07-14-2022,R004138,S002,P0122,Furniture,East,C01172,4,Positive,"Solid product, does what it says.",Yes,6
07-14-2022,R004512,S004,P0131,Clothing,South,C01148,4,Positive,"Works well, decent quality for the price.",Yes,17
07-14-2022,R005205,S005,P0006,Groceries,East,C02553,4,Positive,"Works well, decent quality for the price.",No,11
07-14-2022,R005909,S001,P0155,Electronics,South,C00169,5,Positive,"Excellent quality, exceeded my expectations!",Yes,22
07-15-2022,R000860,S005,P0186,Groceries,South,C01682,4,Positive,"Good product overall, minor issues but satisfied.",Yes,17
07-15-2022,R003006,S005,P0037,Furniture,North,C00292,3,Neutral,"Average product, nothing special.",Yes,18
07-15-2022,R004541,S005,P0160,Groceries,South,C00147,5,Positive,"Highly recommend, works perfectly.",Yes,17
07-15-2022,R004719,S003,P0053,Groceries,East,C00088,4,Positive,"Good product overall, minor issues but satisfied.",Yes,10
07-15-2022,R004726,S003,P0106,Furniture,North,C01141,3,Neutral,Fair quality for the price paid.,Yes,0
07-16-2022,R000238,S005,P0079,Toys,East,C01672,5,Positive,"Highly recommend, works perfectly.",Yes,3
07-16-2022,R001386,S004,P0084,Clothing,West,C02014,4,Positive,"Works well, decent quality for the price.",Yes,5
07-16-2022,R001585,S002,P0129,Groceries,East,C00485,4,Positive,"Good product overall, minor issues but satisfied.",Yes,3
07-16-2022,R001657,S002,P0083,Electronics,East,C01867,1,Negative,"Very disappointed, product did not work.",Yes,12
07-16-2022,R002222,S002,P0192,Clothing,East,C00699,4,Positive,"Good value, would recommend to others.",Yes,8
07-16-2022,R002283,S003,P0169,Toys,East,C01047,5,Positive,Fast delivery and great value for money.,Yes,16
07-16-2022,R002711,S004,P0168,Furniture,West,C02981,4,Positive,"Good product overall, minor issues but satisfied.",Yes,2
07-16-2022,R005375,S004,P0191,Toys,East,C01386,4,Positive,"Good value, would recommend to others.",Yes,2
07-17-2022,R000577,S005,P0056,Clothing,West,C00987,2,Negative,"Would not recommend, had problems.",Yes,16
07-17-2022,R001961,S001,P0177,Clothing,West,C00940,2,Negative,"Not very satisfied, quality could improve.",Yes,1
07-17-2022,R002354,S002,P0160,Groceries,East,C01239,1,Negative,"Terrible experience, would not buy again.",Yes,27
07-17-2022,R002597,S003,P0199,Electronics,North,C00832,5,Positive,"Highly recommend, works perfectly.",Yes,48
07-17-2022,R002735,S003,P0172,Toys,West,C02993,3,Neutral,Decent but could be better.,Yes,12
07-17-2022,R003882,S001,P0019,Toys,West,C01132,5,Positive,"Absolutely love this product, will buy again.",Yes,43
07-17-2022,R003892,S003,P0165,Furniture,South,C02920,2,Negative,"Not very satisfied, quality could improve.",Yes,10
07-17-2022,R004224,S002,P0114,Groceries,East,C00002,2,Negative,"Below expectations, had some issues.",Yes,18
07-17-2022,R004315,S005,P0068,Clothing,East,C02439,4,Positive,"Good value, would recommend to others.",Yes,15
07-17-2022,R004428,S004,P0136,Electronics,East,C01881,5,Positive,"Excellent quality, exceeded my expectations!",Yes,44
07-17-2022,R005118,S005,P0056,Clothing,South,C02845,1,Negative,"Product arrived damaged, very unhappy.",Yes,24
07-17-2022,R005175,S002,P0122,Furniture,South,C02767,3,Neutral,Decent but could be better.,Yes,15
07-18-2022,R001666,S005,P0082,Clothing,North,C00490,5,Positive,"Absolutely love this product, will buy again.",No,3
07-18-2022,R001691,S002,P0103,Toys,North,C02772,5,Positive,Fast delivery and great value for money.,Yes,2
07-18-2022,R001998,S001,P0084,Clothing,West,C01357,3,Neutral,Decent but could be better.,Yes,11
07-18-2022,R003371,S005,P0018,Clothing,North,C02016,2,Negative,"Not very satisfied, quality could improve.",Yes,19
07-18-2022,R004420,S002,P0031,Toys,West,C00430,3,Neutral,Decent but could be better.,Yes,1
07-18-2022,R005434,S005,P0021,Furniture,West,C02997,5,Positive,"Excellent quality, exceeded my expectations!",Yes,46
07-18-2022,R005490,S002,P0076,Electronics,West,C02166,5,Positive,"Absolutely love this product, will buy again.",Yes,17
07-18-2022,R005727,S002,P0116,Furniture,East,C00146,4,Positive,Pretty happy with this purchase.,Yes,9
07-19-2022,R001047,S005,P0163,Furniture,East,C02105,5,Positive,"Highly recommend, works perfectly.",Yes,10
07-19-2022,R002616,S001,P0087,Toys,North,C00709,1,Negative,"Waste of money, poor quality.",Yes,13
07-19-2022,R002803,S005,P0017,Toys,North,C01390,3,Neutral,"It's okay, met basic expectations.",Yes,11
07-19-2022,R003075,S005,P0123,Furniture,West,C02222,3,Neutral,Fair quality for the price paid.,Yes,14
07-19-2022,R004365,S004,P0168,Furniture,East,C02351,4,Positive,"Works well, decent quality for the price.",Yes,1
07-19-2022,R004920,S005,P0153,Furniture,West,C01439,2,Negative,Poor packaging and average product.,Yes,9
07-19-2022,R005101,S001,P0076,Electronics,East,C00223,4,Positive,"Solid product, does what it says.",No,10
07-19-2022,R005121,S004,P0183,Toys,South,C00469,2,Negative,Poor packaging and average product.,Yes,7
07-20-2022,R000023,S003,P0082,Clothing,West,C01385,3,Neutral,"Average product, nothing special.",Yes,14
07-20-2022,R000083,S003,P0139,Clothing,North,C01944,5,Positive,Fast delivery and great value for money.,Yes,26
07-20-2022,R001245,S003,P0135,Furniture,North,C02829,4,Positive,"Works well, decent quality for the price.",Yes,12
07-20-2022,R001842,S004,P0121,Clothing,North,C00049,3,Neutral,"Neutral experience, neither good nor bad.",Yes,9
07-20-2022,R004023,S004,P0117,Toys,East,C00825,4,Positive,"Good value, would recommend to others.",Yes,16
07-21-2022,R000133,S002,P0106,Furniture,East,C02653,4,Positive,"Solid product, does what it says.",Yes,19
07-21-2022,R001706,S005,P0069,Toys,North,C02250,5,Positive,"Excellent quality, exceeded my expectations!",Yes,50
07-21-2022,R003900,S002,P0055,Groceries,North,C02172,5,Positive,"Highly recommend, works perfectly.",Yes,2
07-21-2022,R004187,S004,P0140,Toys,South,C00325,2,Negative,Poor packaging and average product.,Yes,19
07-21-2022,R004321,S002,P0047,Groceries,West,C02218,3,Neutral,Decent but could be better.,Yes,16
07-21-2022,R004864,S001,P0142,Clothing,East,C00431,5,Positive,Fast delivery and great value for money.,Yes,20
07-22-2022,R000468,S005,P0083,Electronics,North,C01482,4,Positive,Pretty happy with this purchase.,Yes,12
07-22-2022,R000663,S005,P0171,Furniture,East,C00780,4,Positive,"Solid product, does what it says.",Yes,7
07-22-2022,R000737,S002,P0091,Electronics,West,C02604,5,Positive,Fast delivery and great value for money.,Yes,18
07-22-2022,R001144,S003,P0011,Groceries,North,C00039,4,Positive,"Good value, would recommend to others.",Yes,18
07-22-2022,R001170,S004,P0086,Furniture,North,C02249,4,Positive,"Good product overall, minor issues but satisfied.",Yes,18
07-22-2022,R001574,S001,P0134,Electronics,West,C01383,5,Positive,Fast delivery and great value for money.,Yes,28
07-22-2022,R001732,S002,P0149,Electronics,South,C00581,2,Negative,Poor packaging and average product.,Yes,13
07-22-2022,R002293,S002,P0091,Electronics,South,C02862,5,Positive,"Absolutely love this product, will buy again.",Yes,21
07-22-2022,R002506,S005,P0070,Groceries,East,C02006,4,Positive,"Good value, would recommend to others.",No,19
07-22-2022,R002854,S002,P0184,Groceries,South,C02355,4,Positive,"Works well, decent quality for the price.",Yes,10
07-22-2022,R003491,S001,P0034,Groceries,North,C02642,1,Negative,"Terrible experience, would not buy again.",Yes,9
07-22-2022,R003505,S005,P0127,Furniture,South,C02407,5,Positive,Fast delivery and great value for money.,Yes,24
07-22-2022,R003732,S004,P0145,Toys,East,C02366,5,Positive,Fast delivery and great value for money.,Yes,41
07-22-2022,R005042,S002,P0102,Toys,East,C01050,4,Positive,"Good value, would recommend to others.",Yes,3
07-22-2022,R005700,S003,P0022,Toys,South,C02052,5,Positive,"Highly recommend, works perfectly.",No,6
07-22-2022,R005947,S003,P0093,Electronics,North,C00891,4,Positive,"Good value, would recommend to others.",Yes,16
07-23-2022,R000619,S002,P0042,Electronics,North,C01242,4,Positive,"Good value, would recommend to others.",Yes,20
07-23-2022,R000849,S004,P0068,Clothing,South,C01155,5,Positive,Fast delivery and great value for money.,Yes,17
07-23-2022,R001214,S004,P0152,Clothing,North,C01922,4,Positive,"Works well, decent quality for the price.",Yes,3
07-23-2022,R002199,S004,P0031,Toys,East,C01992,5,Positive,"Absolutely love this product, will buy again.",Yes,10
07-23-2022,R002324,S005,P0061,Furniture,East,C02865,5,Positive,"Excellent quality, exceeded my expectations!",Yes,38
07-23-2022,R003973,S003,P0029,Groceries,North,C01200,1,Negative,"Very disappointed, product did not work.",No,34
07-23-2022,R004190,S001,P0004,Toys,South,C02328,1,Negative,"Very disappointed, product did not work.",Yes,33
07-23-2022,R005339,S002,P0070,Groceries,South,C01402,5,Positive,"Absolutely love this product, will buy again.",Yes,24
07-24-2022,R000144,S005,P0171,Furniture,West,C00439,2,Negative,"Would not recommend, had problems.",Yes,6
07-24-2022,R000350,S004,P0163,Furniture,West,C00976,4,Positive,Pretty happy with this purchase.,No,4
07-24-2022,R000410,S003,P0124,Furniture,West,C02392,4,Positive,"Good value, would recommend to others.",Yes,13
07-24-2022,R001297,S001,P0154,Groceries,South,C02315,4,Positive,Pretty happy with this purchase.,Yes,18
07-24-2022,R001643,S002,P0168,Furniture,South,C00531,5,Positive,"Highly recommend, works perfectly.",Yes,16
07-24-2022,R001656,S004,P0069,Toys,West,C02519,5,Positive,"Highly recommend, works perfectly.",No,43
07-24-2022,R001857,S001,P0080,Groceries,North,C02076,4,Positive,Pretty happy with this purchase.,Yes,11
07-24-2022,R004148,S005,P0016,Furniture,West,C00529,4,Positive,"Good value, would recommend to others.",Yes,13
07-24-2022,R004671,S003,P0050,Toys,South,C00280,4,Positive,"Works well, decent quality for the price.",Yes,2
07-24-2022,R005021,S004,P0005,Toys,South,C01158,5,Positive,Fast delivery and great value for money.,Yes,0
07-24-2022,R005346,S002,P0110,Toys,East,C01828,2,Negative,"Would not recommend, had problems.",Yes,19
07-24-2022,R005835,S001,P0039,Groceries,North,C00683,5,Positive,"Absolutely love this product, will buy again.",Yes,35
07-24-2022,R005961,S001,P0138,Clothing,South,C02419,4,Positive,"Good value, would recommend to others.",Yes,6
07-25-2022,R001900,S005,P0121,Clothing,North,C01260,5,Positive,Fast delivery and great value for money.,Yes,17
07-25-2022,R002883,S004,P0149,Electronics,West,C02615,4,Positive,"Good product overall, minor issues but satisfied.",No,3
07-25-2022,R003434,S005,P0143,Clothing,West,C00291,2,Negative,Disappointed with the product performance.,Yes,18
07-25-2022,R003526,S005,P0190,Toys,North,C01498,5,Positive,Best purchase I've made this year.,Yes,21
07-25-2022,R005085,S005,P0105,Groceries,South,C02817,3,Neutral,Fair quality for the price paid.,Yes,17
07-25-2022,R005953,S002,P0165,Furniture,West,C01485,5,Positive,"Absolutely love this product, will buy again.",Yes,6
07-26-2022,R000421,S001,P0013,Toys,North,C02893,5,Positive,Fast delivery and great value for money.,No,43
07-26-2022,R000951,S001,P0064,Electronics,South,C00238,3,Neutral,Fair quality for the price paid.,Yes,9
07-26-2022,R000992,S003,P0133,Groceries,East,C00730,5,Positive,Fast delivery and great value for money.,Yes,35
07-26-2022,R002601,S001,P0020,Groceries,South,C01912,5,Positive,"Highly recommend, works perfectly.",Yes,21
07-26-2022,R002615,S005,P0180,Groceries,West,C02563,5,Positive,"Excellent quality, exceeded my expectations!",Yes,38
07-26-2022,R002756,S005,P0166,Furniture,West,C02292,3,Neutral,Decent but could be better.,Yes,3
07-26-2022,R003559,S002,P0168,Furniture,North,C02749,4,Positive,"Solid product, does what it says.",Yes,2
07-26-2022,R003926,S002,P0197,Electronics,South,C02490,2,Negative,Disappointed with the product performance.,No,17
07-26-2022,R004549,S001,P0138,Clothing,North,C01324,4,Positive,"Solid product, does what it says.",No,5
07-26-2022,R005240,S005,P0075,Furniture,East,C02112,2,Negative,"Below expectations, had some issues.",No,4
07-26-2022,R005699,S001,P0068,Clothing,North,C01030,5,Positive,Best purchase I've made this year.,Yes,6
07-26-2022,R005752,S003,P0001,Electronics,East,C01142,5,Positive,"Excellent quality, exceeded my expectations!",Yes,1
07-27-2022,R000139,S002,P0192,Clothing,South,C01346,5,Positive,Best purchase I've made this year.,Yes,24
07-27-2022,R000729,S003,P0163,Furniture,South,C01379,4,Positive,"Works well, decent quality for the price.",Yes,2
07-27-2022,R000761,S002,P0113,Clothing,North,C01481,3,Neutral,Decent but could be better.,Yes,16
07-27-2022,R001266,S005,P0140,Toys,West,C02666,2,Negative,"Not very satisfied, quality could improve.",Yes,4
07-27-2022,R001758,S001,P0031,Toys,North,C01219,1,Negative,"Waste of money, poor quality.",Yes,20
07-27-2022,R002829,S002,P0037,Furniture,East,C02249,5,Positive,"Excellent quality, exceeded my expectations!",Yes,42
07-27-2022,R003635,S004,P0188,Electronics,South,C00218,4,Positive,Pretty happy with this purchase.,Yes,7
07-27-2022,R005413,S005,P0143,Clothing,East,C00621,5,Positive,Fast delivery and great value for money.,Yes,5
07-27-2022,R005535,S004,P0103,Toys,East,C00891,1,Negative,"Worst purchase, do not recommend.",Yes,42
07-28-2022,R000100,S001,P0084,Clothing,North,C02544,3,Neutral,"It's okay, met basic expectations.",Yes,6
07-28-2022,R000190,S004,P0031,Toys,South,C00523,5,Positive,Fast delivery and great value for money.,Yes,40
07-28-2022,R000418,S002,P0015,Furniture,East,C00201,4,Positive,"Good product overall, minor issues but satisfied.",Yes,2
07-28-2022,R000773,S002,P0141,Clothing,East,C00063,3,Neutral,Fair quality for the price paid.,Yes,5
07-28-2022,R002054,S003,P0101,Furniture,South,C01897,2,Negative,"Below expectations, had some issues.",Yes,12
07-28-2022,R002056,S003,P0142,Clothing,North,C00184,1,Negative,"Very disappointed, product did not work.",Yes,11
07-28-2022,R002404,S002,P0050,Toys,North,C01471,5,Positive,"Excellent quality, exceeded my expectations!",Yes,35
07-28-2022,R002531,S001,P0057,Furniture,South,C02112,1,Negative,"Very disappointed, product did not work.",No,12
07-28-2022,R003242,S005,P0090,Groceries,South,C00441,3,Neutral,Decent but could be better.,Yes,13
07-28-2022,R004086,S005,P0122,Furniture,East,C00136,3,Neutral,"Neutral experience, neither good nor bad.",No,10
07-28-2022,R005172,S002,P0074,Electronics,South,C01151,4,Positive,"Works well, decent quality for the price.",Yes,11
07-28-2022,R005379,S003,P0153,Furniture,North,C00491,5,Positive,Fast delivery and great value for money.,Yes,21
07-28-2022,R005608,S003,P0068,Clothing,North,C00017,4,Positive,"Works well, decent quality for the price.",No,12
07-29-2022,R000217,S005,P0125,Toys,East,C01745,5,Positive,Fast delivery and great value for money.,Yes,28
07-29-2022,R001583,S003,P0130,Electronics,West,C02363,1,Negative,"Very disappointed, product did not work.",Yes,12
07-29-2022,R001978,S001,P0028,Groceries,North,C02553,1,Negative,"Terrible experience, would not buy again.",Yes,38
07-29-2022,R002403,S002,P0147,Groceries,South,C02867,2,Negative,"Not very satisfied, quality could improve.",Yes,9
07-29-2022,R004270,S005,P0195,Clothing,East,C00965,1,Negative,"Very disappointed, product did not work.",No,31
07-29-2022,R004538,S004,P0139,Clothing,North,C01812,5,Positive,Fast delivery and great value for money.,Yes,24
07-29-2022,R005630,S003,P0147,Groceries,West,C01411,5,Positive,"Absolutely love this product, will buy again.",Yes,28
07-29-2022,R005929,S003,P0199,Electronics,South,C02886,4,Positive,"Works well, decent quality for the price.",Yes,3
07-30-2022,R000969,S004,P0001,Electronics,South,C00553,3,Neutral,Decent but could be better.,Yes,11
07-30-2022,R001936,S001,P0064,Electronics,East,C01839,1,Negative,"Very disappointed, product did not work.",Yes,17
07-30-2022,R001960,S001,P0101,Furniture,North,C02305,1,Negative,"Worst purchase, do not recommend.",Yes,18
07-30-2022,R002908,S004,P0150,Electronics,North,C01957,5,Positive,"Absolutely love this product, will buy again.",Yes,16
07-30-2022,R003485,S005,P0175,Clothing,South,C02847,3,Neutral,"Neutral experience, neither good nor bad.",Yes,5
07-30-2022,R005138,S003,P0016,Furniture,East,C01904,5,Positive,"Excellent quality, exceeded my expectations!",Yes,30
07-30-2022,R005163,S005,P0073,Furniture,East,C01320,2,Negative,"Would not recommend, had problems.",Yes,3
07-30-2022,R005466,S002,P0152,Clothing,West,C02358,4,Positive,Pretty happy with this purchase.,No,20
07-30-2022,R005964,S001,P0120,Clothing,East,C02743,3,Neutral,"It's okay, met basic expectations.",Yes,12
07-31-2022,R000312,S001,P0177,Clothing,South,C00846,5,Positive,Best purchase I've made this year.,Yes,17
07-31-2022,R001085,S003,P0157,Groceries,East,C02039,4,Positive,Pretty happy with this purchase.,Yes,13
07-31-2022,R001865,S005,P0029,Groceries,West,C02162,5,Positive,"Absolutely love this product, will buy again.",Yes,41
07-31-2022,R002219,S005,P0192,Clothing,North,C00301,4,Positive,"Good product overall, minor issues but satisfied.",Yes,19
07-31-2022,R004213,S005,P0011,Groceries,East,C01289,1,Negative,"Waste of money, poor quality.",Yes,19
07-31-2022,R004664,S003,P0122,Furniture,West,C01386,4,Positive,"Works well, decent quality for the price.",Yes,2
07-31-2022,R005651,S003,P0071,Electronics,North,C00614,5,Positive,"Highly recommend, works perfectly.",No,45
07-31-2022,R005816,S004,P0187,Toys,East,C00317,2,Negative,Poor packaging and average product.,Yes,9
07-31-2022,R005986,S004,P0071,Electronics,North,C00232,3,Neutral,Fair quality for the price paid.,Yes,1
08-01-2022,R000606,S002,P0093,Electronics,South,C02683,2,Negative,"Not very satisfied, quality could improve.",No,1
08-01-2022,R001490,S004,P0191,Toys,North,C01686,5,Positive,"Excellent quality, exceeded my expectations!",Yes,37
08-01-2022,R001531,S002,P0184,Groceries,South,C02192,5,Positive,Fast delivery and great value for money.,Yes,38
08-01-2022,R004631,S005,P0166,Furniture,East,C00362,5,Positive,"Absolutely love this product, will buy again.",Yes,26
08-01-2022,R005063,S004,P0175,Clothing,North,C00885,3,Neutral,"Neutral experience, neither good nor bad.",Yes,3
08-01-2022,R005448,S005,P0173,Clothing,East,C00962,3,Neutral,"Neutral experience, neither good nor bad.",Yes,12
08-01-2022,R005811,S001,P0011,Groceries,North,C00003,2,Negative,"Not very satisfied, quality could improve.",Yes,2
08-02-2022,R002265,S005,P0029,Groceries,East,C00647,5,Positive,"Highly recommend, works perfectly.",Yes,4
08-02-2022,R002392,S001,P0029,Groceries,East,C00760,4,Positive,"Good value, would recommend to others.",No,10
08-02-2022,R002621,S004,P0088,Toys,North,C01891,5,Positive,Best purchase I've made this year.,Yes,32
08-02-2022,R003994,S005,P0070,Groceries,North,C01814,3,Neutral,Decent but could be better.,Yes,0
08-02-2022,R004749,S003,P0198,Groceries,East,C00833,5,Positive,"Highly recommend, works perfectly.",Yes,20
08-03-2022,R000791,S002,P0054,Toys,North,C01366,3,Neutral,"It's okay, met basic expectations.",No,14
08-03-2022,R000866,S002,P0038,Clothing,West,C01105,2,Negative,Poor packaging and average product.,Yes,13
08-03-2022,R002524,S001,P0184,Groceries,South,C00588,5,Positive,"Excellent quality, exceeded my expectations!",Yes,34
08-03-2022,R002778,S003,P0168,Furniture,East,C00251,5,Positive,Best purchase I've made this year.,No,10
08-03-2022,R003536,S003,P0125,Toys,South,C01185,2,Negative,"Would not recommend, had problems.",No,2
08-03-2022,R005129,S001,P0075,Furniture,North,C01220,1,Negative,"Worst purchase, do not recommend.",Yes,18
08-03-2022,R005493,S002,P0128,Furniture,East,C01308,2,Negative,"Would not recommend, had problems.",Yes,9
08-04-2022,R000065,S004,P0070,Groceries,South,C01137,3,Neutral,"Neutral experience, neither good nor bad.",Yes,11
08-04-2022,R000169,S002,P0101,Furniture,West,C01457,3,Neutral,Fair quality for the price paid.,Yes,8
08-04-2022,R000364,S002,P0136,Electronics,West,C01734,4,Positive,Pretty happy with this purchase.,Yes,18
08-04-2022,R000874,S004,P0028,Groceries,West,C02655,3,Neutral,Decent but could be better.,Yes,16
08-04-2022,R002356,S003,P0030,Furniture,West,C00350,5,Positive,Best purchase I've made this year.,Yes,44
08-04-2022,R004257,S004,P0187,Toys,North,C01976,1,Negative,"Worst purchase, do not recommend.",Yes,25
08-04-2022,R004625,S001,P0024,Toys,North,C00520,3,Neutral,Fair quality for the price paid.,Yes,0
08-04-2022,R005367,S001,P0164,Groceries,West,C01900,1,Negative,"Worst purchase, do not recommend.",Yes,30
08-05-2022,R000420,S005,P0041,Groceries,East,C02115,3,Neutral,"It's okay, met basic expectations.",Yes,3
08-05-2022,R000521,S005,P0014,Toys,East,C02126,1,Negative,"Product arrived damaged, very unhappy.",Yes,40
08-05-2022,R001548,S002,P0047,Groceries,East,C00586,1,Negative,"Worst purchase, do not recommend.",Yes,15
08-05-2022,R002672,S001,P0052,Toys,North,C00892,5,Positive,"Excellent quality, exceeded my expectations!",Yes,5
08-05-2022,R003161,S003,P0023,Groceries,North,C00393,5,Positive,Best purchase I've made this year.,Yes,14
08-05-2022,R004921,S003,P0087,Toys,North,C01045,1,Negative,"Product arrived damaged, very unhappy.",Yes,10
08-06-2022,R001769,S003,P0154,Groceries,East,C01532,4,Positive,"Good value, would recommend to others.",Yes,0
08-06-2022,R002777,S004,P0182,Toys,North,C02384,4,Positive,"Good value, would recommend to others.",Yes,18
08-06-2022,R003282,S001,P0139,Clothing,South,C02912,3,Neutral,Fair quality for the price paid.,Yes,1
08-06-2022,R004477,S004,P0194,Furniture,West,C00555,5,Positive,Fast delivery and great value for money.,Yes,5
08-06-2022,R004975,S001,P0075,Furniture,West,C01689,4,Positive,"Solid product, does what it says.",Yes,14
08-06-2022,R005768,S003,P0098,Toys,South,C00677,4,Positive,"Solid product, does what it says.",Yes,2
08-07-2022,R001687,S001,P0020,Groceries,South,C02647,5,Positive,"Highly recommend, works perfectly.",No,47
08-07-2022,R001858,S003,P0163,Furniture,East,C02711,4,Positive,"Good value, would recommend to others.",No,12
08-07-2022,R001908,S004,P0010,Toys,West,C02219,5,Positive,Fast delivery and great value for money.,Yes,0
08-07-2022,R003507,S003,P0055,Groceries,West,C00522,4,Positive,"Good product overall, minor issues but satisfied.",Yes,14
08-07-2022,R004826,S003,P0050,Toys,West,C00692,2,Negative,Poor packaging and average product.,Yes,11
08-07-2022,R004951,S002,P0043,Groceries,South,C02582,3,Neutral,"It's okay, met basic expectations.",Yes,0
08-07-2022,R005325,S002,P0052,Toys,East,C00524,5,Positive,"Highly recommend, works perfectly.",No,8
08-08-2022,R000648,S001,P0168,Furniture,South,C00843,5,Positive,Fast delivery and great value for money.,No,32
08-08-2022,R001087,S003,P0074,Electronics,South,C00262,1,Negative,"Waste of money, poor quality.",Yes,22
08-08-2022,R002007,S004,P0125,Toys,West,C02487,3,Neutral,Decent but could be better.,Yes,19
08-08-2022,R002073,S001,P0038,Clothing,East,C02420,5,Positive,Fast delivery and great value for money.,Yes,37
08-08-2022,R002604,S005,P0053,Groceries,North,C02993,5,Positive,Fast delivery and great value for money.,Yes,9
08-08-2022,R002797,S003,P0024,Toys,North,C02455,5,Positive,Fast delivery and great value for money.,Yes,38
08-08-2022,R002919,S004,P0181,Toys,East,C02605,5,Positive,"Absolutely love this product, will buy again.",Yes,17
08-08-2022,R003802,S002,P0078,Toys,West,C02640,3,Neutral,"It's okay, met basic expectations.",Yes,4
08-08-2022,R004892,S005,P0149,Electronics,East,C02885,5,Positive,Fast delivery and great value for money.,Yes,30
08-08-2022,R005731,S003,P0117,Toys,South,C00644,4,Positive,"Good product overall, minor issues but satisfied.",Yes,8
08-09-2022,R000752,S004,P0148,Clothing,East,C00485,1,Negative,"Worst purchase, do not recommend.",Yes,23
08-09-2022,R000832,S002,P0128,Furniture,South,C01677,4,Positive,"Solid product, does what it says.",Yes,1
08-09-2022,R001131,S004,P0076,Electronics,North,C01521,1,Negative,"Terrible experience, would not buy again.",Yes,32
08-09-2022,R001147,S004,P0058,Groceries,East,C00404,5,Positive,"Absolutely love this product, will buy again.",Yes,24
08-09-2022,R002113,S004,P0036,Electronics,South,C02915,5,Positive,"Excellent quality, exceeded my expectations!",Yes,41
08-09-2022,R002261,S003,P0050,Toys,South,C00958,5,Positive,"Excellent quality, exceeded my expectations!",Yes,23
08-09-2022,R003821,S003,P0183,Toys,South,C02673,5,Positive,"Excellent quality, exceeded my expectations!",Yes,40
08-09-2022,R004546,S003,P0196,Electronics,East,C01246,3,Neutral,Decent but could be better.,Yes,12
08-09-2022,R005149,S003,P0032,Clothing,North,C00969,2,Negative,Disappointed with the product performance.,Yes,0
08-09-2022,R005283,S005,P0151,Toys,North,C01212,1,Negative,"Waste of money, poor quality.",Yes,36
08-09-2022,R005831,S002,P0157,Groceries,South,C01186,5,Positive,Best purchase I've made this year.,Yes,41
08-10-2022,R000614,S005,P0161,Groceries,North,C01394,5,Positive,"Excellent quality, exceeded my expectations!",No,10
08-10-2022,R001008,S002,P0002,Clothing,East,C00041,4,Positive,"Good product overall, minor issues but satisfied.",Yes,5
08-10-2022,R001029,S002,P0197,Electronics,West,C02224,5,Positive,"Highly recommend, works perfectly.",Yes,23
08-10-2022,R001285,S004,P0134,Electronics,East,C01192,1,Negative,"Waste of money, poor quality.",Yes,36
08-10-2022,R001718,S005,P0175,Clothing,North,C00256,5,Positive,Best purchase I've made this year.,Yes,2
08-10-2022,R002380,S001,P0155,Electronics,West,C00766,2,Negative,Poor packaging and average product.,Yes,9
08-10-2022,R002498,S004,P0079,Toys,West,C00228,5,Positive,Best purchase I've made this year.,No,46
08-10-2022,R003008,S005,P0048,Clothing,West,C02988,2,Negative,"Below expectations, had some issues.",Yes,19
08-10-2022,R003297,S005,P0124,Furniture,West,C00851,2,Negative,Disappointed with the product performance.,Yes,9
08-10-2022,R003595,S003,P0063,Furniture,West,C00536,3,Neutral,"Average product, nothing special.",Yes,3
08-10-2022,R004828,S002,P0120,Clothing,West,C01651,4,Positive,"Solid product, does what it says.",Yes,10
08-10-2022,R005291,S001,P0048,Clothing,West,C02460,4,Positive,"Good value, would recommend to others.",No,10
08-10-2022,R005303,S003,P0181,Toys,West,C00928,5,Positive,"Absolutely love this product, will buy again.",Yes,23
08-11-2022,R001098,S003,P0032,Clothing,East,C02516,3,Neutral,Decent but could be better.,Yes,2
08-11-2022,R001122,S005,P0004,Toys,South,C02793,2,Negative,Poor packaging and average product.,Yes,3
08-11-2022,R001414,S003,P0018,Clothing,East,C01039,2,Negative,Disappointed with the product performance.,Yes,4
08-11-2022,R002132,S004,P0181,Toys,North,C00504,3,Neutral,Fair quality for the price paid.,Yes,20
08-11-2022,R003141,S005,P0048,Clothing,North,C02034,3,Neutral,Decent but could be better.,Yes,7
08-11-2022,R004800,S003,P0078,Toys,West,C01757,3,Neutral,"Neutral experience, neither good nor bad.",Yes,19
08-11-2022,R005236,S004,P0132,Furniture,North,C00692,4,Positive,Pretty happy with this purchase.,Yes,10
08-11-2022,R005528,S004,P0064,Electronics,East,C02014,3,Neutral,Decent but could be better.,Yes,13
08-12-2022,R000620,S004,P0022,Toys,East,C00510,5,Positive,Fast delivery and great value for money.,Yes,11
08-12-2022,R002147,S003,P0122,Furniture,East,C00327,4,Positive,"Works well, decent quality for the price.",Yes,8
08-12-2022,R002235,S005,P0072,Groceries,West,C01193,4,Positive,"Good product overall, minor issues but satisfied.",Yes,15
08-12-2022,R003162,S004,P0064,Electronics,West,C00956,4,Positive,"Good product overall, minor issues but satisfied.",Yes,1
08-12-2022,R003544,S005,P0139,Clothing,East,C00724,5,Positive,"Highly recommend, works perfectly.",Yes,49
08-12-2022,R003734,S004,P0146,Furniture,North,C01355,4,Positive,"Solid product, does what it says.",Yes,12
08-12-2022,R005018,S003,P0007,Toys,North,C02157,5,Positive,Best purchase I've made this year.,Yes,4
08-12-2022,R005176,S005,P0070,Groceries,North,C00505,5,Positive,Best purchase I've made this year.,Yes,14
08-12-2022,R005386,S005,P0188,Electronics,North,C00012,2,Negative,"Would not recommend, had problems.",No,5
08-12-2022,R005442,S004,P0009,Groceries,West,C01303,5,Positive,"Excellent quality, exceeded my expectations!",Yes,3
08-13-2022,R000535,S004,P0094,Groceries,East,C01077,4,Positive,"Good value, would recommend to others.",No,1
08-13-2022,R001075,S001,P0180,Groceries,North,C02530,5,Positive,Best purchase I've made this year.,Yes,27
08-13-2022,R001230,S003,P0032,Clothing,North,C00016,3,Neutral,"It's okay, met basic expectations.",Yes,18
08-13-2022,R002332,S004,P0157,Groceries,North,C02970,3,Neutral,"Average product, nothing special.",Yes,16
08-13-2022,R002695,S002,P0198,Groceries,South,C00530,5,Positive,"Highly recommend, works perfectly.",Yes,18
08-13-2022,R003020,S005,P0071,Electronics,North,C02018,5,Positive,Fast delivery and great value for money.,Yes,31
08-13-2022,R003586,S001,P0101,Furniture,East,C00427,2,Negative,"Below expectations, had some issues.",Yes,18
08-13-2022,R004759,S004,P0033,Toys,North,C02944,5,Positive,Best purchase I've made this year.,Yes,4
08-13-2022,R005996,S001,P0048,Clothing,South,C02291,5,Positive,Fast delivery and great value for money.,No,29
08-14-2022,R001819,S005,P0199,Electronics,North,C01843,5,Positive,"Excellent quality, exceeded my expectations!",Yes,0
08-14-2022,R003083,S003,P0190,Toys,West,C00721,1,Negative,"Worst purchase, do not recommend.",Yes,27
08-14-2022,R003591,S004,P0186,Groceries,West,C01632,1,Negative,"Product arrived damaged, very unhappy.",Yes,40
08-14-2022,R004584,S001,P0159,Clothing,West,C02389,4,Positive,Pretty happy with this purchase.,No,11
08-14-2022,R004997,S005,P0101,Furniture,West,C02830,4,Positive,"Good value, would recommend to others.",Yes,5
08-14-2022,R005517,S003,P0187,Toys,West,C01997,5,Positive,"Highly recommend, works perfectly.",Yes,1
08-14-2022,R005557,S002,P0134,Electronics,South,C01297,3,Neutral,"Average product, nothing special.",Yes,6
08-14-2022,R005912,S002,P0106,Furniture,West,C00419,5,Positive,Best purchase I've made this year.,Yes,22
08-15-2022,R001125,S002,P0194,Furniture,West,C02648,4,Positive,"Good value, would recommend to others.",Yes,9
08-15-2022,R001852,S002,P0089,Groceries,South,C00456,4,Positive,"Works well, decent quality for the price.",Yes,10
08-15-2022,R002566,S002,P0151,Toys,North,C02919,2,Negative,"Would not recommend, had problems.",Yes,9
08-15-2022,R003077,S004,P0192,Clothing,North,C01882,5,Positive,"Absolutely love this product, will buy again.",No,36
08-15-2022,R003237,S003,P0192,Clothing,North,C02869,5,Positive,"Absolutely love this product, will buy again.",Yes,16
08-15-2022,R004663,S003,P0194,Furniture,North,C02256,4,Positive,"Good value, would recommend to others.",Yes,14
08-15-2022,R004728,S002,P0109,Electronics,North,C00497,5,Positive,Best purchase I've made this year.,Yes,39
08-15-2022,R005503,S001,P0163,Furniture,East,C01779,2,Negative,"Not very satisfied, quality could improve.",Yes,2
08-15-2022,R005554,S002,P0003,Furniture,East,C01148,3,Neutral,"It's okay, met basic expectations.",Yes,0
08-15-2022,R005719,S005,P0192,Clothing,South,C02335,4,Positive,Pretty happy with this purchase.,Yes,17
08-16-2022,R000585,S004,P0082,Clothing,North,C02889,1,Negative,"Product arrived damaged, very unhappy.",Yes,28
08-16-2022,R000968,S002,P0006,Groceries,East,C02221,4,Positive,"Good product overall, minor issues but satisfied.",Yes,12
08-16-2022,R001073,S005,P0029,Groceries,North,C01678,4,Positive,"Good product overall, minor issues but satisfied.",No,15
08-16-2022,R001435,S002,P0173,Clothing,East,C02624,4,Positive,"Works well, decent quality for the price.",Yes,15
08-16-2022,R001637,S005,P0125,Toys,West,C00631,5,Positive,"Highly recommend, works perfectly.",Yes,36
08-16-2022,R001988,S003,P0073,Furniture,South,C02847,5,Positive,Best purchase I've made this year.,Yes,31
08-16-2022,R002223,S001,P0041,Groceries,West,C02237,2,Negative,Poor packaging and average product.,Yes,5
08-16-2022,R002268,S004,P0199,Electronics,South,C01312,1,Negative,"Terrible experience, would not buy again.",Yes,33
08-16-2022,R002652,S005,P0154,Groceries,West,C00746,3,Neutral,"Neutral experience, neither good nor bad.",No,0
08-16-2022,R003210,S003,P0080,Groceries,North,C00887,5,Positive,"Highly recommend, works perfectly.",No,33
08-16-2022,R005737,S003,P0008,Electronics,East,C02930,3,Neutral,"Neutral experience, neither good nor bad.",No,16
08-17-2022,R000748,S001,P0030,Furniture,South,C02856,3,Neutral,"Neutral experience, neither good nor bad.",Yes,0
08-17-2022,R001662,S004,P0161,Groceries,West,C01224,3,Neutral,"Neutral experience, neither good nor bad.",Yes,15
08-17-2022,R002048,S005,P0164,Groceries,North,C00256,1,Negative,"Terrible experience, would not buy again.",Yes,39
08-17-2022,R002582,S002,P0105,Groceries,West,C01471,2,Negative,"Below expectations, had some issues.",Yes,1
08-17-2022,R002753,S001,P0121,Clothing,North,C01223,4,Positive,"Works well, decent quality for the price.",Yes,7
08-17-2022,R002852,S004,P0120,Clothing,North,C02442,5,Positive,Fast delivery and great value for money.,Yes,4
08-17-2022,R003054,S003,P0060,Electronics,South,C00065,5,Positive,Fast delivery and great value for money.,Yes,36
08-17-2022,R004250,S003,P0150,Electronics,West,C01561,5,Positive,"Excellent quality, exceeded my expectations!",Yes,34
08-17-2022,R005994,S001,P0200,Furniture,North,C02482,1,Negative,"Waste of money, poor quality.",No,26
08-18-2022,R000128,S004,P0150,Electronics,South,C01501,4,Positive,"Works well, decent quality for the price.",Yes,15
08-18-2022,R002031,S005,P0181,Toys,South,C00245,3,Neutral,"It's okay, met basic expectations.",Yes,9
08-18-2022,R002288,S001,P0033,Toys,East,C02637,3,Neutral,"It's okay, met basic expectations.",Yes,18
08-18-2022,R003194,S005,P0021,Furniture,West,C02946,5,Positive,"Highly recommend, works perfectly.",Yes,1
08-18-2022,R003375,S005,P0132,Furniture,North,C00315,5,Positive,Best purchase I've made this year.,Yes,6
08-18-2022,R003849,S001,P0064,Electronics,East,C00434,2,Negative,Disappointed with the product performance.,Yes,15
08-18-2022,R003851,S001,P0073,Furniture,North,C02808,4,Positive,Pretty happy with this purchase.,Yes,16
08-18-2022,R004990,S004,P0104,Electronics,East,C02692,5,Positive,Fast delivery and great value for money.,Yes,28
08-18-2022,R005497,S004,P0092,Electronics,West,C02453,5,Positive,"Highly recommend, works perfectly.",Yes,37
08-19-2022,R000749,S002,P0090,Groceries,West,C01687,5,Positive,Best purchase I've made this year.,Yes,34
08-19-2022,R001524,S001,P0108,Furniture,North,C01972,5,Positive,"Excellent quality, exceeded my expectations!",Yes,36
08-19-2022,R001549,S004,P0010,Toys,East,C00983,4,Positive,"Works well, decent quality for the price.",Yes,13
08-19-2022,R001771,S005,P0180,Groceries,East,C02112,1,Negative,"Product arrived damaged, very unhappy.",Yes,50
08-19-2022,R005107,S002,P0089,Groceries,West,C01053,4,Positive,"Good value, would recommend to others.",Yes,16
08-19-2022,R005360,S005,P0117,Toys,West,C02723,3,Neutral,Fair quality for the price paid.,Yes,6
08-20-2022,R000959,S002,P0084,Clothing,South,C01417,4,Positive,"Good product overall, minor issues but satisfied.",Yes,4
08-20-2022,R001441,S001,P0185,Clothing,North,C01405,4,Positive,"Good value, would recommend to others.",Yes,2
08-20-2022,R002470,S005,P0149,Electronics,North,C02056,4,Positive,"Good product overall, minor issues but satisfied.",Yes,7
08-20-2022,R002808,S003,P0100,Electronics,West,C02115,5,Positive,"Absolutely love this product, will buy again.",Yes,41
08-20-2022,R004265,S004,P0036,Electronics,East,C00348,1,Negative,"Waste of money, poor quality.",No,38
08-20-2022,R004433,S003,P0163,Furniture,South,C00175,5,Positive,Fast delivery and great value for money.,Yes,46
08-20-2022,R004533,S001,P0045,Toys,South,C01256,4,Positive,"Works well, decent quality for the price.",Yes,7
08-20-2022,R004902,S001,P0064,Electronics,North,C02684,4,Positive,Pretty happy with this purchase.,Yes,0
08-20-2022,R005216,S001,P0022,Toys,South,C02446,5,Positive,"Excellent quality, exceeded my expectations!",Yes,36
08-20-2022,R005744,S002,P0100,Electronics,West,C02398,2,Negative,Disappointed with the product performance.,Yes,18
08-21-2022,R000005,S002,P0133,Groceries,North,C00115,4,Positive,"Good product overall, minor issues but satisfied.",Yes,15
08-21-2022,R000007,S004,P0051,Groceries,South,C02500,5,Positive,"Highly recommend, works perfectly.",Yes,30
08-21-2022,R000075,S004,P0009,Groceries,South,C02796,3,Neutral,Decent but could be better.,Yes,0
08-21-2022,R000429,S005,P0077,Groceries,West,C00006,4,Positive,"Good product overall, minor issues but satisfied.",Yes,4
08-21-2022,R001466,S003,P0088,Toys,West,C01487,5,Positive,"Absolutely love this product, will buy again.",Yes,10
08-21-2022,R001683,S003,P0122,Furniture,East,C00858,5,Positive,Best purchase I've made this year.,Yes,45
08-21-2022,R002209,S002,P0010,Toys,North,C02988,4,Positive,"Good product overall, minor issues but satisfied.",Yes,9
08-21-2022,R002304,S005,P0082,Clothing,South,C00338,2,Negative,Disappointed with the product performance.,Yes,11
08-21-2022,R002971,S001,P0144,Clothing,West,C01270,5,Positive,"Excellent quality, exceeded my expectations!",Yes,3
08-21-2022,R003354,S002,P0019,Toys,West,C01010,5,Positive,"Highly recommend, works perfectly.",No,37
08-21-2022,R003834,S004,P0083,Electronics,West,C00225,4,Positive,Pretty happy with this purchase.,Yes,3
08-21-2022,R003984,S003,P0007,Toys,North,C00380,3,Neutral,"Average product, nothing special.",No,11
08-21-2022,R004157,S005,P0104,Electronics,South,C00718,5,Positive,"Absolutely love this product, will buy again.",No,4
08-21-2022,R005326,S004,P0084,Clothing,East,C02584,4,Positive,"Good value, would recommend to others.",Yes,19
08-22-2022,R000372,S005,P0097,Furniture,North,C02692,2,Negative,"Would not recommend, had problems.",Yes,7
08-22-2022,R000712,S005,P0160,Groceries,East,C02247,3,Neutral,"Neutral experience, neither good nor bad.",No,5
08-22-2022,R001795,S002,P0173,Clothing,West,C00907,4,Positive,Pretty happy with this purchase.,Yes,10
08-22-2022,R002488,S004,P0162,Toys,South,C01944,2,Negative,"Not very satisfied, quality could improve.",Yes,3
08-22-2022,R002585,S004,P0108,Furniture,South,C00434,2,Negative,Poor packaging and average product.,Yes,10
08-22-2022,R005100,S003,P0124,Furniture,West,C01695,3,Neutral,Decent but could be better.,Yes,3
08-22-2022,R005313,S003,P0014,Toys,North,C01160,3,Neutral,Fair quality for the price paid.,Yes,15
08-22-2022,R005771,S005,P0151,Toys,West,C01669,4,Positive,"Good value, would recommend to others.",Yes,3
08-22-2022,R005862,S003,P0108,Furniture,West,C00431,4,Positive,"Good value, would recommend to others.",Yes,2
08-23-2022,R000025,S001,P0022,Toys,South,C01108,5,Positive,"Absolutely love this product, will buy again.",Yes,27
08-23-2022,R000345,S005,P0133,Groceries,West,C00887,4,Positive,"Solid product, does what it says.",Yes,4
08-23-2022,R000575,S003,P0019,Toys,North,C00624,5,Positive,"Highly recommend, works perfectly.",Yes,45
08-23-2022,R000700,S003,P0087,Toys,North,C01998,5,Positive,"Absolutely love this product, will buy again.",Yes,12
08-23-2022,R001778,S004,P0022,Toys,West,C02361,2,Negative,Poor packaging and average product.,No,15
08-23-2022,R002038,S004,P0200,Furniture,North,C01307,4,Positive,"Good value, would recommend to others.",Yes,15
08-23-2022,R002775,S004,P0158,Electronics,West,C02607,4,Positive,Pretty happy with this purchase.,Yes,10
08-23-2022,R002964,S005,P0155,Electronics,South,C01592,4,Positive,Pretty happy with this purchase.,Yes,1
08-23-2022,R003058,S005,P0045,Toys,East,C00747,5,Positive,"Absolutely love this product, will buy again.",Yes,24
08-23-2022,R003266,S004,P0069,Toys,East,C02267,4,Positive,"Solid product, does what it says.",Yes,17
08-23-2022,R003431,S003,P0062,Groceries,West,C01739,5,Positive,"Absolutely love this product, will buy again.",No,45
08-23-2022,R004756,S003,P0023,Groceries,West,C02993,2,Negative,"Not very satisfied, quality could improve.",Yes,20
08-23-2022,R004857,S003,P0092,Electronics,North,C00405,5,Positive,"Excellent quality, exceeded my expectations!",Yes,40
08-23-2022,R004883,S004,P0075,Furniture,North,C00125,5,Positive,"Highly recommend, works perfectly.",Yes,32
08-23-2022,R005987,S001,P0102,Toys,South,C02188,1,Negative,"Product arrived damaged, very unhappy.",Yes,35
08-24-2022,R000043,S001,P0008,Electronics,West,C00430,5,Positive,Fast delivery and great value for money.,Yes,28
08-24-2022,R000124,S002,P0158,Electronics,West,C01039,5,Positive,"Highly recommend, works perfectly.",Yes,37
08-24-2022,R001000,S004,P0066,Clothing,North,C00568,5,Positive,"Excellent quality, exceeded my expectations!",Yes,13
08-24-2022,R003450,S004,P0058,Groceries,South,C02964,5,Positive,"Excellent quality, exceeded my expectations!",No,7
08-24-2022,R003766,S005,P0053,Groceries,West,C01187,4,Positive,Pretty happy with this purchase.,No,9
08-24-2022,R004295,S005,P0080,Groceries,South,C02261,5,Positive,"Absolutely love this product, will buy again.",Yes,49
08-24-2022,R004535,S002,P0002,Clothing,South,C02974,2,Negative,"Not very satisfied, quality could improve.",Yes,17
08-24-2022,R005196,S002,P0166,Furniture,East,C01509,3,Neutral,"Neutral experience, neither good nor bad.",No,4
08-24-2022,R005580,S003,P0145,Toys,West,C01117,5,Positive,"Highly recommend, works perfectly.",Yes,41
08-24-2022,R005866,S002,P0089,Groceries,South,C02471,4,Positive,"Works well, decent quality for the price.",Yes,14
08-25-2022,R000053,S004,P0125,Toys,North,C02014,5,Positive,"Excellent quality, exceeded my expectations!",Yes,25
08-25-2022,R000077,S004,P0057,Furniture,South,C00447,3,Neutral,Decent but could be better.,No,15
08-25-2022,R000538,S004,P0113,Clothing,West,C01090,5,Positive,"Excellent quality, exceeded my expectations!",Yes,30
08-25-2022,R000871,S003,P0059,Furniture,West,C00142,5,Positive,"Absolutely love this product, will buy again.",Yes,30
08-25-2022,R002160,S004,P0180,Groceries,South,C01227,5,Positive,"Excellent quality, exceeded my expectations!",Yes,47
08-25-2022,R002560,S003,P0111,Furniture,North,C00207,4,Positive,"Works well, decent quality for the price.",Yes,2
08-26-2022,R000296,S003,P0049,Electronics,West,C02050,5,Positive,Fast delivery and great value for money.,Yes,12
08-26-2022,R004525,S004,P0193,Groceries,East,C02842,5,Positive,Fast delivery and great value for money.,Yes,29
08-26-2022,R004818,S003,P0081,Furniture,North,C01486,5,Positive,Fast delivery and great value for money.,Yes,2
08-26-2022,R005478,S002,P0152,Clothing,South,C02452,4,Positive,"Good value, would recommend to others.",Yes,13
08-27-2022,R001465,S003,P0042,Electronics,North,C02949,3,Neutral,"Average product, nothing special.",Yes,7
08-27-2022,R001660,S005,P0077,Groceries,East,C02096,2,Negative,Disappointed with the product performance.,Yes,10
08-27-2022,R002474,S002,P0134,Electronics,South,C01987,2,Negative,"Below expectations, had some issues.",Yes,12
08-27-2022,R002530,S001,P0123,Furniture,South,C02037,5,Positive,"Highly recommend, works perfectly.",Yes,24
08-27-2022,R003647,S001,P0155,Electronics,West,C00690,3,Neutral,"Neutral experience, neither good nor bad.",Yes,15
08-27-2022,R004548,S002,P0142,Clothing,East,C01113,4,Positive,Pretty happy with this purchase.,Yes,10
08-27-2022,R004810,S001,P0106,Furniture,North,C02393,5,Positive,"Excellent quality, exceeded my expectations!",Yes,45
08-27-2022,R004971,S003,P0028,Groceries,North,C01512,3,Neutral,Fair quality for the price paid.,Yes,0
08-28-2022,R000228,S004,P0030,Furniture,South,C00233,5,Positive,"Absolutely love this product, will buy again.",Yes,28
08-28-2022,R000440,S002,P0153,Furniture,West,C02455,3,Neutral,"Average product, nothing special.",Yes,3
08-28-2022,R000698,S004,P0168,Furniture,South,C01118,4,Positive,"Good product overall, minor issues but satisfied.",Yes,10
08-28-2022,R001333,S003,P0186,Groceries,South,C01924,4,Positive,Pretty happy with this purchase.,No,10
08-28-2022,R001371,S005,P0007,Toys,North,C02797,3,Neutral,"It's okay, met basic expectations.",No,18
08-28-2022,R002787,S005,P0063,Furniture,West,C00266,4,Positive,"Good product overall, minor issues but satisfied.",Yes,10
08-28-2022,R004490,S004,P0103,Toys,East,C02747,4,Positive,Pretty happy with this purchase.,Yes,8
08-28-2022,R005430,S003,P0153,Furniture,West,C01465,1,Negative,"Product arrived damaged, very unhappy.",Yes,37
08-29-2022,R000353,S003,P0039,Groceries,East,C01659,5,Positive,Best purchase I've made this year.,Yes,36
08-29-2022,R000690,S002,P0169,Toys,South,C01559,3,Neutral,"Average product, nothing special.",Yes,7
08-29-2022,R000957,S004,P0057,Furniture,West,C00008,3,Neutral,Fair quality for the price paid.,Yes,16
08-29-2022,R000997,S005,P0157,Groceries,South,C02436,2,Negative,Disappointed with the product performance.,No,8
08-29-2022,R001405,S003,P0092,Electronics,North,C02270,3,Neutral,"It's okay, met basic expectations.",No,9
08-29-2022,R001468,S002,P0110,Toys,East,C02797,5,Positive,"Absolutely love this product, will buy again.",Yes,13
08-29-2022,R003508,S004,P0140,Toys,South,C02135,1,Negative,"Worst purchase, do not recommend.",No,43
08-29-2022,R004378,S004,P0133,Groceries,North,C02500,4,Positive,"Works well, decent quality for the price.",Yes,13
08-29-2022,R004569,S005,P0037,Furniture,North,C00680,5,Positive,Fast delivery and great value for money.,No,9
08-29-2022,R004692,S003,P0090,Groceries,East,C01608,4,Positive,Pretty happy with this purchase.,Yes,17
08-29-2022,R005895,S005,P0136,Electronics,East,C00069,2,Negative,"Below expectations, had some issues.",Yes,19
08-30-2022,R000089,S003,P0082,Clothing,North,C00324,4,Positive,"Solid product, does what it says.",Yes,12
08-30-2022,R000990,S003,P0177,Clothing,West,C02189,3,Neutral,"It's okay, met basic expectations.",No,18
08-30-2022,R001514,S005,P0022,Toys,West,C01198,4,Positive,"Solid product, does what it says.",No,13
08-30-2022,R001995,S005,P0129,Groceries,West,C01979,2,Negative,"Would not recommend, had problems.",Yes,9
08-30-2022,R002191,S001,P0010,Toys,East,C00175,3,Neutral,Fair quality for the price paid.,Yes,15
08-30-2022,R003429,S004,P0018,Clothing,North,C01639,5,Positive,Fast delivery and great value for money.,Yes,35
08-30-2022,R003524,S001,P0191,Toys,South,C00063,5,Positive,"Absolutely love this product, will buy again.",No,23
08-30-2022,R005467,S005,P0196,Electronics,East,C00368,5,Positive,"Excellent quality, exceeded my expectations!",Yes,19
08-30-2022,R005721,S003,P0009,Groceries,East,C01599,5,Positive,"Highly recommend, works perfectly.",Yes,13
08-31-2022,R000615,S005,P0066,Clothing,East,C00951,4,Positive,"Works well, decent quality for the price.",Yes,6
08-31-2022,R000915,S002,P0097,Furniture,East,C02360,5,Positive,"Highly recommend, works perfectly.",Yes,30
08-31-2022,R001124,S005,P0077,Groceries,West,C01933,3,Neutral,"Average product, nothing special.",Yes,11
08-31-2022,R001234,S004,P0153,Furniture,East,C00653,5,Positive,"Highly recommend, works perfectly.",Yes,36
08-31-2022,R001352,S001,P0188,Electronics,West,C01671,4,Positive,"Works well, decent quality for the price.",No,12
08-31-2022,R002229,S003,P0054,Toys,South,C02287,5,Positive,"Absolutely love this product, will buy again.",No,15
08-31-2022,R002394,S003,P0103,Toys,North,C00749,5,Positive,"Highly recommend, works perfectly.",Yes,28
08-31-2022,R002890,S001,P0079,Toys,East,C02096,2,Negative,"Below expectations, had some issues.",Yes,8
08-31-2022,R004395,S002,P0006,Groceries,South,C02620,2,Negative,"Would not recommend, had problems.",Yes,9
08-31-2022,R004438,S001,P0038,Clothing,East,C01084,4,Positive,Pretty happy with this purchase.,Yes,15
08-31-2022,R005023,S005,P0093,Electronics,East,C02032,1,Negative,"Terrible experience, would not buy again.",Yes,2
08-31-2022,R005377,S003,P0023,Groceries,North,C01738,5,Positive,Fast delivery and great value for money.,Yes,18
08-31-2022,R005477,S005,P0153,Furniture,East,C02363,3,Neutral,Decent but could be better.,Yes,3
08-31-2022,R005628,S003,P0170,Furniture,East,C02659,4,Positive,"Solid product, does what it says.",Yes,12
09-01-2022,R001224,S002,P0062,Groceries,West,C02307,4,Positive,"Solid product, does what it says.",Yes,10
09-01-2022,R001649,S003,P0035,Clothing,East,C02738,4,Positive,Pretty happy with this purchase.,Yes,3
09-01-2022,R002258,S001,P0141,Clothing,South,C01999,5,Positive,Fast delivery and great value for money.,Yes,28
09-01-2022,R002548,S005,P0049,Electronics,South,C02237,2,Negative,Poor packaging and average product.,Yes,17
09-01-2022,R003126,S005,P0072,Groceries,West,C01605,3,Neutral,"Average product, nothing special.",No,17
09-01-2022,R003741,S003,P0177,Clothing,West,C02006,2,Negative,Disappointed with the product performance.,Yes,17
09-01-2022,R003921,S002,P0200,Furniture,North,C01925,5,Positive,Fast delivery and great value for money.,Yes,15
09-01-2022,R004055,S005,P0101,Furniture,North,C00091,5,Positive,"Excellent quality, exceeded my expectations!",No,7
09-01-2022,R004109,S004,P0192,Clothing,North,C02094,5,Positive,"Absolutely love this product, will buy again.",Yes,47
09-01-2022,R004370,S002,P0044,Clothing,North,C02672,4,Positive,"Works well, decent quality for the price.",Yes,1
09-01-2022,R005159,S001,P0077,Groceries,North,C02730,3,Neutral,"It's okay, met basic expectations.",Yes,12
09-01-2022,R005179,S001,P0117,Toys,North,C02803,2,Negative,"Would not recommend, had problems.",Yes,6
09-02-2022,R000064,S003,P0067,Clothing,East,C01569,2,Negative,"Would not recommend, had problems.",Yes,16
09-02-2022,R000260,S003,P0143,Clothing,South,C00886,4,Positive,Pretty happy with this purchase.,Yes,0
09-02-2022,R000539,S003,P0143,Clothing,West,C01983,5,Positive,"Absolutely love this product, will buy again.",Yes,36
09-02-2022,R001077,S003,P0127,Furniture,West,C01386,1,Negative,"Waste of money, poor quality.",Yes,0
09-02-2022,R001298,S003,P0042,Electronics,North,C02079,5,Positive,Best purchase I've made this year.,Yes,7
09-02-2022,R002983,S004,P0086,Furniture,East,C01681,4,Positive,"Works well, decent quality for the price.",Yes,8
09-02-2022,R004196,S003,P0083,Electronics,North,C00865,3,Neutral,"Average product, nothing special.",Yes,6
09-02-2022,R005465,S004,P0061,Furniture,East,C02157,4,Positive,Pretty happy with this purchase.,Yes,0
09-03-2022,R000320,S001,P0011,Groceries,West,C00208,4,Positive,"Good value, would recommend to others.",No,15
09-03-2022,R001017,S003,P0085,Furniture,South,C02784,5,Positive,Fast delivery and great value for money.,No,15
09-03-2022,R001497,S002,P0123,Furniture,North,C01377,5,Positive,Fast delivery and great value for money.,Yes,37
09-03-2022,R002846,S001,P0099,Toys,South,C02770,4,Positive,"Works well, decent quality for the price.",Yes,9
09-03-2022,R003000,S004,P0154,Groceries,West,C00885,3,Neutral,Fair quality for the price paid.,No,5
09-03-2022,R004073,S002,P0173,Clothing,West,C01185,4,Positive,"Works well, decent quality for the price.",Yes,0
09-04-2022,R001984,S005,P0095,Furniture,East,C00752,4,Positive,"Good value, would recommend to others.",Yes,10
09-04-2022,R002760,S001,P0148,Clothing,North,C01931,4,Positive,"Solid product, does what it says.",No,20
09-04-2022,R002988,S004,P0019,Toys,West,C02241,3,Neutral,"It's okay, met basic expectations.",Yes,8
09-04-2022,R004486,S003,P0052,Toys,West,C01192,3,Neutral,"Neutral experience, neither good nor bad.",Yes,3
09-04-2022,R004859,S005,P0024,Toys,North,C01607,4,Positive,"Solid product, does what it says.",No,19
09-04-2022,R005622,S002,P0078,Toys,West,C00262,4,Positive,"Good product overall, minor issues but satisfied.",No,1
09-05-2022,R000359,S001,P0034,Groceries,West,C01398,5,Positive,"Highly recommend, works perfectly.",Yes,0
09-05-2022,R000675,S001,P0123,Furniture,North,C00171,4,Positive,"Good value, would recommend to others.",Yes,1
09-05-2022,R002047,S002,P0073,Furniture,West,C01577,4,Positive,"Works well, decent quality for the price.",Yes,15
09-05-2022,R002212,S001,P0108,Furniture,West,C02114,3,Neutral,"Average product, nothing special.",Yes,8
09-05-2022,R002800,S001,P0012,Clothing,West,C02397,4,Positive,"Works well, decent quality for the price.",Yes,13
09-05-2022,R003086,S004,P0147,Groceries,North,C02395,3,Neutral,"Neutral experience, neither good nor bad.",Yes,16
09-05-2022,R003528,S003,P0017,Toys,South,C01112,5,Positive,Best purchase I've made this year.,Yes,41
09-05-2022,R005985,S005,P0089,Groceries,West,C00619,5,Positive,Best purchase I've made this year.,Yes,13
09-06-2022,R000269,S003,P0053,Groceries,North,C00105,2,Negative,"Not very satisfied, quality could improve.",Yes,18
09-06-2022,R000286,S004,P0173,Clothing,East,C02916,4,Positive,"Good value, would recommend to others.",Yes,7
09-06-2022,R000591,S004,P0142,Clothing,West,C01937,5,Positive,Best purchase I've made this year.,Yes,11
09-06-2022,R002208,S001,P0088,Toys,East,C01704,4,Positive,"Good value, would recommend to others.",Yes,14
09-06-2022,R003863,S005,P0120,Clothing,East,C01162,3,Neutral,"It's okay, met basic expectations.",Yes,15
09-06-2022,R005963,S003,P0165,Furniture,West,C02884,4,Positive,"Works well, decent quality for the price.",No,18
09-07-2022,R000710,S003,P0151,Toys,East,C02129,4,Positive,"Good product overall, minor issues but satisfied.",Yes,9
09-07-2022,R001330,S003,P0145,Toys,West,C00449,4,Positive,"Solid product, does what it says.",Yes,12
09-07-2022,R001523,S001,P0180,Groceries,North,C01861,4,Positive,"Good value, would recommend to others.",No,5
09-07-2022,R004654,S004,P0141,Clothing,South,C01776,4,Positive,Pretty happy with this purchase.,No,10
09-07-2022,R005581,S002,P0063,Furniture,East,C02647,5,Positive,Best purchase I've made this year.,Yes,23
09-08-2022,R000242,S003,P0200,Furniture,North,C01195,4,Positive,"Good product overall, minor issues but satisfied.",No,15
09-08-2022,R000443,S002,P0188,Electronics,East,C00575,5,Positive,Fast delivery and great value for money.,Yes,14
09-08-2022,R000598,S001,P0187,Toys,East,C01038,3,Neutral,Decent but could be better.,Yes,10
09-08-2022,R000678,S002,P0045,Toys,South,C02893,4,Positive,"Good product overall, minor issues but satisfied.",Yes,5
09-08-2022,R000853,S003,P0156,Groceries,West,C01012,5,Positive,"Absolutely love this product, will buy again.",Yes,44
09-08-2022,R001283,S002,P0069,Toys,South,C00354,3,Neutral,Fair quality for the price paid.,No,20
09-08-2022,R001454,S001,P0074,Electronics,South,C02111,3,Neutral,Decent but could be better.,Yes,6
09-08-2022,R002839,S005,P0070,Groceries,South,C01952,5,Positive,"Highly recommend, works perfectly.",Yes,17
09-08-2022,R003120,S005,P0152,Clothing,North,C00214,5,Positive,"Absolutely love this product, will buy again.",Yes,40
09-08-2022,R005067,S001,P0044,Clothing,East,C01721,5,Positive,"Excellent quality, exceeded my expectations!",Yes,12
09-09-2022,R000094,S002,P0040,Toys,South,C00772,2,Negative,Poor packaging and average product.,Yes,12
09-09-2022,R001060,S002,P0119,Electronics,East,C01030,3,Neutral,Fair quality for the price paid.,Yes,2
09-09-2022,R002959,S005,P0076,Electronics,North,C02225,4,Positive,"Works well, decent quality for the price.",Yes,15
09-09-2022,R003911,S004,P0076,Electronics,South,C00417,4,Positive,Pretty happy with this purchase.,No,8
09-10-2022,R000294,S004,P0156,Groceries,East,C02777,5,Positive,"Excellent quality, exceeded my expectations!",Yes,34
09-10-2022,R001180,S001,P0195,Clothing,North,C00500,4,Positive,"Works well, decent quality for the price.",Yes,13
09-10-2022,R001599,S003,P0150,Electronics,North,C02652,3,Neutral,"It's okay, met basic expectations.",Yes,18
09-10-2022,R001946,S001,P0092,Electronics,West,C01824,5,Positive,"Excellent quality, exceeded my expectations!",Yes,8
09-10-2022,R002785,S002,P0170,Furniture,East,C00029,5,Positive,Fast delivery and great value for money.,No,1
09-10-2022,R003319,S005,P0168,Furniture,North,C02782,4,Positive,Pretty happy with this purchase.,Yes,16
09-10-2022,R004855,S001,P0101,Furniture,West,C02603,2,Negative,"Would not recommend, had problems.",Yes,7
09-10-2022,R005270,S003,P0188,Electronics,West,C01058,4,Positive,"Works well, decent quality for the price.",Yes,2
09-11-2022,R000084,S004,P0011,Groceries,North,C00254,5,Positive,"Excellent quality, exceeded my expectations!",Yes,47
09-11-2022,R000801,S003,P0148,Clothing,North,C02575,4,Positive,Pretty happy with this purchase.,Yes,19
09-11-2022,R001702,S001,P0063,Furniture,West,C02778,5,Positive,"Highly recommend, works perfectly.",Yes,4
09-11-2022,R004873,S002,P0042,Electronics,North,C01640,5,Positive,"Excellent quality, exceeded my expectations!",Yes,30
09-11-2022,R005114,S003,P0050,Toys,South,C01355,3,Neutral,"It's okay, met basic expectations.",Yes,4
09-11-2022,R005886,S001,P0093,Electronics,South,C01923,2,Negative,"Not very satisfied, quality could improve.",Yes,0
09-12-2022,R000348,S004,P0156,Groceries,West,C01117,4,Positive,"Works well, decent quality for the price.",Yes,2
09-12-2022,R002675,S005,P0082,Clothing,East,C01013,2,Negative,"Below expectations, had some issues.",Yes,8
09-12-2022,R003259,S004,P0102,Toys,West,C01362,1,Negative,"Worst purchase, do not recommend.",Yes,27
09-12-2022,R003522,S003,P0088,Toys,North,C02695,1,Negative,"Terrible experience, would not buy again.",No,32
09-12-2022,R003742,S005,P0149,Electronics,East,C00435,2,Negative,Disappointed with the product performance.,Yes,17
09-12-2022,R004258,S001,P0197,Electronics,East,C01511,4,Positive,"Works well, decent quality for the price.",Yes,14
09-13-2022,R004182,S003,P0095,Furniture,North,C02797,5,Positive,"Absolutely love this product, will buy again.",Yes,7
09-13-2022,R004615,S004,P0162,Toys,South,C02839,5,Positive,"Highly recommend, works perfectly.",Yes,12
09-13-2022,R005673,S003,P0163,Furniture,West,C02408,5,Positive,"Highly recommend, works perfectly.",Yes,3
09-14-2022,R000655,S003,P0016,Furniture,East,C01237,5,Positive,"Highly recommend, works perfectly.",No,49
09-14-2022,R000747,S001,P0077,Groceries,North,C02961,5,Positive,"Absolutely love this product, will buy again.",Yes,48
09-14-2022,R000851,S001,P0149,Electronics,North,C02155,4,Positive,Pretty happy with this purchase.,Yes,1
09-14-2022,R000891,S002,P0135,Furniture,South,C01113,3,Neutral,"Neutral experience, neither good nor bad.",Yes,4
09-14-2022,R001012,S004,P0140,Toys,North,C02380,4,Positive,"Good product overall, minor issues but satisfied.",No,2
09-14-2022,R002842,S004,P0023,Groceries,North,C01077,2,Negative,"Not very satisfied, quality could improve.",Yes,8
09-14-2022,R003679,S005,P0035,Clothing,North,C01294,4,Positive,Pretty happy with this purchase.,Yes,19
09-14-2022,R004332,S004,P0081,Furniture,North,C00642,5,Positive,"Highly recommend, works perfectly.",Yes,26
09-14-2022,R004508,S004,P0159,Clothing,North,C02077,3,Neutral,"It's okay, met basic expectations.",Yes,18
09-14-2022,R004978,S004,P0133,Groceries,East,C01786,3,Neutral,"Neutral experience, neither good nor bad.",Yes,16
09-14-2022,R005399,S001,P0029,Groceries,West,C00207,4,Positive,Pretty happy with this purchase.,Yes,2
09-14-2022,R005950,S002,P0166,Furniture,South,C02499,5,Positive,Best purchase I've made this year.,Yes,35
09-15-2022,R000095,S002,P0130,Electronics,East,C02677,4,Positive,"Good product overall, minor issues but satisfied.",Yes,1
09-15-2022,R000497,S001,P0050,Toys,South,C01789,1,Negative,"Worst purchase, do not recommend.",Yes,46
09-15-2022,R002125,S001,P0174,Toys,West,C01056,1,Negative,"Very disappointed, product did not work.",No,3
09-15-2022,R002280,S001,P0118,Clothing,South,C02265,5,Positive,"Excellent quality, exceeded my expectations!",Yes,18
09-15-2022,R003555,S001,P0061,Furniture,North,C00212,1,Negative,"Very disappointed, product did not work.",Yes,42
09-15-2022,R003582,S002,P0177,Clothing,North,C01141,5,Positive,"Highly recommend, works perfectly.",Yes,12
09-15-2022,R004680,S005,P0167,Furniture,North,C00857,5,Positive,"Excellent quality, exceeded my expectations!",Yes,46
09-15-2022,R004754,S002,P0177,Clothing,South,C02477,5,Positive,"Highly recommend, works perfectly.",No,0
09-15-2022,R005167,S005,P0092,Electronics,East,C00804,2,Negative,Poor packaging and average product.,Yes,16
09-15-2022,R005841,S005,P0119,Electronics,West,C00045,4,Positive,"Good product overall, minor issues but satisfied.",Yes,0
09-16-2022,R001063,S001,P0054,Toys,East,C00974,5,Positive,"Highly recommend, works perfectly.",No,29
09-16-2022,R001159,S001,P0155,Electronics,North,C01227,5,Positive,Best purchase I've made this year.,Yes,24
09-16-2022,R001434,S004,P0099,Toys,North,C02954,3,Neutral,"Neutral experience, neither good nor bad.",Yes,12
09-16-2022,R001938,S001,P0155,Electronics,North,C01098,3,Neutral,Decent but could be better.,Yes,18
09-16-2022,R003186,S001,P0106,Furniture,West,C01776,5,Positive,Fast delivery and great value for money.,Yes,26
09-16-2022,R003381,S001,P0071,Electronics,East,C00676,5,Positive,Best purchase I've made this year.,Yes,49
09-16-2022,R003466,S003,P0025,Clothing,South,C02859,4,Positive,"Solid product, does what it says.",Yes,17
09-16-2022,R004530,S004,P0057,Furniture,East,C01063,2,Negative,"Below expectations, had some issues.",No,9
09-16-2022,R004633,S005,P0140,Toys,East,C01873,2,Negative,"Not very satisfied, quality could improve.",Yes,9
09-16-2022,R005453,S004,P0108,Furniture,East,C02279,3,Neutral,"Average product, nothing special.",Yes,6
09-17-2022,R001253,S003,P0024,Toys,West,C00683,5,Positive,Best purchase I've made this year.,No,10
09-17-2022,R001605,S002,P0085,Furniture,East,C01622,5,Positive,Best purchase I've made this year.,Yes,15
09-17-2022,R002326,S002,P0137,Furniture,West,C02990,1,Negative,"Very disappointed, product did not work.",Yes,24
09-17-2022,R002398,S002,P0106,Furniture,North,C01049,2,Negative,Disappointed with the product performance.,Yes,15
09-17-2022,R003355,S003,P0022,Toys,West,C01316,4,Positive,Pretty happy with this purchase.,Yes,8
09-17-2022,R004660,S005,P0024,Toys,North,C00840,5,Positive,Fast delivery and great value for money.,Yes,3
09-17-2022,R005988,S002,P0041,Groceries,East,C01338,3,Neutral,Decent but could be better.,No,15
09-18-2022,R000048,S003,P0160,Groceries,East,C01990,5,Positive,"Excellent quality, exceeded my expectations!",Yes,43
09-18-2022,R001748,S004,P0078,Toys,South,C00313,3,Neutral,"Neutral experience, neither good nor bad.",Yes,15
09-18-2022,R004034,S005,P0082,Clothing,South,C00758,5,Positive,"Excellent quality, exceeded my expectations!",Yes,8
09-18-2022,R004455,S003,P0011,Groceries,East,C02980,3,Neutral,"It's okay, met basic expectations.",Yes,3
09-18-2022,R005429,S004,P0098,Toys,West,C01277,3,Neutral,"Neutral experience, neither good nor bad.",Yes,15
09-18-2022,R005937,S005,P0122,Furniture,North,C02015,5,Positive,Fast delivery and great value for money.,Yes,45
09-19-2022,R000559,S002,P0106,Furniture,South,C02775,1,Negative,"Terrible experience, would not buy again.",Yes,44
09-19-2022,R000672,S005,P0037,Furniture,East,C00453,5,Positive,"Absolutely love this product, will buy again.",Yes,7
09-19-2022,R001740,S001,P0149,Electronics,East,C01186,3,Neutral,"Neutral experience, neither good nor bad.",Yes,10
09-19-2022,R002665,S005,P0024,Toys,North,C00707,5,Positive,"Excellent quality, exceeded my expectations!",Yes,41
09-19-2022,R003232,S004,P0095,Furniture,North,C02922,2,Negative,Disappointed with the product performance.,Yes,19
09-19-2022,R003486,S003,P0177,Clothing,North,C00291,5,Positive,"Highly recommend, works perfectly.",Yes,33
09-19-2022,R003554,S001,P0067,Clothing,South,C01428,5,Positive,"Highly recommend, works perfectly.",Yes,33
09-19-2022,R004095,S004,P0028,Groceries,West,C02722,4,Positive,"Works well, decent quality for the price.",Yes,1
09-19-2022,R004853,S005,P0074,Electronics,South,C01016,2,Negative,Poor packaging and average product.,Yes,11
09-19-2022,R005409,S001,P0109,Electronics,South,C00627,5,Positive,"Absolutely love this product, will buy again.",No,42
09-20-2022,R000897,S001,P0102,Toys,South,C01217,3,Neutral,Fair quality for the price paid.,Yes,6
09-20-2022,R000932,S001,P0089,Groceries,North,C01043,5,Positive,Fast delivery and great value for money.,Yes,3
09-20-2022,R001037,S005,P0019,Toys,South,C01160,5,Positive,"Absolutely love this product, will buy again.",Yes,7
09-20-2022,R002528,S002,P0176,Furniture,South,C00501,4,Positive,Pretty happy with this purchase.,No,4
09-20-2022,R002696,S004,P0013,Toys,South,C01581,5,Positive,"Absolutely love this product, will buy again.",Yes,41
09-20-2022,R002955,S003,P0034,Groceries,North,C01089,5,Positive,Best purchase I've made this year.,Yes,24
09-20-2022,R003131,S002,P0056,Clothing,West,C02315,4,Positive,"Works well, decent quality for the price.",No,11
09-20-2022,R004306,S005,P0120,Clothing,East,C02419,2,Negative,"Below expectations, had some issues.",Yes,9
09-20-2022,R004884,S004,P0136,Electronics,West,C01791,5,Positive,"Highly recommend, works perfectly.",Yes,45
09-20-2022,R005907,S003,P0052,Toys,North,C00085,2,Negative,Poor packaging and average product.,Yes,20
09-21-2022,R001469,S005,P0135,Furniture,East,C01208,5,Positive,Fast delivery and great value for money.,Yes,46
09-21-2022,R001551,S001,P0080,Groceries,North,C01255,5,Positive,"Highly recommend, works perfectly.",Yes,34
09-21-2022,R001570,S003,P0163,Furniture,East,C00101,5,Positive,"Excellent quality, exceeded my expectations!",Yes,27
09-21-2022,R001739,S004,P0181,Toys,North,C02606,2,Negative,"Not very satisfied, quality could improve.",No,0
09-21-2022,R003561,S005,P0188,Electronics,West,C01960,4,Positive,"Solid product, does what it says.",Yes,11
09-21-2022,R004302,S005,P0159,Clothing,North,C02097,3,Neutral,Decent but could be better.,No,1
09-21-2022,R004897,S003,P0062,Groceries,South,C01965,5,Positive,Fast delivery and great value for money.,Yes,18
09-21-2022,R005306,S004,P0145,Toys,West,C02079,4,Positive,"Works well, decent quality for the price.",Yes,9
09-21-2022,R005817,S001,P0080,Groceries,West,C02075,4,Positive,Pretty happy with this purchase.,Yes,2
09-22-2022,R000223,S005,P0182,Toys,North,C01302,5,Positive,"Absolutely love this product, will buy again.",Yes,12
09-22-2022,R000723,S005,P0035,Clothing,East,C01190,3,Neutral,Decent but could be better.,Yes,4
09-22-2022,R001353,S004,P0123,Furniture,North,C00418,5,Positive,"Excellent quality, exceeded my expectations!",No,23
09-22-2022,R003123,S005,P0174,Toys,West,C01769,5,Positive,"Excellent quality, exceeded my expectations!",Yes,48
09-22-2022,R003678,S002,P0019,Toys,North,C00214,3,Neutral,Decent but could be better.,Yes,14
09-22-2022,R003701,S003,P0166,Furniture,West,C02003,4,Positive,"Solid product, does what it says.",Yes,0
09-22-2022,R005115,S003,P0063,Furniture,North,C01663,1,Negative,"Waste of money, poor quality.",Yes,8
09-22-2022,R005760,S002,P0137,Furniture,West,C00558,4,Positive,"Works well, decent quality for the price.",Yes,10
09-23-2022,R000006,S002,P0178,Toys,South,C01494,4,Positive,Pretty happy with this purchase.,Yes,3
09-23-2022,R001567,S003,P0026,Groceries,East,C02942,5,Positive,Best purchase I've made this year.,No,31
09-23-2022,R002152,S004,P0147,Groceries,West,C00764,4,Positive,"Good value, would recommend to others.",Yes,2
09-23-2022,R002521,S003,P0178,Toys,North,C02400,3,Neutral,"It's okay, met basic expectations.",Yes,14
09-23-2022,R005260,S003,P0199,Electronics,North,C00671,2,Negative,"Below expectations, had some issues.",Yes,5
09-23-2022,R005696,S001,P0001,Electronics,South,C01309,5,Positive,Best purchase I've made this year.,Yes,47
09-23-2022,R005881,S003,P0106,Furniture,North,C00612,4,Positive,"Good product overall, minor issues but satisfied.",Yes,17
09-23-2022,R005904,S003,P0035,Clothing,East,C01717,3,Neutral,"Neutral experience, neither good nor bad.",Yes,9
09-24-2022,R000061,S004,P0168,Furniture,East,C02740,5,Positive,"Highly recommend, works perfectly.",Yes,10
09-24-2022,R000151,S005,P0041,Groceries,South,C02042,3,Neutral,"It's okay, met basic expectations.",Yes,20
09-24-2022,R000629,S001,P0095,Furniture,North,C00050,5,Positive,"Highly recommend, works perfectly.",Yes,21
09-24-2022,R000654,S003,P0043,Groceries,East,C01942,2,Negative,"Below expectations, had some issues.",No,7
09-24-2022,R001564,S001,P0197,Electronics,East,C01409,3,Neutral,Decent but could be better.,Yes,12
09-24-2022,R002714,S002,P0089,Groceries,North,C00338,4,Positive,"Good product overall, minor issues but satisfied.",Yes,5
09-24-2022,R005642,S003,P0196,Electronics,South,C00448,4,Positive,"Solid product, does what it says.",No,9
09-24-2022,R005684,S002,P0122,Furniture,West,C01688,2,Negative,"Not very satisfied, quality could improve.",Yes,7
09-25-2022,R000307,S002,P0140,Toys,East,C02228,1,Negative,"Waste of money, poor quality.",Yes,3
09-25-2022,R001886,S004,P0106,Furniture,North,C02036,4,Positive,Pretty happy with this purchase.,Yes,2
09-25-2022,R003410,S005,P0074,Electronics,South,C02868,5,Positive,Best purchase I've made this year.,Yes,16
09-25-2022,R003579,S003,P0159,Clothing,West,C02126,2,Negative,Poor packaging and average product.,No,18
09-26-2022,R001009,S005,P0068,Clothing,East,C00385,2,Negative,"Not very satisfied, quality could improve.",Yes,7
09-26-2022,R001905,S004,P0062,Groceries,South,C00681,4,Positive,"Works well, decent quality for the price.",Yes,8
09-26-2022,R003545,S002,P0016,Furniture,East,C00724,1,Negative,"Terrible experience, would not buy again.",Yes,15
09-26-2022,R005437,S002,P0183,Toys,North,C01076,4,Positive,"Solid product, does what it says.",Yes,1
09-26-2022,R005789,S001,P0084,Clothing,West,C02333,4,Positive,"Works well, decent quality for the price.",No,4
09-27-2022,R000037,S003,P0085,Furniture,South,C00893,5,Positive,Fast delivery and great value for money.,Yes,0
09-27-2022,R000940,S002,P0062,Groceries,West,C00308,1,Negative,"Waste of money, poor quality.",Yes,14
09-27-2022,R002568,S001,P0098,Toys,North,C02786,5,Positive,"Excellent quality, exceeded my expectations!",Yes,28
09-27-2022,R003026,S005,P0130,Electronics,West,C00019,4,Positive,"Good value, would recommend to others.",Yes,14
09-27-2022,R003096,S001,P0013,Toys,South,C00587,4,Positive,"Solid product, does what it says.",Yes,4
09-27-2022,R003722,S005,P0134,Electronics,North,C01484,5,Positive,"Excellent quality, exceeded my expectations!",Yes,48
09-27-2022,R003907,S004,P0010,Toys,South,C01915,3,Neutral,"It's okay, met basic expectations.",Yes,12
09-27-2022,R004579,S004,P0129,Groceries,West,C02030,4,Positive,"Good value, would recommend to others.",Yes,19
09-27-2022,R004907,S005,P0054,Toys,South,C02839,4,Positive,"Good product overall, minor issues but satisfied.",Yes,11
09-27-2022,R005359,S003,P0178,Toys,West,C02685,3,Neutral,Fair quality for the price paid.,Yes,15
09-28-2022,R001093,S004,P0020,Groceries,East,C00046,5,Positive,"Absolutely love this product, will buy again.",Yes,46
09-28-2022,R001667,S004,P0181,Toys,North,C02030,2,Negative,"Would not recommend, had problems.",Yes,13
09-28-2022,R001979,S004,P0018,Clothing,East,C02763,5,Positive,"Absolutely love this product, will buy again.",Yes,25
09-28-2022,R002060,S005,P0143,Clothing,North,C01991,4,Positive,"Good product overall, minor issues but satisfied.",Yes,6
09-28-2022,R002206,S005,P0164,Groceries,West,C00938,3,Neutral,"Neutral experience, neither good nor bad.",Yes,16
09-28-2022,R002257,S005,P0110,Toys,East,C02618,5,Positive,Best purchase I've made this year.,Yes,27
09-28-2022,R002296,S003,P0126,Clothing,West,C00863,5,Positive,"Highly recommend, works perfectly.",Yes,20
09-28-2022,R003284,S003,P0131,Clothing,South,C00302,2,Negative,Disappointed with the product performance.,No,12
09-28-2022,R004586,S005,P0153,Furniture,North,C01996,5,Positive,Best purchase I've made this year.,No,30
09-29-2022,R000002,S004,P0178,Toys,East,C02164,4,Positive,"Works well, decent quality for the price.",Yes,17
09-29-2022,R000046,S002,P0187,Toys,East,C02024,5,Positive,Best purchase I've made this year.,Yes,4
09-29-2022,R001397,S002,P0192,Clothing,North,C01494,4,Positive,"Works well, decent quality for the price.",Yes,14
09-29-2022,R001720,S002,P0058,Groceries,East,C01486,5,Positive,Fast delivery and great value for money.,Yes,25
09-29-2022,R001882,S001,P0061,Furniture,East,C01534,5,Positive,Best purchase I've made this year.,Yes,38
09-29-2022,R002173,S005,P0022,Toys,South,C02563,4,Positive,"Works well, decent quality for the price.",Yes,10
09-29-2022,R002960,S005,P0109,Electronics,East,C02584,5,Positive,Fast delivery and great value for money.,Yes,11
09-29-2022,R003538,S003,P0167,Furniture,West,C01741,4,Positive,"Good value, would recommend to others.",Yes,9
09-29-2022,R004159,S005,P0007,Toys,South,C02809,4,Positive,Pretty happy with this purchase.,Yes,17
09-29-2022,R004959,S004,P0094,Groceries,South,C00547,3,Neutral,"It's okay, met basic expectations.",No,1
09-29-2022,R005198,S003,P0033,Toys,South,C01555,5,Positive,"Absolutely love this product, will buy again.",Yes,49
09-29-2022,R005723,S005,P0063,Furniture,West,C02717,4,Positive,Pretty happy with this purchase.,Yes,11
09-29-2022,R005793,S002,P0144,Clothing,East,C00076,4,Positive,"Works well, decent quality for the price.",Yes,6
09-29-2022,R005850,S001,P0120,Clothing,West,C01605,5,Positive,"Absolutely love this product, will buy again.",Yes,19
09-29-2022,R005958,S002,P0073,Furniture,South,C00937,3,Neutral,Fair quality for the price paid.,Yes,16
09-30-2022,R000787,S003,P0103,Toys,East,C02719,5,Positive,"Highly recommend, works perfectly.",Yes,38
09-30-2022,R002617,S001,P0187,Toys,West,C02428,4,Positive,"Works well, decent quality for the price.",Yes,5
09-30-2022,R003566,S002,P0081,Furniture,North,C01146,2,Negative,"Would not recommend, had problems.",Yes,4
09-30-2022,R004353,S003,P0105,Groceries,North,C01851,5,Positive,Best purchase I've made this year.,Yes,8
09-30-2022,R004480,S002,P0070,Groceries,South,C00477,5,Positive,Fast delivery and great value for money.,Yes,21
09-30-2022,R005589,S002,P0069,Toys,South,C01665,5,Positive,Best purchase I've made this year.,Yes,29
10-01-2022,R000375,S002,P0077,Groceries,South,C01989,5,Positive,"Excellent quality, exceeded my expectations!",No,15
10-01-2022,R000836,S002,P0120,Clothing,East,C02931,5,Positive,Best purchase I've made this year.,No,48
10-01-2022,R001101,S001,P0085,Furniture,West,C02287,4,Positive,"Good value, would recommend to others.",Yes,2
10-01-2022,R001463,S003,P0042,Electronics,West,C02935,4,Positive,"Solid product, does what it says.",Yes,14
10-01-2022,R002798,S001,P0191,Toys,East,C02963,5,Positive,"Absolutely love this product, will buy again.",No,22
10-01-2022,R003109,S002,P0182,Toys,East,C01455,3,Neutral,"Neutral experience, neither good nor bad.",Yes,1
10-01-2022,R003207,S001,P0122,Furniture,West,C02479,4,Positive,"Solid product, does what it says.",Yes,1
10-01-2022,R004150,S002,P0121,Clothing,South,C02892,5,Positive,Best purchase I've made this year.,Yes,12
10-01-2022,R005060,S001,P0113,Clothing,East,C02743,5,Positive,Fast delivery and great value for money.,Yes,1
10-01-2022,R005541,S004,P0086,Furniture,West,C01891,4,Positive,Pretty happy with this purchase.,Yes,4
10-01-2022,R005602,S005,P0117,Toys,North,C02507,4,Positive,"Solid product, does what it says.",Yes,19
10-01-2022,R005680,S005,P0083,Electronics,North,C02677,4,Positive,"Good value, would recommend to others.",Yes,10
10-02-2022,R001236,S003,P0136,Electronics,East,C01528,4,Positive,"Good product overall, minor issues but satisfied.",Yes,10
10-02-2022,R004729,S004,P0047,Groceries,West,C00150,2,Negative,"Not very satisfied, quality could improve.",No,20
10-02-2022,R005860,S003,P0181,Toys,West,C00275,2,Negative,Disappointed with the product performance.,Yes,15
10-03-2022,R000264,S002,P0106,Furniture,West,C02400,5,Positive,"Highly recommend, works perfectly.",Yes,25
10-03-2022,R000555,S004,P0025,Clothing,West,C00072,4,Positive,"Good product overall, minor issues but satisfied.",No,2
10-03-2022,R000711,S004,P0199,Electronics,North,C00223,4,Positive,"Good product overall, minor issues but satisfied.",Yes,14
10-03-2022,R001400,S005,P0159,Clothing,East,C01020,2,Negative,"Not very satisfied, quality could improve.",Yes,18
10-03-2022,R001765,S004,P0079,Toys,South,C02022,3,Neutral,Fair quality for the price paid.,Yes,8
10-03-2022,R001888,S001,P0106,Furniture,East,C00055,4,Positive,"Good product overall, minor issues but satisfied.",Yes,14
10-03-2022,R002072,S002,P0003,Furniture,East,C01058,2,Negative,"Below expectations, had some issues.",Yes,11
10-03-2022,R003445,S003,P0088,Toys,North,C00948,4,Positive,Pretty happy with this purchase.,Yes,2
10-03-2022,R004221,S002,P0039,Groceries,North,C01474,5,Positive,Fast delivery and great value for money.,Yes,5
10-03-2022,R004821,S002,P0098,Toys,West,C00912,5,Positive,Best purchase I've made this year.,Yes,43
10-03-2022,R005011,S003,P0094,Groceries,South,C01465,5,Positive,Fast delivery and great value for money.,Yes,23
10-04-2022,R000295,S004,P0008,Electronics,East,C02912,5,Positive,Best purchase I've made this year.,Yes,11
10-04-2022,R000701,S004,P0012,Clothing,East,C01800,2,Negative,"Would not recommend, had problems.",Yes,4
10-04-2022,R003433,S003,P0061,Furniture,North,C00500,4,Positive,"Good product overall, minor issues but satisfied.",Yes,20
10-04-2022,R004080,S003,P0121,Clothing,East,C02402,5,Positive,Best purchase I've made this year.,Yes,20
10-04-2022,R004392,S001,P0009,Groceries,South,C02531,1,Negative,"Terrible experience, would not buy again.",No,36
10-04-2022,R004517,S004,P0161,Groceries,North,C01114,5,Positive,Fast delivery and great value for money.,No,9
10-04-2022,R004716,S003,P0050,Toys,South,C02291,5,Positive,"Highly recommend, works perfectly.",Yes,20
10-04-2022,R005081,S004,P0001,Electronics,West,C01933,5,Positive,"Highly recommend, works perfectly.",No,42
10-05-2022,R001033,S004,P0016,Furniture,South,C00436,2,Negative,Disappointed with the product performance.,Yes,15
10-05-2022,R001780,S002,P0131,Clothing,North,C01516,1,Negative,"Product arrived damaged, very unhappy.",No,2
10-05-2022,R001990,S001,P0109,Electronics,North,C02608,5,Positive,"Highly recommend, works perfectly.",Yes,11
10-05-2022,R003557,S001,P0003,Furniture,West,C00051,3,Neutral,"Neutral experience, neither good nor bad.",Yes,12
10-05-2022,R003916,S003,P0038,Clothing,North,C00104,5,Positive,Fast delivery and great value for money.,Yes,14
10-05-2022,R004200,S005,P0099,Toys,West,C01149,3,Neutral,Decent but could be better.,No,8
10-05-2022,R004326,S005,P0074,Electronics,North,C02843,4,Positive,"Good value, would recommend to others.",Yes,13
10-05-2022,R004693,S002,P0006,Groceries,North,C01299,3,Neutral,"Neutral experience, neither good nor bad.",Yes,1
10-06-2022,R001557,S004,P0023,Groceries,North,C00918,2,Negative,Disappointed with the product performance.,Yes,12
10-06-2022,R002627,S001,P0117,Toys,West,C01222,4,Positive,"Good product overall, minor issues but satisfied.",Yes,11
10-06-2022,R003267,S001,P0156,Groceries,East,C01643,3,Neutral,Fair quality for the price paid.,Yes,3
10-06-2022,R003315,S004,P0162,Toys,West,C01826,4,Positive,Pretty happy with this purchase.,Yes,4
10-06-2022,R004252,S001,P0189,Groceries,North,C01895,2,Negative,"Not very satisfied, quality could improve.",Yes,17
10-06-2022,R005148,S005,P0013,Toys,South,C00113,5,Positive,Fast delivery and great value for money.,Yes,19
10-06-2022,R005587,S001,P0149,Electronics,North,C02816,5,Positive,"Absolutely love this product, will buy again.",Yes,28
10-06-2022,R005853,S004,P0008,Electronics,West,C01833,4,Positive,"Good product overall, minor issues but satisfied.",Yes,18
10-07-2022,R001425,S003,P0077,Groceries,North,C02182,3,Neutral,"It's okay, met basic expectations.",Yes,9
10-07-2022,R002765,S002,P0006,Groceries,West,C00661,4,Positive,"Works well, decent quality for the price.",Yes,14
10-07-2022,R003039,S005,P0187,Toys,South,C02844,4,Positive,Pretty happy with this purchase.,Yes,10
10-07-2022,R003411,S003,P0065,Electronics,East,C01778,4,Positive,"Good product overall, minor issues but satisfied.",Yes,5
10-07-2022,R003811,S003,P0102,Toys,West,C00403,3,Neutral,"Average product, nothing special.",No,1
10-07-2022,R003927,S004,P0174,Toys,West,C01676,1,Negative,"Terrible experience, would not buy again.",Yes,37
10-07-2022,R005871,S001,P0097,Furniture,South,C01206,4,Positive,Pretty happy with this purchase.,Yes,19
10-08-2022,R000170,S004,P0103,Toys,West,C01723,5,Positive,Best purchase I've made this year.,Yes,43
10-08-2022,R000772,S005,P0154,Groceries,East,C01054,1,Negative,"Product arrived damaged, very unhappy.",No,39
10-08-2022,R000909,S001,P0096,Groceries,South,C01872,5,Positive,"Absolutely love this product, will buy again.",Yes,2
10-08-2022,R001192,S004,P0169,Toys,East,C00417,4,Positive,Pretty happy with this purchase.,Yes,20
10-08-2022,R002664,S005,P0149,Electronics,East,C02463,1,Negative,"Worst purchase, do not recommend.",Yes,1
10-08-2022,R003731,S002,P0025,Clothing,West,C00117,3,Neutral,"Average product, nothing special.",Yes,15
10-08-2022,R005471,S001,P0040,Toys,North,C01307,3,Neutral,"Neutral experience, neither good nor bad.",No,14
10-08-2022,R005679,S002,P0139,Clothing,West,C02172,5,Positive,"Highly recommend, works perfectly.",Yes,33
10-09-2022,R000119,S004,P0037,Furniture,South,C00854,4,Positive,"Good value, would recommend to others.",Yes,19
10-09-2022,R000397,S004,P0075,Furniture,North,C02600,3,Neutral,"Neutral experience, neither good nor bad.",Yes,5
10-09-2022,R000865,S001,P0106,Furniture,South,C00560,4,Positive,Pretty happy with this purchase.,Yes,6
10-09-2022,R001477,S005,P0123,Furniture,West,C01763,5,Positive,"Absolutely love this product, will buy again.",Yes,32
10-09-2022,R001498,S002,P0194,Furniture,North,C01348,5,Positive,Fast delivery and great value for money.,Yes,49
10-09-2022,R002518,S002,P0170,Furniture,West,C00097,3,Neutral,Fair quality for the price paid.,Yes,10
10-09-2022,R002545,S004,P0087,Toys,East,C00299,1,Negative,"Worst purchase, do not recommend.",Yes,48
10-09-2022,R003280,S002,P0008,Electronics,East,C00983,5,Positive,"Absolutely love this product, will buy again.",Yes,4
10-09-2022,R004449,S004,P0023,Groceries,West,C00552,3,Neutral,"Average product, nothing special.",Yes,5
10-09-2022,R005086,S002,P0184,Groceries,East,C00414,4,Positive,"Good value, would recommend to others.",Yes,10
10-10-2022,R000357,S003,P0140,Toys,West,C00971,3,Neutral,Decent but could be better.,Yes,6
10-10-2022,R001516,S002,P0053,Groceries,West,C01466,4,Positive,"Solid product, does what it says.",No,20
10-10-2022,R002108,S004,P0035,Clothing,South,C00819,5,Positive,"Excellent quality, exceeded my expectations!",Yes,37
10-10-2022,R002298,S002,P0049,Electronics,East,C00192,4,Positive,Pretty happy with this purchase.,Yes,8
10-10-2022,R002503,S001,P0075,Furniture,East,C00976,5,Positive,"Highly recommend, works perfectly.",Yes,24
10-10-2022,R005150,S002,P0004,Toys,North,C01253,4,Positive,"Solid product, does what it says.",Yes,18
10-11-2022,R000017,S001,P0198,Groceries,West,C00115,4,Positive,"Solid product, does what it says.",Yes,2
10-11-2022,R001052,S005,P0177,Clothing,North,C00600,1,Negative,"Waste of money, poor quality.",Yes,5
10-11-2022,R002690,S003,P0192,Clothing,South,C00225,5,Positive,"Highly recommend, works perfectly.",Yes,16
10-11-2022,R004347,S001,P0024,Toys,North,C00479,5,Positive,"Highly recommend, works perfectly.",Yes,46
10-11-2022,R004407,S001,P0076,Electronics,North,C02219,5,Positive,"Absolutely love this product, will buy again.",Yes,22
10-11-2022,R004536,S005,P0032,Clothing,North,C02032,5,Positive,"Highly recommend, works perfectly.",Yes,50
10-11-2022,R004607,S002,P0016,Furniture,East,C02027,5,Positive,Best purchase I've made this year.,No,34
10-11-2022,R005421,S002,P0051,Groceries,West,C00890,4,Positive,"Solid product, does what it says.",Yes,11
10-12-2022,R000916,S001,P0060,Electronics,South,C00143,5,Positive,Best purchase I've made this year.,Yes,8
10-12-2022,R000975,S002,P0067,Clothing,North,C00958,4,Positive,"Good value, would recommend to others.",Yes,13
10-12-2022,R001919,S005,P0177,Clothing,East,C00961,4,Positive,"Works well, decent quality for the price.",Yes,2
10-12-2022,R002943,S004,P0039,Groceries,South,C00274,4,Positive,"Good value, would recommend to others.",Yes,20
10-12-2022,R003455,S004,P0094,Groceries,West,C02150,5,Positive,"Highly recommend, works perfectly.",Yes,22
10-12-2022,R004559,S001,P0154,Groceries,West,C00713,4,Positive,"Good product overall, minor issues but satisfied.",No,17
10-12-2022,R004837,S003,P0086,Furniture,South,C02423,2,Negative,"Not very satisfied, quality could improve.",Yes,20
10-12-2022,R005039,S005,P0105,Groceries,North,C01437,3,Neutral,"Average product, nothing special.",No,20
10-13-2022,R001265,S004,P0125,Toys,North,C02963,1,Negative,"Terrible experience, would not buy again.",Yes,19
10-13-2022,R001825,S002,P0010,Toys,East,C02025,5,Positive,"Highly recommend, works perfectly.",Yes,0
10-13-2022,R001895,S001,P0041,Groceries,South,C02180,4,Positive,Pretty happy with this purchase.,Yes,5
10-13-2022,R002287,S004,P0147,Groceries,East,C02229,5,Positive,"Absolutely love this product, will buy again.",Yes,33
10-13-2022,R002384,S001,P0036,Electronics,East,C02127,3,Neutral,"It's okay, met basic expectations.",Yes,2
10-13-2022,R002532,S005,P0143,Clothing,East,C00696,4,Positive,Pretty happy with this purchase.,Yes,1
10-13-2022,R002928,S005,P0159,Clothing,East,C02932,5,Positive,Best purchase I've made this year.,Yes,7
10-13-2022,R004934,S003,P0199,Electronics,North,C00839,3,Neutral,"Average product, nothing special.",Yes,6
10-14-2022,R001226,S002,P0002,Clothing,South,C00312,2,Negative,Poor packaging and average product.,Yes,12
10-14-2022,R001345,S005,P0136,Electronics,West,C02145,5,Positive,"Absolutely love this product, will buy again.",Yes,19
10-14-2022,R002957,S003,P0059,Furniture,North,C01006,1,Negative,"Product arrived damaged, very unhappy.",Yes,11
10-14-2022,R003451,S001,P0038,Clothing,East,C00422,4,Positive,"Solid product, does what it says.",No,2
10-14-2022,R004674,S004,P0039,Groceries,North,C00317,2,Negative,Disappointed with the product performance.,Yes,14
10-14-2022,R004948,S003,P0110,Toys,South,C01364,5,Positive,"Highly recommend, works perfectly.",Yes,6
10-14-2022,R005443,S005,P0051,Groceries,West,C02034,2,Negative,"Below expectations, had some issues.",No,7
10-15-2022,R001066,S004,P0148,Clothing,South,C00171,3,Neutral,Decent but could be better.,Yes,6
10-15-2022,R001231,S002,P0013,Toys,West,C02465,5,Positive,Fast delivery and great value for money.,Yes,23
10-15-2022,R002247,S005,P0004,Toys,East,C02778,2,Negative,"Not very satisfied, quality could improve.",Yes,6
10-15-2022,R003231,S004,P0172,Toys,North,C01282,4,Positive,"Good product overall, minor issues but satisfied.",Yes,16
10-15-2022,R003328,S005,P0125,Toys,West,C01189,5,Positive,"Highly recommend, works perfectly.",Yes,10
10-15-2022,R003773,S004,P0049,Electronics,West,C02257,4,Positive,"Good product overall, minor issues but satisfied.",Yes,11
10-15-2022,R003983,S001,P0086,Furniture,East,C00785,5,Positive,Fast delivery and great value for money.,Yes,35
10-15-2022,R004282,S005,P0058,Groceries,North,C00615,4,Positive,"Works well, decent quality for the price.",Yes,9
10-15-2022,R004478,S002,P0069,Toys,West,C02993,2,Negative,Poor packaging and average product.,Yes,2
10-15-2022,R005632,S003,P0091,Electronics,East,C00469,5,Positive,Best purchase I've made this year.,Yes,6
10-16-2022,R001211,S002,P0043,Groceries,East,C00276,2,Negative,"Not very satisfied, quality could improve.",Yes,9
10-16-2022,R001597,S003,P0128,Furniture,North,C02910,5,Positive,"Highly recommend, works perfectly.",Yes,36
10-16-2022,R003974,S002,P0173,Clothing,North,C02290,3,Neutral,Fair quality for the price paid.,Yes,3
10-16-2022,R004259,S001,P0102,Toys,East,C02389,5,Positive,"Absolutely love this product, will buy again.",Yes,1
10-16-2022,R005688,S003,P0043,Groceries,South,C01762,5,Positive,Fast delivery and great value for money.,Yes,41
10-17-2022,R000913,S005,P0139,Clothing,East,C02206,4,Positive,"Solid product, does what it says.",Yes,7
10-17-2022,R001092,S004,P0196,Electronics,West,C00281,3,Neutral,Decent but could be better.,Yes,12
10-17-2022,R001628,S003,P0018,Clothing,West,C01636,5,Positive,"Absolutely love this product, will buy again.",Yes,22
10-17-2022,R001710,S005,P0187,Toys,South,C00848,5,Positive,"Excellent quality, exceeded my expectations!",Yes,11
10-17-2022,R003392,S005,P0165,Furniture,West,C01638,5,Positive,"Excellent quality, exceeded my expectations!",Yes,19
10-17-2022,R003936,S005,P0057,Furniture,North,C02232,3,Neutral,"It's okay, met basic expectations.",Yes,13
10-17-2022,R005106,S005,P0098,Toys,South,C02031,3,Neutral,Fair quality for the price paid.,Yes,7
10-17-2022,R005197,S002,P0172,Toys,North,C02461,4,Positive,"Good value, would recommend to others.",Yes,4
10-17-2022,R005711,S004,P0052,Toys,East,C02950,3,Neutral,Decent but could be better.,No,5
10-17-2022,R005993,S003,P0056,Clothing,South,C02100,5,Positive,Best purchase I've made this year.,Yes,39
10-18-2022,R000848,S005,P0088,Toys,South,C00911,3,Neutral,"Average product, nothing special.",Yes,10
10-18-2022,R001221,S005,P0017,Toys,East,C02945,1,Negative,"Product arrived damaged, very unhappy.",Yes,28
10-18-2022,R001258,S003,P0195,Clothing,East,C01107,4,Positive,"Solid product, does what it says.",Yes,20
10-18-2022,R001417,S005,P0093,Electronics,East,C00284,5,Positive,"Absolutely love this product, will buy again.",Yes,18
10-18-2022,R001501,S001,P0045,Toys,East,C00672,3,Neutral,Decent but could be better.,No,8
10-18-2022,R002476,S001,P0081,Furniture,West,C01225,5,Positive,Fast delivery and great value for money.,Yes,48
10-18-2022,R002513,S003,P0044,Clothing,West,C00581,5,Positive,Best purchase I've made this year.,Yes,37
10-18-2022,R004013,S003,P0127,Furniture,South,C00894,5,Positive,Fast delivery and great value for money.,No,14
10-18-2022,R004982,S004,P0125,Toys,North,C00064,4,Positive,"Good product overall, minor issues but satisfied.",Yes,15
10-18-2022,R005868,S001,P0049,Electronics,East,C01941,3,Neutral,Fair quality for the price paid.,Yes,17
10-19-2022,R000662,S004,P0162,Toys,South,C01969,4,Positive,Pretty happy with this purchase.,No,20
10-19-2022,R001362,S003,P0016,Furniture,East,C01276,2,Negative,"Below expectations, had some issues.",Yes,16
10-19-2022,R001869,S004,P0055,Groceries,East,C02001,2,Negative,"Below expectations, had some issues.",Yes,8
10-19-2022,R002337,S005,P0053,Groceries,South,C02477,5,Positive,"Highly recommend, works perfectly.",Yes,13
10-19-2022,R003585,S003,P0010,Toys,West,C02802,4,Positive,"Works well, decent quality for the price.",Yes,8
10-19-2022,R004960,S004,P0186,Groceries,North,C00967,5,Positive,Fast delivery and great value for money.,Yes,44
10-19-2022,R005454,S002,P0103,Toys,North,C01265,4,Positive,"Solid product, does what it says.",Yes,13
10-20-2022,R001783,S003,P0023,Groceries,South,C01898,2,Negative,Poor packaging and average product.,Yes,12
10-20-2022,R002118,S002,P0105,Groceries,West,C02543,4,Positive,"Good value, would recommend to others.",No,11
10-20-2022,R002273,S002,P0070,Groceries,North,C01067,4,Positive,"Good value, would recommend to others.",Yes,12
10-20-2022,R002889,S002,P0149,Electronics,West,C02941,4,Positive,"Good product overall, minor issues but satisfied.",No,8
10-20-2022,R004082,S001,P0062,Groceries,West,C01474,4,Positive,"Solid product, does what it says.",Yes,12
10-20-2022,R005155,S005,P0157,Groceries,North,C01746,4,Positive,Pretty happy with this purchase.,Yes,9
10-21-2022,R000235,S002,P0093,Electronics,North,C00895,5,Positive,Best purchase I've made this year.,Yes,11
10-21-2022,R001412,S004,P0124,Furniture,South,C02176,5,Positive,"Absolutely love this product, will buy again.",Yes,11
10-21-2022,R002202,S004,P0137,Furniture,South,C01061,4,Positive,Pretty happy with this purchase.,No,5
10-21-2022,R002425,S003,P0028,Groceries,East,C00004,3,Neutral,Decent but could be better.,Yes,19
10-21-2022,R002538,S003,P0056,Clothing,South,C01711,4,Positive,Pretty happy with this purchase.,Yes,18
10-21-2022,R003598,S003,P0050,Toys,North,C00041,3,Neutral,Decent but could be better.,Yes,11
10-21-2022,R004432,S005,P0070,Groceries,West,C00677,3,Neutral,Fair quality for the price paid.,Yes,7
10-21-2022,R005160,S005,P0171,Furniture,East,C02907,4,Positive,"Solid product, does what it says.",Yes,6
10-21-2022,R005820,S001,P0192,Clothing,West,C01937,5,Positive,"Absolutely love this product, will buy again.",Yes,36
10-22-2022,R000630,S004,P0042,Electronics,North,C00859,5,Positive,"Absolutely love this product, will buy again.",Yes,8
10-22-2022,R000825,S005,P0123,Furniture,East,C02623,5,Positive,Fast delivery and great value for money.,Yes,1
10-22-2022,R002805,S002,P0187,Toys,West,C01877,4,Positive,Pretty happy with this purchase.,Yes,8
10-22-2022,R004506,S003,P0090,Groceries,West,C02647,5,Positive,Best purchase I've made this year.,Yes,4
10-23-2022,R000472,S001,P0067,Clothing,North,C02180,3,Neutral,"Average product, nothing special.",Yes,18
10-23-2022,R000556,S002,P0036,Electronics,North,C01230,5,Positive,Best purchase I've made this year.,Yes,41
10-23-2022,R001016,S001,P0066,Clothing,East,C00915,4,Positive,"Solid product, does what it says.",Yes,15
10-23-2022,R002663,S003,P0196,Electronics,West,C00314,3,Neutral,Decent but could be better.,Yes,18
10-23-2022,R002774,S002,P0012,Clothing,South,C02894,3,Neutral,"Average product, nothing special.",Yes,9
10-23-2022,R003479,S005,P0014,Toys,South,C01779,5,Positive,"Excellent quality, exceeded my expectations!",Yes,6
10-23-2022,R003662,S004,P0175,Clothing,East,C02104,4,Positive,"Solid product, does what it says.",No,5
10-23-2022,R004268,S003,P0071,Electronics,North,C02365,5,Positive,"Highly recommend, works perfectly.",Yes,34
10-23-2022,R004789,S001,P0119,Electronics,South,C02005,2,Negative,"Would not recommend, had problems.",No,10
10-24-2022,R000189,S003,P0091,Electronics,North,C01113,4,Positive,"Solid product, does what it says.",No,11
10-24-2022,R000276,S005,P0054,Toys,East,C02581,4,Positive,"Good product overall, minor issues but satisfied.",Yes,3
10-24-2022,R003163,S002,P0123,Furniture,South,C01413,5,Positive,"Excellent quality, exceeded my expectations!",Yes,45
10-24-2022,R003864,S003,P0172,Toys,West,C00081,5,Positive,"Absolutely love this product, will buy again.",Yes,33
10-24-2022,R003901,S003,P0096,Groceries,East,C00851,5,Positive,"Absolutely love this product, will buy again.",No,23
10-24-2022,R004628,S001,P0150,Electronics,South,C00160,4,Positive,"Good product overall, minor issues but satisfied.",Yes,18
10-24-2022,R004706,S004,P0138,Clothing,West,C01008,5,Positive,"Excellent quality, exceeded my expectations!",Yes,6
10-24-2022,R005790,S001,P0064,Electronics,West,C01350,1,Negative,"Waste of money, poor quality.",Yes,9
10-24-2022,R005941,S005,P0028,Groceries,West,C02610,4,Positive,"Works well, decent quality for the price.",Yes,3
10-25-2022,R000653,S003,P0156,Groceries,East,C02643,1,Negative,"Very disappointed, product did not work.",Yes,32
10-25-2022,R001396,S005,P0006,Groceries,North,C02784,1,Negative,"Terrible experience, would not buy again.",Yes,35
10-25-2022,R001638,S001,P0157,Groceries,North,C01845,4,Positive,"Works well, decent quality for the price.",Yes,13
10-25-2022,R001906,S001,P0070,Groceries,North,C02614,4,Positive,"Works well, decent quality for the price.",Yes,6
10-25-2022,R002411,S005,P0116,Furniture,East,C01383,5,Positive,Best purchase I've made this year.,Yes,49
10-25-2022,R002710,S001,P0106,Furniture,North,C02093,5,Positive,"Absolutely love this product, will buy again.",Yes,42
10-25-2022,R003456,S001,P0098,Toys,South,C02668,5,Positive,Best purchase I've made this year.,Yes,0
10-25-2022,R004163,S004,P0175,Clothing,East,C00847,1,Negative,"Product arrived damaged, very unhappy.",Yes,7
10-25-2022,R005543,S002,P0002,Clothing,West,C00994,4,Positive,"Good product overall, minor issues but satisfied.",Yes,18
10-25-2022,R005761,S003,P0021,Furniture,South,C00949,5,Positive,Fast delivery and great value for money.,Yes,1
10-26-2022,R001058,S002,P0117,Toys,South,C01728,3,Neutral,"Neutral experience, neither good nor bad.",Yes,3
10-26-2022,R003036,S005,P0135,Furniture,West,C02848,1,Negative,"Terrible experience, would not buy again.",Yes,41
10-26-2022,R003172,S002,P0192,Clothing,East,C00348,4,Positive,"Works well, decent quality for the price.",Yes,16
10-26-2022,R003331,S004,P0022,Toys,South,C02102,5,Positive,Fast delivery and great value for money.,Yes,47
10-26-2022,R004067,S004,P0181,Toys,North,C02064,4,Positive,Pretty happy with this purchase.,Yes,8
10-26-2022,R004131,S002,P0090,Groceries,North,C00116,3,Neutral,Decent but could be better.,Yes,4
10-26-2022,R005902,S001,P0156,Groceries,South,C00091,4,Positive,"Good product overall, minor issues but satisfied.",Yes,20
10-27-2022,R000076,S005,P0018,Clothing,East,C01277,4,Positive,"Works well, decent quality for the price.",Yes,6
10-27-2022,R001117,S003,P0169,Toys,North,C00746,2,Negative,"Not very satisfied, quality could improve.",Yes,18
10-27-2022,R001699,S004,P0196,Electronics,South,C00234,4,Positive,"Solid product, does what it says.",Yes,16
10-27-2022,R002782,S003,P0189,Groceries,North,C02267,4,Positive,"Good product overall, minor issues but satisfied.",Yes,0
10-27-2022,R003145,S001,P0050,Toys,North,C01148,4,Positive,"Solid product, does what it says.",Yes,7
10-27-2022,R003724,S005,P0183,Toys,South,C02037,3,Neutral,Decent but could be better.,Yes,11
10-27-2022,R004348,S005,P0115,Toys,East,C00998,4,Positive,Pretty happy with this purchase.,Yes,2
10-27-2022,R004740,S003,P0018,Clothing,East,C01190,3,Neutral,"Average product, nothing special.",Yes,10
10-27-2022,R005605,S004,P0126,Clothing,East,C01556,5,Positive,"Absolutely love this product, will buy again.",Yes,12
10-27-2022,R005662,S003,P0081,Furniture,East,C01815,3,Neutral,"Neutral experience, neither good nor bad.",Yes,18
10-28-2022,R000093,S003,P0072,Groceries,South,C00816,4,Positive,Pretty happy with this purchase.,Yes,5
10-28-2022,R000696,S004,P0182,Toys,West,C01314,3,Neutral,"Neutral experience, neither good nor bad.",Yes,6
10-28-2022,R000707,S001,P0052,Toys,East,C02354,5,Positive,"Highly recommend, works perfectly.",No,7
10-28-2022,R001828,S005,P0114,Groceries,North,C01608,4,Positive,"Works well, decent quality for the price.",Yes,2
10-28-2022,R002580,S002,P0189,Groceries,West,C00047,5,Positive,Fast delivery and great value for money.,Yes,2
10-28-2022,R003138,S003,P0117,Toys,North,C01963,5,Positive,Fast delivery and great value for money.,Yes,32
10-28-2022,R003171,S003,P0070,Groceries,South,C01778,3,Neutral,"Neutral experience, neither good nor bad.",Yes,0
10-28-2022,R003549,S002,P0150,Electronics,South,C01082,1,Negative,"Product arrived damaged, very unhappy.",Yes,3
10-28-2022,R004316,S002,P0108,Furniture,North,C02118,4,Positive,"Solid product, does what it says.",No,20
10-28-2022,R004685,S001,P0125,Toys,West,C02587,5,Positive,Fast delivery and great value for money.,Yes,27
10-28-2022,R005316,S001,P0057,Furniture,East,C02352,3,Neutral,Decent but could be better.,Yes,6
10-28-2022,R005321,S003,P0126,Clothing,East,C02505,5,Positive,Best purchase I've made this year.,Yes,29
10-28-2022,R005705,S004,P0003,Furniture,South,C00627,4,Positive,Pretty happy with this purchase.,Yes,9
10-29-2022,R002520,S003,P0026,Groceries,West,C02497,5,Positive,"Highly recommend, works perfectly.",Yes,28
10-29-2022,R002546,S005,P0103,Toys,East,C01383,1,Negative,"Worst purchase, do not recommend.",Yes,37
10-29-2022,R003140,S004,P0149,Electronics,North,C02721,4,Positive,"Good product overall, minor issues but satisfied.",Yes,4
10-29-2022,R003880,S005,P0197,Electronics,East,C02820,4,Positive,"Good value, would recommend to others.",Yes,14
10-29-2022,R004425,S004,P0020,Groceries,South,C00591,5,Positive,"Highly recommend, works perfectly.",Yes,32
10-29-2022,R005598,S005,P0155,Electronics,South,C01968,5,Positive,"Highly recommend, works perfectly.",Yes,33
10-29-2022,R005641,S003,P0150,Electronics,South,C00731,5,Positive,Fast delivery and great value for money.,No,14
10-30-2022,R001354,S004,P0095,Furniture,North,C00290,4,Positive,"Works well, decent quality for the price.",Yes,8
10-30-2022,R001745,S001,P0193,Groceries,West,C02484,2,Negative,"Below expectations, had some issues.",Yes,7
10-30-2022,R001750,S004,P0062,Groceries,West,C02434,2,Negative,"Not very satisfied, quality could improve.",Yes,17
10-30-2022,R003894,S001,P0182,Toys,South,C01524,4,Positive,"Good value, would recommend to others.",Yes,3
10-30-2022,R003908,S004,P0051,Groceries,North,C01188,5,Positive,"Excellent quality, exceeded my expectations!",Yes,23
10-31-2022,R000162,S004,P0006,Groceries,East,C00023,5,Positive,Best purchase I've made this year.,Yes,27
10-31-2022,R000318,S003,P0048,Clothing,East,C02527,5,Positive,Fast delivery and great value for money.,Yes,11
10-31-2022,R001259,S001,P0176,Furniture,East,C01491,4,Positive,Pretty happy with this purchase.,Yes,13
10-31-2022,R001316,S005,P0173,Clothing,North,C00523,4,Positive,"Good product overall, minor issues but satisfied.",Yes,15
10-31-2022,R002006,S002,P0117,Toys,North,C00036,4,Positive,"Solid product, does what it says.",Yes,8
10-31-2022,R004532,S005,P0055,Groceries,West,C01779,4,Positive,"Good value, would recommend to others.",Yes,19
10-31-2022,R004588,S005,P0152,Clothing,North,C02649,4,Positive,"Solid product, does what it says.",Yes,0
10-31-2022,R005954,S003,P0192,Clothing,East,C01376,2,Negative,Disappointed with the product performance.,No,13
11-01-2022,R000160,S004,P0071,Electronics,East,C01151,5,Positive,"Excellent quality, exceeded my expectations!",Yes,24
11-01-2022,R002161,S005,P0187,Toys,South,C01460,4,Positive,"Solid product, does what it says.",Yes,1
11-01-2022,R002706,S002,P0116,Furniture,South,C00207,2,Negative,"Below expectations, had some issues.",No,11
11-01-2022,R003236,S002,P0024,Toys,East,C01498,4,Positive,"Solid product, does what it says.",Yes,5
11-01-2022,R004453,S003,P0126,Clothing,East,C02301,5,Positive,"Absolutely love this product, will buy again.",Yes,41
11-01-2022,R005625,S002,P0128,Furniture,South,C01738,5,Positive,"Highly recommend, works perfectly.",Yes,4
11-02-2022,R001152,S001,P0004,Toys,South,C01155,4,Positive,"Good product overall, minor issues but satisfied.",Yes,2
11-02-2022,R002172,S003,P0170,Furniture,North,C02604,2,Negative,"Would not recommend, had problems.",Yes,14
11-02-2022,R003889,S004,P0033,Toys,West,C02901,3,Neutral,"Neutral experience, neither good nor bad.",Yes,18
11-02-2022,R005553,S005,P0174,Toys,South,C02567,4,Positive,"Works well, decent quality for the price.",Yes,6
11-03-2022,R001621,S002,P0173,Clothing,South,C02530,5,Positive,"Highly recommend, works perfectly.",No,3
11-03-2022,R001773,S002,P0040,Toys,East,C02419,1,Negative,"Waste of money, poor quality.",Yes,43
11-03-2022,R002453,S002,P0160,Groceries,West,C02525,5,Positive,Best purchase I've made this year.,Yes,50
11-03-2022,R002956,S003,P0196,Electronics,South,C01161,3,Neutral,"It's okay, met basic expectations.",Yes,5
11-03-2022,R003063,S003,P0043,Groceries,North,C01205,4,Positive,"Good product overall, minor issues but satisfied.",Yes,20
11-03-2022,R004409,S005,P0117,Toys,East,C00789,3,Neutral,Fair quality for the price paid.,Yes,20
11-03-2022,R005247,S002,P0007,Toys,North,C00052,4,Positive,"Good product overall, minor issues but satisfied.",Yes,14
11-04-2022,R000754,S004,P0183,Toys,East,C02691,5,Positive,Best purchase I've made this year.,Yes,18
11-04-2022,R000759,S004,P0114,Groceries,North,C01557,5,Positive,"Absolutely love this product, will buy again.",No,20
11-04-2022,R001225,S005,P0174,Toys,East,C02399,4,Positive,"Good value, would recommend to others.",Yes,3
11-04-2022,R001601,S004,P0131,Clothing,West,C01490,5,Positive,"Excellent quality, exceeded my expectations!",Yes,7
11-04-2022,R001755,S004,P0190,Toys,West,C00224,1,Negative,"Very disappointed, product did not work.",Yes,15
11-04-2022,R002249,S002,P0114,Groceries,West,C02748,3,Neutral,"Neutral experience, neither good nor bad.",Yes,4
11-04-2022,R003440,S004,P0054,Toys,West,C01852,2,Negative,Poor packaging and average product.,Yes,9
11-04-2022,R003575,S001,P0178,Toys,West,C01557,4,Positive,"Works well, decent quality for the price.",Yes,19
11-04-2022,R003628,S004,P0112,Electronics,South,C00738,2,Negative,"Not very satisfied, quality could improve.",Yes,6
11-05-2022,R000862,S005,P0007,Toys,East,C00837,4,Positive,"Good product overall, minor issues but satisfied.",No,18
11-05-2022,R001735,S002,P0126,Clothing,East,C00194,4,Positive,"Good product overall, minor issues but satisfied.",Yes,10
11-05-2022,R002309,S002,P0090,Groceries,West,C01583,4,Positive,Pretty happy with this purchase.,Yes,6
11-05-2022,R003934,S005,P0134,Electronics,North,C01173,4,Positive,"Good product overall, minor issues but satisfied.",Yes,15
11-05-2022,R004151,S003,P0139,Clothing,West,C02060,4,Positive,"Works well, decent quality for the price.",Yes,3
11-05-2022,R004497,S005,P0109,Electronics,South,C02609,2,Negative,"Below expectations, had some issues.",Yes,18
11-06-2022,R000054,S002,P0107,Electronics,South,C01358,4,Positive,"Good product overall, minor issues but satisfied.",Yes,10
11-06-2022,R000354,S002,P0151,Toys,West,C01033,5,Positive,Fast delivery and great value for money.,Yes,35
11-06-2022,R000782,S001,P0069,Toys,East,C01784,4,Positive,"Good product overall, minor issues but satisfied.",Yes,14
11-06-2022,R004445,S002,P0051,Groceries,West,C00383,5,Positive,Best purchase I've made this year.,Yes,39
11-06-2022,R005012,S003,P0074,Electronics,North,C00414,3,Neutral,"It's okay, met basic expectations.",No,15
11-06-2022,R005242,S005,P0185,Clothing,East,C00115,5,Positive,"Absolutely love this product, will buy again.",Yes,18
11-06-2022,R005486,S004,P0028,Groceries,South,C02292,3,Neutral,Decent but could be better.,Yes,14
11-07-2022,R000177,S004,P0015,Furniture,West,C00576,3,Neutral,Decent but could be better.,Yes,11
11-07-2022,R000428,S005,P0150,Electronics,West,C01111,5,Positive,Best purchase I've made this year.,Yes,48
11-07-2022,R000905,S004,P0035,Clothing,South,C01515,4,Positive,"Good value, would recommend to others.",Yes,2
11-07-2022,R001826,S005,P0058,Groceries,South,C01342,4,Positive,"Good product overall, minor issues but satisfied.",Yes,6
11-07-2022,R002099,S002,P0039,Groceries,East,C02502,5,Positive,"Highly recommend, works perfectly.",Yes,30
11-07-2022,R003142,S004,P0048,Clothing,South,C00832,4,Positive,"Good value, would recommend to others.",No,14
11-07-2022,R003276,S002,P0169,Toys,North,C01899,5,Positive,Best purchase I've made this year.,Yes,28
11-07-2022,R004609,S003,P0032,Clothing,South,C00760,4,Positive,Pretty happy with this purchase.,Yes,13
11-07-2022,R005123,S005,P0041,Groceries,North,C00421,5,Positive,"Absolutely love this product, will buy again.",No,19
11-08-2022,R000313,S002,P0029,Groceries,South,C00661,4,Positive,"Good product overall, minor issues but satisfied.",Yes,14
11-08-2022,R000800,S001,P0156,Groceries,North,C02738,3,Neutral,Decent but could be better.,No,15
11-08-2022,R000804,S005,P0012,Clothing,South,C00606,1,Negative,"Very disappointed, product did not work.",Yes,44
11-08-2022,R002005,S004,P0196,Electronics,North,C01113,4,Positive,Pretty happy with this purchase.,Yes,1
11-08-2022,R002300,S005,P0082,Clothing,South,C00716,1,Negative,"Waste of money, poor quality.",Yes,44
11-08-2022,R002658,S005,P0002,Clothing,South,C01692,5,Positive,Fast delivery and great value for money.,Yes,28
11-08-2022,R003829,S001,P0061,Furniture,East,C02282,5,Positive,Fast delivery and great value for money.,Yes,37
11-08-2022,R005182,S003,P0049,Electronics,South,C00082,5,Positive,"Absolutely love this product, will buy again.",Yes,6
11-08-2022,R005906,S004,P0034,Groceries,South,C01500,5,Positive,"Absolutely love this product, will buy again.",Yes,46
11-08-2022,R005908,S004,P0119,Electronics,South,C01059,4,Positive,"Good product overall, minor issues but satisfied.",No,2
11-09-2022,R000414,S002,P0034,Groceries,West,C01902,5,Positive,Fast delivery and great value for money.,Yes,45
11-09-2022,R000473,S003,P0155,Electronics,South,C00287,5,Positive,"Absolutely love this product, will buy again.",No,6
11-09-2022,R002424,S004,P0013,Toys,South,C01407,5,Positive,"Highly recommend, works perfectly.",Yes,3
11-09-2022,R002861,S004,P0027,Toys,East,C00861,2,Negative,Disappointed with the product performance.,Yes,13
11-09-2022,R003271,S005,P0151,Toys,West,C00968,5,Positive,"Absolutely love this product, will buy again.",Yes,1
11-09-2022,R004411,S005,P0064,Electronics,East,C00432,2,Negative,"Not very satisfied, quality could improve.",No,17
11-09-2022,R004995,S003,P0152,Clothing,North,C02161,2,Negative,Disappointed with the product performance.,Yes,0
11-10-2022,R000494,S001,P0012,Clothing,East,C00121,3,Neutral,"Neutral experience, neither good nor bad.",Yes,14
11-10-2022,R000744,S005,P0059,Furniture,East,C00428,4,Positive,Pretty happy with this purchase.,Yes,2
11-10-2022,R000815,S003,P0026,Groceries,South,C02214,2,Negative,"Would not recommend, had problems.",Yes,3
11-10-2022,R001089,S002,P0114,Groceries,East,C00462,2,Negative,"Not very satisfied, quality could improve.",Yes,0
11-10-2022,R001338,S005,P0139,Clothing,West,C00547,4,Positive,Pretty happy with this purchase.,Yes,13
11-10-2022,R002589,S001,P0175,Clothing,South,C01142,4,Positive,"Good product overall, minor issues but satisfied.",Yes,0
11-10-2022,R003337,S003,P0074,Electronics,East,C01056,5,Positive,Fast delivery and great value for money.,Yes,40
11-10-2022,R003689,S001,P0008,Electronics,West,C01666,3,Neutral,"Neutral experience, neither good nor bad.",Yes,4
11-10-2022,R005971,S005,P0160,Groceries,South,C00999,1,Negative,"Product arrived damaged, very unhappy.",No,2
11-11-2022,R000811,S002,P0001,Electronics,West,C00400,2,Negative,Disappointed with the product performance.,No,5
11-11-2022,R001032,S005,P0059,Furniture,East,C01489,5,Positive,Best purchase I've made this year.,Yes,4
11-11-2022,R001346,S005,P0047,Groceries,East,C00948,4,Positive,"Works well, decent quality for the price.",Yes,11
11-11-2022,R001515,S003,P0163,Furniture,South,C00041,5,Positive,"Highly recommend, works perfectly.",Yes,4
11-11-2022,R001728,S002,P0171,Furniture,West,C01102,3,Neutral,Decent but could be better.,Yes,20
11-11-2022,R001781,S003,P0163,Furniture,West,C01270,3,Neutral,Decent but could be better.,Yes,2
11-11-2022,R001791,S003,P0169,Toys,East,C01516,4,Positive,"Good value, would recommend to others.",Yes,10
11-11-2022,R002177,S004,P0189,Groceries,East,C00414,2,Negative,Disappointed with the product performance.,Yes,11
11-11-2022,R003778,S001,P0095,Furniture,South,C02187,5,Positive,"Absolutely love this product, will buy again.",Yes,40
11-11-2022,R004355,S005,P0134,Electronics,East,C02438,5,Positive,Best purchase I've made this year.,Yes,26
11-11-2022,R004848,S005,P0181,Toys,South,C00313,3,Neutral,Decent but could be better.,Yes,4
11-11-2022,R005473,S002,P0045,Toys,East,C01438,3,Neutral,Fair quality for the price paid.,Yes,1
11-12-2022,R000732,S001,P0170,Furniture,North,C01565,4,Positive,"Works well, decent quality for the price.",Yes,14
11-12-2022,R000829,S005,P0030,Furniture,North,C02709,3,Neutral,"Neutral experience, neither good nor bad.",Yes,13
11-12-2022,R001753,S001,P0089,Groceries,East,C02818,2,Negative,Poor packaging and average product.,Yes,17
11-12-2022,R002525,S003,P0008,Electronics,North,C01494,3,Neutral,Fair quality for the price paid.,Yes,18
11-12-2022,R003300,S004,P0074,Electronics,South,C02642,5,Positive,Fast delivery and great value for money.,Yes,27
11-12-2022,R004513,S001,P0101,Furniture,East,C01579,4,Positive,"Good value, would recommend to others.",Yes,0
11-12-2022,R005111,S002,P0110,Toys,North,C01221,4,Positive,"Good value, would recommend to others.",No,16
11-13-2022,R000195,S005,P0182,Toys,South,C01728,2,Negative,"Below expectations, had some issues.",Yes,0
11-13-2022,R000211,S005,P0015,Furniture,North,C01044,4,Positive,"Works well, decent quality for the price.",Yes,0
11-13-2022,R000513,S003,P0038,Clothing,North,C00787,4,Positive,Pretty happy with this purchase.,Yes,2
11-13-2022,R001018,S001,P0151,Toys,West,C01381,5,Positive,Fast delivery and great value for money.,Yes,16
11-13-2022,R001257,S002,P0091,Electronics,East,C02122,3,Neutral,"Neutral experience, neither good nor bad.",Yes,11
11-13-2022,R002386,S003,P0074,Electronics,East,C00481,5,Positive,"Absolutely love this product, will buy again.",Yes,45
11-13-2022,R003717,S003,P0017,Toys,North,C01406,2,Negative,Poor packaging and average product.,Yes,16
11-14-2022,R000550,S004,P0070,Groceries,East,C00131,1,Negative,"Terrible experience, would not buy again.",Yes,21
11-14-2022,R001459,S002,P0115,Toys,West,C00968,2,Negative,"Not very satisfied, quality could improve.",Yes,12
11-14-2022,R001622,S001,P0029,Groceries,North,C01294,5,Positive,Fast delivery and great value for money.,Yes,28
11-14-2022,R001824,S001,P0135,Furniture,East,C00498,5,Positive,"Highly recommend, works perfectly.",Yes,34
11-14-2022,R004958,S005,P0059,Furniture,West,C02516,3,Neutral,Fair quality for the price paid.,Yes,4
11-15-2022,R001584,S002,P0026,Groceries,North,C02865,5,Positive,"Absolutely love this product, will buy again.",No,21
11-15-2022,R001913,S004,P0016,Furniture,North,C00761,4,Positive,"Good value, would recommend to others.",Yes,12
11-15-2022,R001959,S002,P0038,Clothing,East,C00259,2,Negative,"Would not recommend, had problems.",Yes,17
11-15-2022,R001974,S003,P0080,Groceries,West,C02618,5,Positive,"Highly recommend, works perfectly.",Yes,28
11-15-2022,R002044,S002,P0169,Toys,South,C00902,4,Positive,"Solid product, does what it says.",Yes,18
11-15-2022,R002372,S004,P0128,Furniture,South,C02345,5,Positive,Best purchase I've made this year.,No,4
11-15-2022,R002414,S001,P0059,Furniture,East,C02995,2,Negative,"Not very satisfied, quality could improve.",Yes,6
11-15-2022,R003472,S004,P0131,Clothing,North,C01170,5,Positive,"Highly recommend, works perfectly.",Yes,12
11-15-2022,R004024,S002,P0165,Furniture,South,C02479,5,Positive,"Highly recommend, works perfectly.",Yes,1
11-15-2022,R004228,S001,P0054,Toys,East,C00394,4,Positive,"Good value, would recommend to others.",Yes,5
11-16-2022,R001168,S002,P0011,Groceries,North,C01073,4,Positive,Pretty happy with this purchase.,Yes,17
11-16-2022,R001652,S001,P0042,Electronics,East,C00541,1,Negative,"Worst purchase, do not recommend.",Yes,35
11-16-2022,R001772,S005,P0115,Toys,North,C01943,4,Positive,"Good product overall, minor issues but satisfied.",Yes,9
11-16-2022,R002026,S003,P0052,Toys,East,C01378,4,Positive,"Works well, decent quality for the price.",No,18
11-16-2022,R002040,S002,P0199,Electronics,South,C00762,3,Neutral,Fair quality for the price paid.,Yes,20
11-16-2022,R003136,S003,P0184,Groceries,North,C00369,4,Positive,"Good product overall, minor issues but satisfied.",Yes,15
11-16-2022,R003261,S003,P0053,Groceries,North,C02918,3,Neutral,"It's okay, met basic expectations.",Yes,3
11-16-2022,R003265,S003,P0100,Electronics,West,C01228,4,Positive,"Good value, would recommend to others.",No,19
11-16-2022,R004156,S002,P0034,Groceries,North,C00309,4,Positive,"Good product overall, minor issues but satisfied.",Yes,11
11-16-2022,R005263,S001,P0038,Clothing,West,C02605,5,Positive,"Absolutely love this product, will buy again.",Yes,15
11-16-2022,R005284,S003,P0045,Toys,East,C00175,5,Positive,Fast delivery and great value for money.,Yes,35
11-16-2022,R005775,S003,P0049,Electronics,North,C00826,5,Positive,"Absolutely love this product, will buy again.",No,12
11-17-2022,R000767,S001,P0145,Toys,West,C01251,4,Positive,"Good value, would recommend to others.",Yes,3
11-17-2022,R001446,S002,P0095,Furniture,South,C01246,4,Positive,"Works well, decent quality for the price.",No,12
11-17-2022,R002468,S004,P0172,Toys,East,C00351,4,Positive,"Solid product, does what it says.",No,18
11-17-2022,R005350,S003,P0147,Groceries,East,C01774,3,Neutral,"Neutral experience, neither good nor bad.",Yes,2
11-18-2022,R000520,S004,P0161,Groceries,South,C00500,4,Positive,"Solid product, does what it says.",No,5
11-18-2022,R000702,S002,P0165,Furniture,East,C01151,3,Neutral,Decent but could be better.,Yes,7
11-18-2022,R001065,S004,P0036,Electronics,North,C02021,4,Positive,"Solid product, does what it says.",Yes,3
11-18-2022,R001841,S002,P0019,Toys,West,C01647,2,Negative,Poor packaging and average product.,No,7
11-18-2022,R002600,S004,P0123,Furniture,East,C02089,5,Positive,"Excellent quality, exceeded my expectations!",Yes,6
11-18-2022,R003530,S002,P0043,Groceries,East,C02793,4,Positive,"Solid product, does what it says.",Yes,8
11-18-2022,R004714,S002,P0097,Furniture,West,C02573,2,Negative,"Would not recommend, had problems.",Yes,15
11-18-2022,R004769,S001,P0055,Groceries,North,C00557,1,Negative,"Product arrived damaged, very unhappy.",Yes,42
11-18-2022,R005065,S001,P0044,Clothing,East,C01184,2,Negative,"Would not recommend, had problems.",Yes,14
11-19-2022,R000285,S001,P0117,Toys,South,C02030,4,Positive,Pretty happy with this purchase.,No,2
11-19-2022,R000586,S005,P0014,Toys,West,C02609,3,Neutral,"Average product, nothing special.",No,4
11-19-2022,R001627,S001,P0039,Groceries,East,C00866,5,Positive,"Excellent quality, exceeded my expectations!",Yes,12
11-19-2022,R002059,S002,P0111,Furniture,West,C02645,5,Positive,Best purchase I've made this year.,Yes,25
11-19-2022,R002184,S005,P0092,Electronics,South,C00105,5,Positive,"Highly recommend, works perfectly.",Yes,29
11-19-2022,R003352,S004,P0042,Electronics,South,C00503,1,Negative,"Terrible experience, would not buy again.",Yes,1
11-19-2022,R003733,S004,P0044,Clothing,North,C01647,3,Neutral,"Neutral experience, neither good nor bad.",Yes,15
11-19-2022,R004261,S004,P0019,Toys,North,C01028,2,Negative,"Not very satisfied, quality could improve.",Yes,3
11-19-2022,R004689,S005,P0165,Furniture,East,C01867,4,Positive,"Good product overall, minor issues but satisfied.",Yes,3
11-20-2022,R001116,S005,P0148,Clothing,West,C02096,4,Positive,"Good value, would recommend to others.",No,8
11-20-2022,R002120,S005,P0155,Electronics,North,C00106,3,Neutral,Fair quality for the price paid.,Yes,6
11-20-2022,R003827,S002,P0160,Groceries,North,C01024,3,Neutral,"Average product, nothing special.",Yes,10
11-20-2022,R004955,S005,P0151,Toys,West,C00104,3,Neutral,Fair quality for the price paid.,Yes,19
11-21-2022,R000771,S005,P0129,Groceries,South,C01014,3,Neutral,Decent but could be better.,Yes,16
11-21-2022,R001132,S002,P0198,Groceries,South,C02140,1,Negative,"Product arrived damaged, very unhappy.",No,20
11-21-2022,R001135,S003,P0046,Groceries,North,C00924,4,Positive,"Good value, would recommend to others.",Yes,0
11-21-2022,R002522,S001,P0171,Furniture,North,C00754,5,Positive,"Excellent quality, exceeded my expectations!",Yes,44
11-21-2022,R002646,S005,P0047,Groceries,South,C02754,4,Positive,"Good value, would recommend to others.",Yes,3
11-21-2022,R003475,S004,P0024,Toys,West,C02082,3,Neutral,Fair quality for the price paid.,Yes,0
11-21-2022,R003564,S004,P0021,Furniture,North,C00999,2,Negative,"Not very satisfied, quality could improve.",Yes,11
11-21-2022,R004340,S002,P0019,Toys,North,C02046,5,Positive,"Excellent quality, exceeded my expectations!",No,50
11-21-2022,R004642,S002,P0199,Electronics,North,C00118,2,Negative,"Below expectations, had some issues.",Yes,19
11-21-2022,R004874,S002,P0141,Clothing,North,C02193,3,Neutral,"Neutral experience, neither good nor bad.",Yes,16
11-21-2022,R005020,S004,P0090,Groceries,West,C00828,5,Positive,Best purchase I've made this year.,Yes,27
11-22-2022,R001388,S004,P0140,Toys,East,C01364,1,Negative,"Terrible experience, would not buy again.",Yes,24
11-22-2022,R002123,S005,P0039,Groceries,West,C00339,5,Positive,Fast delivery and great value for money.,Yes,13
11-22-2022,R002913,S001,P0097,Furniture,South,C02712,5,Positive,"Excellent quality, exceeded my expectations!",No,9
11-22-2022,R003652,S001,P0154,Groceries,South,C02709,5,Positive,Best purchase I've made this year.,Yes,3
11-22-2022,R003965,S003,P0038,Clothing,South,C01100,1,Negative,"Very disappointed, product did not work.",Yes,22
11-22-2022,R004139,S005,P0173,Clothing,South,C00201,1,Negative,"Worst purchase, do not recommend.",Yes,18
11-22-2022,R004175,S002,P0145,Toys,West,C02883,5,Positive,"Excellent quality, exceeded my expectations!",Yes,33
11-22-2022,R004491,S005,P0041,Groceries,South,C00018,4,Positive,"Solid product, does what it says.",Yes,7
11-22-2022,R005564,S005,P0181,Toys,East,C02627,5,Positive,Best purchase I've made this year.,Yes,35
11-22-2022,R005876,S003,P0162,Toys,West,C02127,4,Positive,"Good product overall, minor issues but satisfied.",No,0
11-23-2022,R000423,S005,P0185,Clothing,East,C01329,5,Positive,Fast delivery and great value for money.,Yes,13
11-23-2022,R000496,S004,P0033,Toys,West,C02081,4,Positive,Pretty happy with this purchase.,Yes,11
11-23-2022,R001953,S001,P0198,Groceries,West,C02943,4,Positive,"Good product overall, minor issues but satisfied.",Yes,11
11-23-2022,R002224,S004,P0188,Electronics,East,C01195,2,Negative,"Below expectations, had some issues.",Yes,1
11-23-2022,R003312,S003,P0148,Clothing,North,C02944,5,Positive,"Highly recommend, works perfectly.",Yes,38
11-23-2022,R004177,S003,P0131,Clothing,North,C02380,4,Positive,"Good product overall, minor issues but satisfied.",Yes,19
11-23-2022,R005083,S005,P0001,Electronics,North,C01495,5,Positive,Best purchase I've made this year.,Yes,34
11-23-2022,R005653,S001,P0073,Furniture,West,C01977,5,Positive,Fast delivery and great value for money.,Yes,24
11-24-2022,R003208,S002,P0138,Clothing,West,C02778,5,Positive,"Highly recommend, works perfectly.",Yes,7
11-24-2022,R004651,S004,P0077,Groceries,North,C02464,5,Positive,"Highly recommend, works perfectly.",No,14
11-25-2022,R000176,S004,P0125,Toys,North,C02701,4,Positive,"Good product overall, minor issues but satisfied.",No,4
11-25-2022,R000250,S004,P0144,Clothing,West,C02786,5,Positive,"Absolutely love this product, will buy again.",No,15
11-25-2022,R000988,S004,P0127,Furniture,West,C01511,5,Positive,"Absolutely love this product, will buy again.",Yes,21
11-25-2022,R001175,S004,P0093,Electronics,North,C01715,1,Negative,"Very disappointed, product did not work.",Yes,0
11-25-2022,R001546,S005,P0007,Toys,South,C00206,3,Neutral,"Neutral experience, neither good nor bad.",Yes,16
11-25-2022,R001861,S002,P0060,Electronics,North,C01347,5,Positive,"Absolutely love this product, will buy again.",Yes,0
11-25-2022,R003373,S002,P0008,Electronics,West,C01858,1,Negative,"Product arrived damaged, very unhappy.",Yes,8
11-25-2022,R003467,S001,P0140,Toys,East,C00518,1,Negative,"Terrible experience, would not buy again.",Yes,21
11-25-2022,R003830,S004,P0033,Toys,East,C02768,5,Positive,"Excellent quality, exceeded my expectations!",Yes,27
11-25-2022,R005611,S005,P0042,Electronics,South,C01951,1,Negative,"Product arrived damaged, very unhappy.",Yes,24
11-26-2022,R001276,S002,P0082,Clothing,East,C01424,5,Positive,Fast delivery and great value for money.,Yes,48
11-26-2022,R001923,S002,P0076,Electronics,South,C01815,5,Positive,Fast delivery and great value for money.,Yes,36
11-26-2022,R002190,S003,P0025,Clothing,East,C02811,5,Positive,"Highly recommend, works perfectly.",Yes,17
11-26-2022,R002598,S005,P0180,Groceries,South,C00868,3,Neutral,"It's okay, met basic expectations.",Yes,12
11-26-2022,R003127,S005,P0088,Toys,South,C00285,3,Neutral,"Average product, nothing special.",Yes,20
11-26-2022,R003129,S001,P0177,Clothing,South,C01583,4,Positive,"Solid product, does what it says.",Yes,1
11-26-2022,R004718,S004,P0108,Furniture,West,C01198,5,Positive,"Absolutely love this product, will buy again.",Yes,26
11-26-2022,R005875,S002,P0141,Clothing,North,C01168,4,Positive,"Good value, would recommend to others.",Yes,12
11-27-2022,R001203,S003,P0133,Groceries,East,C02744,3,Neutral,Fair quality for the price paid.,Yes,15
11-27-2022,R001368,S005,P0198,Groceries,North,C02472,5,Positive,"Highly recommend, works perfectly.",Yes,16
11-27-2022,R002087,S005,P0093,Electronics,West,C00388,1,Negative,"Waste of money, poor quality.",Yes,50
11-27-2022,R003240,S003,P0197,Electronics,West,C01308,3,Neutral,"Neutral experience, neither good nor bad.",Yes,20
11-27-2022,R004717,S004,P0049,Electronics,East,C02975,2,Negative,Poor packaging and average product.,Yes,3
11-27-2022,R005088,S004,P0197,Electronics,West,C02649,4,Positive,"Good product overall, minor issues but satisfied.",Yes,17
11-28-2022,R001107,S005,P0043,Groceries,North,C02081,4,Positive,"Solid product, does what it says.",Yes,8
11-28-2022,R001982,S002,P0050,Toys,North,C01425,4,Positive,"Works well, decent quality for the price.",No,19
11-28-2022,R002858,S003,P0112,Electronics,West,C01878,5,Positive,Best purchase I've made this year.,Yes,13
11-28-2022,R002895,S001,P0175,Clothing,West,C01748,4,Positive,"Good product overall, minor issues but satisfied.",Yes,5
11-28-2022,R004645,S001,P0191,Toys,South,C01632,1,Negative,"Waste of money, poor quality.",Yes,31
11-28-2022,R005139,S003,P0163,Furniture,North,C01881,5,Positive,Best purchase I've made this year.,No,35
11-28-2022,R005164,S001,P0110,Toys,West,C00610,5,Positive,Best purchase I've made this year.,No,24
11-28-2022,R005232,S001,P0137,Furniture,West,C00209,4,Positive,"Good product overall, minor issues but satisfied.",Yes,2
11-29-2022,R000582,S005,P0061,Furniture,East,C01892,5,Positive,"Absolutely love this product, will buy again.",Yes,20
11-29-2022,R000835,S001,P0189,Groceries,North,C01522,4,Positive,Pretty happy with this purchase.,Yes,7
11-29-2022,R001964,S001,P0169,Toys,East,C00931,4,Positive,"Good value, would recommend to others.",Yes,20
11-29-2022,R002511,S004,P0196,Electronics,North,C01217,4,Positive,"Good value, would recommend to others.",Yes,5
11-29-2022,R002653,S004,P0125,Toys,East,C02082,5,Positive,"Excellent quality, exceeded my expectations!",Yes,23
11-29-2022,R002788,S001,P0132,Furniture,North,C00736,2,Negative,"Below expectations, had some issues.",No,18
11-29-2022,R003425,S003,P0107,Electronics,East,C01392,5,Positive,"Excellent quality, exceeded my expectations!",Yes,16
11-29-2022,R004361,S001,P0054,Toys,East,C00927,5,Positive,Fast delivery and great value for money.,Yes,20
11-29-2022,R004474,S005,P0111,Furniture,North,C01285,3,Neutral,Decent but could be better.,No,10
11-29-2022,R005338,S004,P0002,Clothing,East,C00383,5,Positive,"Excellent quality, exceeded my expectations!",No,44
11-29-2022,R005746,S001,P0023,Groceries,North,C01860,4,Positive,"Works well, decent quality for the price.",Yes,6
11-30-2022,R000013,S003,P0140,Toys,North,C01450,2,Negative,"Not very satisfied, quality could improve.",No,18
11-30-2022,R001484,S001,P0014,Toys,West,C02261,4,Positive,Pretty happy with this purchase.,No,12
11-30-2022,R001766,S003,P0027,Toys,North,C01310,5,Positive,"Highly recommend, works perfectly.",Yes,6
11-30-2022,R002019,S001,P0041,Groceries,South,C01564,3,Neutral,Fair quality for the price paid.,Yes,10
11-30-2022,R002128,S004,P0004,Toys,North,C01786,5,Positive,"Absolutely love this product, will buy again.",Yes,17
11-30-2022,R003346,S005,P0152,Clothing,South,C01250,5,Positive,Best purchase I've made this year.,No,31
11-30-2022,R003365,S005,P0022,Toys,West,C00233,1,Negative,"Worst purchase, do not recommend.",Yes,6
11-30-2022,R003681,S005,P0107,Electronics,East,C02106,5,Positive,"Highly recommend, works perfectly.",Yes,18
11-30-2022,R005905,S003,P0189,Groceries,West,C00846,4,Positive,"Good product overall, minor issues but satisfied.",Yes,7
12-01-2022,R000158,S005,P0134,Electronics,South,C00776,5,Positive,Fast delivery and great value for money.,Yes,46
12-01-2022,R000596,S002,P0082,Clothing,South,C01535,1,Negative,"Terrible experience, would not buy again.",Yes,25
12-01-2022,R000809,S003,P0019,Toys,East,C02220,4,Positive,Pretty happy with this purchase.,Yes,18
12-01-2022,R000970,S003,P0038,Clothing,West,C02436,4,Positive,Pretty happy with this purchase.,Yes,0
12-01-2022,R001808,S002,P0111,Furniture,East,C00399,4,Positive,"Good product overall, minor issues but satisfied.",No,2
12-01-2022,R003043,S002,P0187,Toys,East,C00316,4,Positive,"Solid product, does what it says.",Yes,0
12-01-2022,R003359,S003,P0129,Groceries,West,C00109,3,Neutral,"It's okay, met basic expectations.",Yes,6
12-01-2022,R003632,S003,P0043,Groceries,East,C00439,5,Positive,"Highly recommend, works perfectly.",Yes,10
12-01-2022,R003633,S003,P0179,Electronics,North,C02104,5,Positive,Fast delivery and great value for money.,Yes,40
12-01-2022,R003654,S003,P0067,Clothing,North,C01562,5,Positive,Best purchase I've made this year.,Yes,5
12-02-2022,R000340,S005,P0029,Groceries,West,C01043,2,Negative,"Below expectations, had some issues.",Yes,14
12-02-2022,R001136,S003,P0007,Toys,East,C01081,3,Neutral,Decent but could be better.,Yes,12
12-02-2022,R001372,S002,P0082,Clothing,East,C00232,2,Negative,"Would not recommend, had problems.",Yes,7
12-02-2022,R002154,S003,P0006,Groceries,West,C00112,4,Positive,"Works well, decent quality for the price.",Yes,9
12-02-2022,R003320,S003,P0170,Furniture,West,C02931,5,Positive,Best purchase I've made this year.,Yes,13
12-02-2022,R003568,S002,P0178,Toys,North,C01171,5,Positive,"Excellent quality, exceeded my expectations!",Yes,30
12-02-2022,R004100,S005,P0035,Clothing,North,C00301,4,Positive,"Works well, decent quality for the price.",Yes,16
12-02-2022,R004622,S001,P0051,Groceries,South,C00946,5,Positive,"Absolutely love this product, will buy again.",Yes,37
12-02-2022,R006000,S001,P0128,Furniture,South,C02644,4,Positive,"Good value, would recommend to others.",Yes,3
12-03-2022,R002146,S004,P0045,Toys,East,C00109,4,Positive,"Good product overall, minor issues but satisfied.",Yes,15
12-03-2022,R003139,S002,P0015,Furniture,West,C00880,4,Positive,"Works well, decent quality for the price.",Yes,6
12-03-2022,R003686,S004,P0046,Groceries,North,C00742,3,Neutral,"Average product, nothing special.",Yes,17
12-03-2022,R004624,S001,P0176,Furniture,East,C01150,5,Positive,"Highly recommend, works perfectly.",Yes,20
12-03-2022,R004786,S002,P0181,Toys,North,C02188,5,Positive,"Absolutely love this product, will buy again.",Yes,1
12-03-2022,R005973,S003,P0076,Electronics,South,C00424,3,Neutral,"It's okay, met basic expectations.",Yes,12
12-04-2022,R000445,S001,P0193,Groceries,West,C01498,5,Positive,"Excellent quality, exceeded my expectations!",Yes,5
12-04-2022,R001191,S004,P0017,Toys,South,C02006,4,Positive,"Works well, decent quality for the price.",No,13
12-04-2022,R002080,S005,P0121,Clothing,South,C00280,5,Positive,"Excellent quality, exceeded my expectations!",Yes,30
12-04-2022,R002313,S002,P0132,Furniture,North,C01508,2,Negative,Poor packaging and average product.,Yes,17
12-04-2022,R002633,S002,P0122,Furniture,South,C02027,5,Positive,"Absolutely love this product, will buy again.",Yes,1
12-04-2022,R003018,S002,P0071,Electronics,West,C02948,4,Positive,"Works well, decent quality for the price.",Yes,3
12-04-2022,R003071,S002,P0047,Groceries,West,C02647,5,Positive,"Absolutely love this product, will buy again.",Yes,15
12-04-2022,R003122,S002,P0016,Furniture,East,C00098,4,Positive,"Good product overall, minor issues but satisfied.",Yes,17
12-04-2022,R003291,S002,P0200,Furniture,East,C02984,4,Positive,"Solid product, does what it says.",Yes,5
12-05-2022,R001553,S004,P0027,Toys,East,C01971,5,Positive,"Highly recommend, works perfectly.",Yes,31
12-05-2022,R001816,S002,P0017,Toys,South,C01738,2,Negative,Disappointed with the product performance.,Yes,11
12-05-2022,R004256,S002,P0098,Toys,South,C01148,5,Positive,"Absolutely love this product, will buy again.",Yes,11
12-05-2022,R004650,S002,P0158,Electronics,North,C01217,5,Positive,"Excellent quality, exceeded my expectations!",Yes,47
12-05-2022,R005169,S001,P0165,Furniture,West,C00784,1,Negative,"Terrible experience, would not buy again.",Yes,3
12-06-2022,R000434,S001,P0166,Furniture,North,C00386,5,Positive,Fast delivery and great value for money.,Yes,15
12-06-2022,R000677,S001,P0087,Toys,West,C00304,4,Positive,Pretty happy with this purchase.,Yes,14
12-06-2022,R000703,S001,P0045,Toys,West,C00624,4,Positive,"Works well, decent quality for the price.",Yes,11
12-06-2022,R001987,S005,P0017,Toys,East,C01234,4,Positive,"Good value, would recommend to others.",Yes,1
12-06-2022,R003577,S004,P0153,Furniture,North,C00650,4,Positive,Pretty happy with this purchase.,No,1
12-06-2022,R003793,S001,P0152,Clothing,South,C00906,2,Negative,Poor packaging and average product.,Yes,8
12-06-2022,R004777,S005,P0159,Clothing,North,C00442,4,Positive,"Solid product, does what it says.",Yes,17
12-06-2022,R004813,S004,P0190,Toys,West,C02349,4,Positive,"Solid product, does what it says.",Yes,8
12-07-2022,R001007,S003,P0032,Clothing,North,C02454,1,Negative,"Waste of money, poor quality.",Yes,13
12-07-2022,R002148,S001,P0159,Clothing,South,C02502,4,Positive,"Good value, would recommend to others.",No,5
12-07-2022,R002512,S001,P0132,Furniture,South,C00065,5,Positive,"Highly recommend, works perfectly.",No,11
12-07-2022,R002553,S002,P0181,Toys,North,C01023,3,Neutral,Fair quality for the price paid.,Yes,14
12-07-2022,R003070,S005,P0055,Groceries,West,C00432,5,Positive,"Highly recommend, works perfectly.",Yes,35
12-07-2022,R004545,S003,P0175,Clothing,North,C00902,5,Positive,"Excellent quality, exceeded my expectations!",No,35
12-08-2022,R000206,S003,P0072,Groceries,West,C01361,4,Positive,"Solid product, does what it says.",No,0
12-08-2022,R000642,S004,P0149,Electronics,East,C00782,5,Positive,Best purchase I've made this year.,Yes,13
12-08-2022,R000789,S003,P0181,Toys,South,C02146,3,Neutral,"Neutral experience, neither good nor bad.",Yes,14
12-08-2022,R001339,S005,P0098,Toys,North,C01490,5,Positive,Fast delivery and great value for money.,Yes,45
12-08-2022,R002483,S001,P0194,Furniture,South,C00224,2,Negative,"Would not recommend, had problems.",Yes,13
12-08-2022,R003861,S002,P0092,Electronics,East,C00823,5,Positive,"Excellent quality, exceeded my expectations!",Yes,18
12-08-2022,R004658,S002,P0059,Furniture,West,C00936,4,Positive,"Good product overall, minor issues but satisfied.",Yes,20
12-08-2022,R005400,S001,P0157,Groceries,South,C02813,5,Positive,"Absolutely love this product, will buy again.",Yes,44
12-08-2022,R005647,S005,P0093,Electronics,West,C02254,4,Positive,"Good value, would recommend to others.",Yes,10
12-08-2022,R005856,S002,P0006,Groceries,East,C01295,5,Positive,"Excellent quality, exceeded my expectations!",Yes,9
12-08-2022,R005857,S002,P0127,Furniture,East,C00644,4,Positive,"Good product overall, minor issues but satisfied.",Yes,14
12-09-2022,R000362,S004,P0154,Groceries,North,C00056,5,Positive,Best purchase I've made this year.,Yes,20
12-09-2022,R002587,S002,P0146,Furniture,East,C01328,5,Positive,Fast delivery and great value for money.,Yes,48
12-09-2022,R003716,S005,P0128,Furniture,East,C01944,3,Neutral,Decent but could be better.,Yes,9
12-09-2022,R004075,S002,P0081,Furniture,South,C01711,3,Neutral,"Average product, nothing special.",Yes,19
12-09-2022,R004077,S001,P0099,Toys,East,C01756,5,Positive,Best purchase I've made this year.,No,10
12-09-2022,R004152,S004,P0114,Groceries,West,C00100,2,Negative,Poor packaging and average product.,Yes,15
12-09-2022,R004359,S002,P0188,Electronics,South,C02720,5,Positive,"Absolutely love this product, will buy again.",Yes,42
12-09-2022,R005372,S001,P0092,Electronics,West,C00553,3,Neutral,Fair quality for the price paid.,Yes,13
12-09-2022,R005450,S004,P0036,Electronics,North,C02856,4,Positive,"Solid product, does what it says.",Yes,6
12-09-2022,R005550,S003,P0172,Toys,North,C01055,4,Positive,"Good value, would recommend to others.",Yes,20
12-10-2022,R000038,S004,P0022,Toys,North,C01017,5,Positive,"Absolutely love this product, will buy again.",Yes,0
12-10-2022,R001708,S002,P0006,Groceries,North,C01557,4,Positive,"Good value, would recommend to others.",Yes,14
12-10-2022,R002346,S001,P0092,Electronics,North,C02332,2,Negative,"Would not recommend, had problems.",Yes,10
12-10-2022,R003726,S002,P0040,Toys,East,C00561,5,Positive,"Absolutely love this product, will buy again.",Yes,15
12-10-2022,R004414,S004,P0166,Furniture,East,C00100,4,Positive,"Works well, decent quality for the price.",No,15
12-10-2022,R005006,S002,P0081,Furniture,North,C01989,4,Positive,"Good product overall, minor issues but satisfied.",Yes,15
12-10-2022,R005800,S005,P0199,Electronics,West,C00141,1,Negative,"Waste of money, poor quality.",No,15
12-11-2022,R002085,S005,P0025,Clothing,North,C02887,3,Neutral,Fair quality for the price paid.,Yes,8
12-11-2022,R003197,S002,P0097,Furniture,West,C02005,3,Neutral,"Neutral experience, neither good nor bad.",Yes,8
12-11-2022,R003613,S005,P0073,Furniture,North,C00672,5,Positive,"Absolutely love this product, will buy again.",Yes,16
12-11-2022,R003783,S001,P0170,Furniture,South,C00899,5,Positive,"Absolutely love this product, will buy again.",Yes,11
12-11-2022,R003844,S001,P0029,Groceries,North,C00843,4,Positive,Pretty happy with this purchase.,No,10
12-11-2022,R005215,S003,P0037,Furniture,West,C01720,4,Positive,"Good value, would recommend to others.",Yes,9
12-11-2022,R005690,S005,P0002,Clothing,East,C01596,3,Neutral,"Neutral experience, neither good nor bad.",Yes,12
12-11-2022,R005812,S003,P0118,Clothing,West,C01030,3,Neutral,"Average product, nothing special.",Yes,18
12-12-2022,R001925,S004,P0186,Groceries,West,C02867,4,Positive,Pretty happy with this purchase.,Yes,13
12-12-2022,R002416,S003,P0181,Toys,West,C01371,3,Neutral,Decent but could be better.,Yes,15
12-12-2022,R003244,S001,P0045,Toys,West,C01897,2,Negative,Disappointed with the product performance.,Yes,8
12-12-2022,R003855,S005,P0150,Electronics,North,C02599,5,Positive,"Excellent quality, exceeded my expectations!",Yes,33
12-12-2022,R004114,S005,P0045,Toys,North,C01263,4,Positive,"Works well, decent quality for the price.",Yes,0
12-12-2022,R005072,S004,P0094,Groceries,North,C02179,4,Positive,"Good value, would recommend to others.",No,3
12-13-2022,R000928,S003,P0184,Groceries,South,C00721,3,Neutral,"It's okay, met basic expectations.",Yes,0
12-13-2022,R001280,S003,P0178,Toys,West,C01050,5,Positive,Best purchase I've made this year.,Yes,22
12-13-2022,R001384,S002,P0027,Toys,South,C01646,3,Neutral,Fair quality for the price paid.,Yes,6
12-13-2022,R002198,S004,P0128,Furniture,North,C02271,5,Positive,"Excellent quality, exceeded my expectations!",Yes,24
12-13-2022,R002271,S003,P0033,Toys,West,C00639,5,Positive,"Absolutely love this product, will buy again.",No,47
12-13-2022,R002282,S002,P0136,Electronics,West,C00683,5,Positive,"Absolutely love this product, will buy again.",Yes,43
12-13-2022,R003992,S001,P0066,Clothing,East,C02036,4,Positive,"Works well, decent quality for the price.",Yes,8
12-13-2022,R004494,S005,P0165,Furniture,West,C01474,5,Positive,"Highly recommend, works perfectly.",Yes,50
12-14-2022,R000451,S005,P0110,Toys,South,C02474,5,Positive,Best purchase I've made this year.,Yes,7
12-14-2022,R000910,S003,P0083,Electronics,West,C01447,3,Neutral,"Average product, nothing special.",Yes,16
12-14-2022,R001881,S003,P0063,Furniture,South,C00371,4,Positive,Pretty happy with this purchase.,Yes,7
12-14-2022,R002264,S003,P0073,Furniture,West,C02146,4,Positive,Pretty happy with this purchase.,Yes,15
12-14-2022,R002740,S001,P0171,Furniture,South,C01564,4,Positive,Pretty happy with this purchase.,Yes,17
12-14-2022,R003496,S004,P0092,Electronics,East,C00892,4,Positive,"Good product overall, minor issues but satisfied.",Yes,20
12-14-2022,R003639,S001,P0086,Furniture,South,C02040,4,Positive,"Good product overall, minor issues but satisfied.",Yes,14
12-14-2022,R003730,S002,P0081,Furniture,East,C00787,5,Positive,"Absolutely love this product, will buy again.",Yes,38
12-14-2022,R004896,S004,P0005,Toys,North,C00338,3,Neutral,Decent but could be better.,Yes,7
12-14-2022,R005116,S004,P0137,Furniture,South,C02635,5,Positive,"Absolutely love this product, will buy again.",Yes,9
12-14-2022,R005193,S004,P0133,Groceries,East,C00513,5,Positive,Best purchase I've made this year.,Yes,21
12-14-2022,R005238,S002,P0075,Furniture,South,C02458,4,Positive,"Good value, would recommend to others.",Yes,7
12-14-2022,R005262,S002,P0035,Clothing,South,C02275,5,Positive,"Absolutely love this product, will buy again.",Yes,33
12-14-2022,R005527,S003,P0027,Toys,East,C01650,5,Positive,"Absolutely love this product, will buy again.",Yes,49
12-14-2022,R005685,S003,P0157,Groceries,East,C02259,3,Neutral,"It's okay, met basic expectations.",No,2
12-15-2022,R000626,S002,P0141,Clothing,North,C00473,3,Neutral,Decent but could be better.,Yes,0
12-15-2022,R001381,S004,P0070,Groceries,East,C01135,4,Positive,"Solid product, does what it says.",Yes,2
12-15-2022,R001606,S003,P0054,Toys,North,C01295,5,Positive,Best purchase I've made this year.,No,2
12-15-2022,R001989,S002,P0037,Furniture,East,C01612,5,Positive,Best purchase I've made this year.,Yes,46
12-15-2022,R002032,S003,P0047,Groceries,South,C00344,5,Positive,Best purchase I've made this year.,Yes,7
12-15-2022,R003950,S001,P0160,Groceries,East,C00556,4,Positive,"Good value, would recommend to others.",No,0
12-15-2022,R005096,S002,P0083,Electronics,West,C00874,5,Positive,Best purchase I've made this year.,Yes,3
12-16-2022,R000188,S004,P0200,Furniture,East,C01731,5,Positive,Fast delivery and great value for money.,Yes,3
12-16-2022,R000923,S001,P0103,Toys,South,C02164,5,Positive,"Excellent quality, exceeded my expectations!",Yes,43
12-16-2022,R001442,S001,P0072,Groceries,North,C00036,4,Positive,"Good value, would recommend to others.",Yes,20
12-16-2022,R001467,S003,P0075,Furniture,East,C01007,3,Neutral,Fair quality for the price paid.,Yes,13
12-16-2022,R001573,S002,P0079,Toys,South,C00406,5,Positive,"Absolutely love this product, will buy again.",Yes,22
12-16-2022,R001952,S005,P0035,Clothing,East,C01516,4,Positive,Pretty happy with this purchase.,Yes,2
12-16-2022,R002024,S002,P0078,Toys,North,C01127,2,Negative,Poor packaging and average product.,No,11
12-16-2022,R005273,S001,P0101,Furniture,South,C01617,5,Positive,Fast delivery and great value for money.,Yes,29
12-16-2022,R005559,S005,P0198,Groceries,North,C00342,3,Neutral,Decent but could be better.,Yes,20
12-17-2022,R000034,S002,P0181,Toys,East,C00223,4,Positive,Pretty happy with this purchase.,Yes,0
12-17-2022,R002082,S002,P0073,Furniture,North,C02598,5,Positive,"Highly recommend, works perfectly.",No,19
12-17-2022,R003852,S003,P0062,Groceries,West,C01648,5,Positive,Fast delivery and great value for money.,No,37
12-17-2022,R004081,S003,P0157,Groceries,South,C00897,4,Positive,"Solid product, does what it says.",Yes,17
12-17-2022,R005445,S001,P0117,Toys,North,C00882,4,Positive,"Good product overall, minor issues but satisfied.",Yes,2
12-18-2022,R000329,S005,P0163,Furniture,West,C02780,2,Negative,"Below expectations, had some issues.",Yes,2
12-18-2022,R000852,S004,P0160,Groceries,South,C02044,4,Positive,"Good value, would recommend to others.",Yes,4
12-18-2022,R002137,S001,P0047,Groceries,South,C01433,5,Positive,"Highly recommend, works perfectly.",No,30
12-18-2022,R004096,S001,P0160,Groceries,West,C01243,1,Negative,"Very disappointed, product did not work.",No,24
12-18-2022,R004653,S001,P0015,Furniture,South,C00474,3,Neutral,"Average product, nothing special.",Yes,5
12-18-2022,R004953,S002,P0142,Clothing,North,C01926,5,Positive,Best purchase I've made this year.,Yes,46
12-19-2022,R000858,S001,P0126,Clothing,North,C02059,5,Positive,"Highly recommend, works perfectly.",No,7
12-19-2022,R000950,S004,P0084,Clothing,East,C00790,4,Positive,"Solid product, does what it says.",Yes,8
12-19-2022,R001582,S002,P0010,Toys,South,C02137,2,Negative,"Below expectations, had some issues.",Yes,16
12-19-2022,R002353,S004,P0045,Toys,East,C02770,4,Positive,"Solid product, does what it says.",Yes,3
12-19-2022,R003010,S002,P0194,Furniture,North,C02041,4,Positive,"Solid product, does what it says.",Yes,17
12-19-2022,R003295,S005,P0085,Furniture,West,C00399,5,Positive,"Highly recommend, works perfectly.",No,9
12-19-2022,R003667,S001,P0157,Groceries,South,C01735,2,Negative,"Below expectations, had some issues.",Yes,2
12-19-2022,R004469,S002,P0149,Electronics,North,C02284,3,Neutral,Decent but could be better.,Yes,6
12-19-2022,R004571,S003,P0023,Groceries,East,C02905,3,Neutral,"Neutral experience, neither good nor bad.",Yes,15
12-19-2022,R005173,S002,P0002,Clothing,South,C02741,4,Positive,"Good value, would recommend to others.",Yes,4
12-19-2022,R005530,S002,P0124,Furniture,East,C02579,4,Positive,"Solid product, does what it says.",Yes,19
12-20-2022,R000304,S001,P0107,Electronics,North,C00905,1,Negative,"Worst purchase, do not recommend.",Yes,5
12-20-2022,R001241,S003,P0087,Toys,North,C00340,2,Negative,"Below expectations, had some issues.",Yes,6
12-20-2022,R001619,S004,P0167,Furniture,East,C00931,4,Positive,"Solid product, does what it says.",Yes,9
12-20-2022,R001760,S002,P0030,Furniture,North,C01653,3,Neutral,Fair quality for the price paid.,Yes,5
12-20-2022,R002112,S003,P0025,Clothing,East,C02777,5,Positive,"Highly recommend, works perfectly.",Yes,0
12-20-2022,R002301,S001,P0117,Toys,East,C01597,4,Positive,"Solid product, does what it says.",Yes,14
12-20-2022,R002397,S002,P0065,Electronics,West,C01579,4,Positive,"Good product overall, minor issues but satisfied.",Yes,19
12-20-2022,R004412,S001,P0140,Toys,West,C02636,5,Positive,Best purchase I've made this year.,Yes,47
12-21-2022,R000807,S002,P0115,Toys,East,C01519,2,Negative,Disappointed with the product performance.,Yes,8
12-21-2022,R001360,S002,P0063,Furniture,East,C00515,2,Negative,"Would not recommend, had problems.",Yes,17
12-21-2022,R003749,S003,P0008,Electronics,East,C01169,5,Positive,"Excellent quality, exceeded my expectations!",Yes,39
12-21-2022,R003876,S003,P0094,Groceries,South,C01573,5,Positive,"Excellent quality, exceeded my expectations!",Yes,38
12-21-2022,R004817,S002,P0168,Furniture,West,C02798,4,Positive,"Good product overall, minor issues but satisfied.",Yes,5
12-22-2022,R001071,S001,P0073,Furniture,East,C02471,3,Neutral,"Neutral experience, neither good nor bad.",Yes,6
12-22-2022,R001336,S003,P0048,Clothing,North,C02478,2,Negative,"Not very satisfied, quality could improve.",Yes,7
12-22-2022,R001521,S001,P0073,Furniture,South,C02111,5,Positive,Best purchase I've made this year.,Yes,20
12-22-2022,R001797,S002,P0153,Furniture,North,C00377,4,Positive,"Good product overall, minor issues but satisfied.",Yes,13
12-22-2022,R002204,S004,P0114,Groceries,West,C01638,5,Positive,Best purchase I've made this year.,Yes,4
12-22-2022,R002242,S005,P0095,Furniture,East,C02178,5,Positive,Fast delivery and great value for money.,Yes,34
12-22-2022,R002460,S003,P0156,Groceries,East,C00583,4,Positive,"Good product overall, minor issues but satisfied.",Yes,19
12-22-2022,R003991,S002,P0091,Electronics,North,C01601,3,Neutral,"Neutral experience, neither good nor bad.",Yes,2
12-22-2022,R004917,S001,P0129,Groceries,North,C01470,2,Negative,"Not very satisfied, quality could improve.",Yes,5
12-22-2022,R005544,S004,P0083,Electronics,North,C02790,5,Positive,Fast delivery and great value for money.,No,0
12-23-2022,R000393,S005,P0151,Toys,North,C00270,4,Positive,"Works well, decent quality for the price.",No,16
12-23-2022,R000934,S001,P0037,Furniture,West,C01841,3,Neutral,"Neutral experience, neither good nor bad.",Yes,5
12-23-2022,R002743,S003,P0034,Groceries,South,C01754,4,Positive,"Works well, decent quality for the price.",Yes,12
12-23-2022,R003097,S003,P0072,Groceries,West,C02319,3,Neutral,"Neutral experience, neither good nor bad.",Yes,9
12-23-2022,R003195,S001,P0180,Groceries,West,C00921,3,Neutral,"Neutral experience, neither good nor bad.",Yes,17
12-24-2022,R000305,S004,P0114,Groceries,South,C02084,3,Neutral,"Neutral experience, neither good nor bad.",Yes,6
12-24-2022,R000955,S001,P0018,Clothing,West,C02148,2,Negative,"Not very satisfied, quality could improve.",Yes,3
12-24-2022,R001526,S002,P0161,Groceries,South,C00380,5,Positive,"Absolutely love this product, will buy again.",Yes,39
12-24-2022,R002256,S004,P0190,Toys,North,C01696,5,Positive,"Absolutely love this product, will buy again.",Yes,4
12-24-2022,R003064,S001,P0085,Furniture,North,C00155,5,Positive,Best purchase I've made this year.,Yes,1
12-24-2022,R003609,S005,P0120,Clothing,West,C02078,5,Positive,"Absolutely love this product, will buy again.",Yes,11
12-24-2022,R004220,S003,P0111,Furniture,South,C00891,3,Neutral,"It's okay, met basic expectations.",Yes,16
12-24-2022,R004511,S002,P0187,Toys,West,C00966,4,Positive,"Good value, would recommend to others.",Yes,17
12-24-2022,R005439,S001,P0025,Clothing,North,C02563,5,Positive,"Excellent quality, exceeded my expectations!",Yes,48
12-24-2022,R005766,S003,P0109,Electronics,South,C02595,5,Positive,Fast delivery and great value for money.,Yes,26
12-25-2022,R000476,S002,P0183,Toys,East,C01695,4,Positive,"Solid product, does what it says.",Yes,9
12-25-2022,R004437,S002,P0197,Electronics,North,C00598,2,Negative,"Below expectations, had some issues.",No,5
12-26-2022,R001056,S002,P0185,Clothing,South,C00744,5,Positive,Fast delivery and great value for money.,No,19
12-26-2022,R001374,S004,P0152,Clothing,North,C01169,1,Negative,"Terrible experience, would not buy again.",Yes,37
12-26-2022,R001416,S004,P0131,Clothing,North,C01765,4,Positive,"Solid product, does what it says.",Yes,8
12-26-2022,R002750,S001,P0066,Clothing,East,C01781,4,Positive,"Solid product, does what it says.",Yes,10
12-26-2022,R003038,S002,P0181,Toys,West,C00340,5,Positive,Best purchase I've made this year.,Yes,35
12-26-2022,R003670,S005,P0186,Groceries,North,C00519,2,Negative,Disappointed with the product performance.,Yes,18
12-26-2022,R004054,S005,P0074,Electronics,South,C00515,5,Positive,Best purchase I've made this year.,Yes,7
12-26-2022,R004324,S001,P0136,Electronics,West,C02744,5,Positive,"Excellent quality, exceeded my expectations!",Yes,31
12-26-2022,R005154,S001,P0119,Electronics,East,C00882,5,Positive,Best purchase I've made this year.,Yes,23
12-26-2022,R005223,S002,P0072,Groceries,East,C00622,3,Neutral,Decent but could be better.,Yes,7
12-26-2022,R005225,S002,P0158,Electronics,North,C00433,5,Positive,"Highly recommend, works perfectly.",No,20
12-26-2022,R005563,S001,P0086,Furniture,West,C02167,5,Positive,"Absolutely love this product, will buy again.",No,1
12-27-2022,R000171,S005,P0068,Clothing,West,C02159,5,Positive,Best purchase I've made this year.,No,25
12-27-2022,R000458,S001,P0142,Clothing,North,C02730,5,Positive,Fast delivery and great value for money.,Yes,32
12-27-2022,R001502,S002,P0165,Furniture,North,C02182,4,Positive,"Works well, decent quality for the price.",No,16
12-27-2022,R002931,S005,P0131,Clothing,West,C02950,4,Positive,"Good product overall, minor issues but satisfied.",No,10
12-27-2022,R003334,S001,P0164,Groceries,South,C01366,4,Positive,Pretty happy with this purchase.,Yes,16
12-27-2022,R003615,S001,P0032,Clothing,West,C02476,5,Positive,"Highly recommend, works perfectly.",Yes,25
12-27-2022,R003739,S002,P0075,Furniture,North,C00478,5,Positive,"Highly recommend, works perfectly.",Yes,1
12-27-2022,R004168,S005,P0075,Furniture,South,C02749,5,Positive,"Highly recommend, works perfectly.",Yes,40
12-27-2022,R005633,S005,P0163,Furniture,East,C01062,4,Positive,Pretty happy with this purchase.,Yes,14
12-28-2022,R000277,S005,P0162,Toys,West,C00012,3,Neutral,"Average product, nothing special.",Yes,17
12-28-2022,R000356,S004,P0092,Electronics,North,C01985,3,Neutral,"Average product, nothing special.",Yes,5
12-28-2022,R002136,S005,P0067,Clothing,East,C01901,5,Positive,"Absolutely love this product, will buy again.",Yes,44
12-28-2022,R002378,S001,P0133,Groceries,East,C01336,5,Positive,Best purchase I've made this year.,Yes,49
12-28-2022,R002509,S001,P0139,Clothing,West,C02721,2,Negative,Poor packaging and average product.,Yes,11
12-28-2022,R003268,S003,P0106,Furniture,South,C00666,5,Positive,"Absolutely love this product, will buy again.",Yes,0
12-28-2022,R004460,S001,P0189,Groceries,North,C02106,3,Neutral,"It's okay, met basic expectations.",Yes,8
12-28-2022,R004682,S003,P0171,Furniture,South,C01974,1,Negative,"Product arrived damaged, very unhappy.",Yes,34
12-28-2022,R004889,S001,P0064,Electronics,West,C00616,4,Positive,"Works well, decent quality for the price.",Yes,13
12-28-2022,R005576,S002,P0162,Toys,North,C02718,5,Positive,Best purchase I've made this year.,Yes,44
12-28-2022,R005661,S003,P0131,Clothing,North,C01211,5,Positive,"Highly recommend, works perfectly.",No,35
12-29-2022,R000262,S001,P0134,Electronics,East,C01708,1,Negative,"Waste of money, poor quality.",Yes,22
12-29-2022,R000282,S003,P0044,Clothing,West,C02385,5,Positive,"Excellent quality, exceeded my expectations!",Yes,12
12-29-2022,R001237,S005,P0039,Groceries,South,C02041,5,Positive,"Highly recommend, works perfectly.",Yes,8
12-29-2022,R001481,S003,P0163,Furniture,West,C00595,1,Negative,"Waste of money, poor quality.",Yes,10
12-29-2022,R001918,S005,P0132,Furniture,East,C00453,5,Positive,Fast delivery and great value for money.,No,49
12-29-2022,R002051,S003,P0112,Electronics,North,C02199,4,Positive,"Good product overall, minor issues but satisfied.",Yes,17
12-29-2022,R002225,S004,P0130,Electronics,East,C00984,3,Neutral,"It's okay, met basic expectations.",Yes,14
12-29-2022,R002423,S005,P0124,Furniture,South,C01225,5,Positive,Best purchase I've made this year.,Yes,11
12-29-2022,R003563,S005,P0166,Furniture,North,C00257,4,Positive,"Solid product, does what it says.",Yes,20
12-29-2022,R004028,S004,P0193,Groceries,West,C01784,1,Negative,"Product arrived damaged, very unhappy.",Yes,33
12-29-2022,R004376,S004,P0070,Groceries,North,C02134,5,Positive,Fast delivery and great value for money.,Yes,7
12-29-2022,R004466,S002,P0016,Furniture,West,C00240,4,Positive,"Solid product, does what it says.",Yes,12
12-29-2022,R005348,S005,P0197,Electronics,North,C01922,3,Neutral,"Average product, nothing special.",Yes,0
12-29-2022,R005769,S005,P0055,Groceries,North,C01933,2,Negative,Poor packaging and average product.,No,6
12-29-2022,R005837,S001,P0143,Clothing,South,C00295,3,Neutral,"Neutral experience, neither good nor bad.",Yes,15
12-30-2022,R000533,S003,P0139,Clothing,East,C01518,5,Positive,Fast delivery and great value for money.,Yes,33
12-30-2022,R001839,S001,P0007,Toys,South,C01810,5,Positive,"Highly recommend, works perfectly.",No,37
12-30-2022,R003332,S002,P0025,Clothing,South,C02074,1,Negative,"Very disappointed, product did not work.",Yes,50
12-30-2022,R005915,S001,P0120,Clothing,West,C00024,3,Neutral,"It's okay, met basic expectations.",Yes,16
12-31-2022,R000004,S002,P0137,Furniture,South,C00800,4,Positive,"Solid product, does what it says.",Yes,12
12-31-2022,R000841,S004,P0022,Toys,West,C02414,4,Positive,"Good product overall, minor issues but satisfied.",Yes,12
12-31-2022,R002634,S002,P0029,Groceries,North,C00606,4,Positive,"Works well, decent quality for the price.",Yes,15
12-31-2022,R003246,S001,P0039,Groceries,South,C02680,5,Positive,Best purchase I've made this year.,Yes,6
12-31-2022,R005127,S003,P0044,Clothing,South,C02784,4,Positive,"Good product overall, minor issues but satisfied.",No,6
01-01-2023,R000519,S003,P0001,Electronics,East,C02180,2,Negative,"Not very satisfied, quality could improve.",Yes,1
01-01-2023,R002969,S003,P0139,Clothing,South,C01255,4,Positive,Pretty happy with this purchase.,Yes,1
01-01-2023,R003634,S001,P0031,Toys,North,C01798,1,Negative,"Product arrived damaged, very unhappy.",Yes,41
01-01-2023,R005220,S002,P0129,Groceries,East,C01896,5,Positive,"Highly recommend, works perfectly.",Yes,13
01-01-2023,R005534,S004,P0173,Clothing,South,C00851,4,Positive,"Solid product, does what it says.",Yes,5
01-02-2023,R001957,S004,P0131,Clothing,West,C01354,3,Neutral,"Neutral experience, neither good nor bad.",Yes,14
01-02-2023,R003034,S002,P0122,Furniture,East,C01442,4,Positive,Pretty happy with this purchase.,Yes,20
01-02-2023,R003256,S005,P0109,Electronics,East,C00810,5,Positive,Fast delivery and great value for money.,Yes,13
01-02-2023,R004499,S005,P0050,Toys,East,C00094,4,Positive,Pretty happy with this purchase.,Yes,4
01-02-2023,R004564,S002,P0129,Groceries,South,C02929,4,Positive,Pretty happy with this purchase.,Yes,10
01-02-2023,R004758,S003,P0157,Groceries,South,C01400,1,Negative,"Waste of money, poor quality.",Yes,41
01-03-2023,R001874,S003,P0119,Electronics,East,C01245,4,Positive,Pretty happy with this purchase.,Yes,4
01-03-2023,R003621,S003,P0075,Furniture,South,C02385,4,Positive,"Good product overall, minor issues but satisfied.",Yes,13
01-03-2023,R004843,S003,P0090,Groceries,North,C00855,5,Positive,"Excellent quality, exceeded my expectations!",Yes,47
01-03-2023,R005645,S001,P0043,Groceries,North,C00082,5,Positive,Fast delivery and great value for money.,Yes,42
01-03-2023,R005712,S004,P0041,Groceries,South,C02250,5,Positive,"Absolutely love this product, will buy again.",No,50
01-03-2023,R005724,S002,P0099,Toys,East,C00974,5,Positive,"Highly recommend, works perfectly.",Yes,49
01-04-2023,R000779,S003,P0118,Clothing,North,C01510,5,Positive,"Highly recommend, works perfectly.",No,11
01-04-2023,R000892,S004,P0132,Furniture,East,C02792,5,Positive,Fast delivery and great value for money.,Yes,16
01-04-2023,R001647,S002,P0028,Groceries,West,C01508,2,Negative,"Not very satisfied, quality could improve.",No,17
01-04-2023,R003584,S001,P0123,Furniture,East,C02361,4,Positive,"Good product overall, minor issues but satisfied.",No,14
01-04-2023,R004481,S005,P0166,Furniture,East,C00431,5,Positive,Best purchase I've made this year.,Yes,45
01-04-2023,R004539,S002,P0073,Furniture,West,C01694,3,Neutral,"Average product, nothing special.",Yes,12
01-04-2023,R005635,S002,P0082,Clothing,North,C02282,4,Positive,"Works well, decent quality for the price.",Yes,10
01-05-2023,R000377,S001,P0200,Furniture,North,C01219,5,Positive,"Absolutely love this product, will buy again.",Yes,7
01-05-2023,R000636,S001,P0112,Electronics,South,C01828,4,Positive,Pretty happy with this purchase.,Yes,0
01-05-2023,R000699,S004,P0009,Groceries,North,C02746,1,Negative,"Worst purchase, do not recommend.",No,19
01-05-2023,R000719,S002,P0103,Toys,West,C02723,5,Positive,"Absolutely love this product, will buy again.",Yes,23
01-05-2023,R000774,S003,P0177,Clothing,East,C02923,4,Positive,"Works well, decent quality for the price.",Yes,9
01-05-2023,R001145,S005,P0034,Groceries,North,C01875,2,Negative,Poor packaging and average product.,Yes,15
01-05-2023,R002070,S004,P0007,Toys,North,C01234,3,Neutral,"Average product, nothing special.",Yes,18
01-05-2023,R002267,S002,P0036,Electronics,East,C01315,5,Positive,Best purchase I've made this year.,No,14
01-05-2023,R002420,S005,P0183,Toys,West,C00271,1,Negative,"Terrible experience, would not buy again.",No,14
01-05-2023,R004216,S003,P0148,Clothing,North,C02735,3,Neutral,Fair quality for the price paid.,Yes,0
01-05-2023,R004277,S002,P0023,Groceries,East,C01679,5,Positive,Best purchase I've made this year.,Yes,11
01-05-2023,R004394,S001,P0023,Groceries,West,C00832,3,Neutral,"Neutral experience, neither good nor bad.",Yes,11
01-05-2023,R005230,S005,P0004,Toys,North,C00867,5,Positive,Fast delivery and great value for money.,No,11
01-05-2023,R005714,S003,P0107,Electronics,East,C00847,5,Positive,"Excellent quality, exceeded my expectations!",Yes,43
01-06-2023,R000834,S001,P0037,Furniture,South,C00510,3,Neutral,"It's okay, met basic expectations.",Yes,15
01-06-2023,R000867,S001,P0112,Electronics,North,C00428,3,Neutral,Fair quality for the price paid.,Yes,18
01-06-2023,R001172,S001,P0156,Groceries,South,C00961,5,Positive,"Absolutely love this product, will buy again.",Yes,50
01-06-2023,R002742,S003,P0072,Groceries,North,C00784,4,Positive,"Solid product, does what it says.",No,5
01-06-2023,R004641,S002,P0186,Groceries,South,C00584,3,Neutral,Decent but could be better.,Yes,3
01-06-2023,R005422,S002,P0077,Groceries,West,C02596,4,Positive,"Good value, would recommend to others.",Yes,8
01-06-2023,R005655,S002,P0173,Clothing,East,C02419,4,Positive,"Good product overall, minor issues but satisfied.",Yes,3
01-07-2023,R000205,S002,P0162,Toys,North,C01115,4,Positive,"Good value, would recommend to others.",Yes,18
01-07-2023,R002181,S003,P0103,Toys,North,C02871,3,Neutral,"Neutral experience, neither good nor bad.",No,4
01-07-2023,R002891,S004,P0132,Furniture,North,C01893,4,Positive,"Solid product, does what it says.",Yes,14
01-07-2023,R003101,S001,P0119,Electronics,South,C00123,3,Neutral,"Neutral experience, neither good nor bad.",Yes,0
01-07-2023,R003167,S001,P0009,Groceries,North,C02646,5,Positive,Best purchase I've made this year.,No,8
01-07-2023,R003869,S001,P0081,Furniture,West,C00313,3,Neutral,"Neutral experience, neither good nor bad.",Yes,17
01-07-2023,R004461,S001,P0099,Toys,South,C00656,3,Neutral,Fair quality for the price paid.,Yes,12
01-07-2023,R005780,S003,P0164,Groceries,West,C00356,5,Positive,Fast delivery and great value for money.,No,11
01-08-2023,R000394,S005,P0053,Groceries,East,C02760,3,Neutral,"It's okay, met basic expectations.",Yes,14
01-08-2023,R000431,S002,P0029,Groceries,South,C01864,3,Neutral,Fair quality for the price paid.,Yes,17
01-08-2023,R000870,S005,P0026,Groceries,East,C00564,1,Negative,"Waste of money, poor quality.",Yes,21
01-08-2023,R001103,S001,P0189,Groceries,South,C02992,5,Positive,"Excellent quality, exceeded my expectations!",Yes,7
01-08-2023,R001210,S004,P0187,Toys,West,C01933,4,Positive,"Works well, decent quality for the price.",Yes,0
01-08-2023,R001419,S002,P0089,Groceries,East,C00990,4,Positive,Pretty happy with this purchase.,Yes,13
01-08-2023,R004744,S002,P0191,Toys,West,C02252,5,Positive,Best purchase I've made this year.,Yes,7
01-08-2023,R005075,S003,P0183,Toys,South,C01311,2,Negative,"Below expectations, had some issues.",Yes,19
01-08-2023,R005162,S002,P0021,Furniture,South,C02404,4,Positive,"Good product overall, minor issues but satisfied.",Yes,19
01-08-2023,R005207,S005,P0188,Electronics,North,C02370,1,Negative,"Terrible experience, would not buy again.",No,49
01-09-2023,R000683,S003,P0064,Electronics,South,C00912,3,Neutral,Decent but could be better.,Yes,13
01-09-2023,R002596,S002,P0004,Toys,South,C01817,3,Neutral,Fair quality for the price paid.,Yes,4
01-09-2023,R002970,S003,P0056,Clothing,South,C01993,4,Positive,"Good value, would recommend to others.",Yes,6
01-09-2023,R004234,S001,P0029,Groceries,East,C02081,2,Negative,"Below expectations, had some issues.",Yes,15
01-09-2023,R005460,S004,P0104,Electronics,North,C02676,3,Neutral,Decent but could be better.,Yes,0
01-10-2023,R001973,S003,P0067,Clothing,South,C01074,3,Neutral,Fair quality for the price paid.,Yes,14
01-10-2023,R002757,S001,P0056,Clothing,South,C01877,3,Neutral,"Neutral experience, neither good nor bad.",Yes,13
01-10-2023,R002864,S003,P0130,Electronics,North,C02019,5,Positive,"Highly recommend, works perfectly.",Yes,32
01-10-2023,R002930,S002,P0181,Toys,North,C00049,5,Positive,"Highly recommend, works perfectly.",Yes,17
01-10-2023,R003121,S004,P0142,Clothing,South,C01548,3,Neutral,Fair quality for the price paid.,Yes,15
01-10-2023,R003294,S003,P0107,Electronics,North,C00906,5,Positive,"Excellent quality, exceeded my expectations!",Yes,32
01-10-2023,R004029,S001,P0119,Electronics,West,C01438,5,Positive,"Highly recommend, works perfectly.",Yes,47
01-11-2023,R001178,S002,P0036,Electronics,South,C01378,3,Neutral,Decent but could be better.,Yes,10
01-11-2023,R001228,S003,P0040,Toys,North,C00749,5,Positive,"Excellent quality, exceeded my expectations!",No,50
01-11-2023,R001701,S002,P0187,Toys,South,C00761,5,Positive,"Absolutely love this product, will buy again.",Yes,12
01-11-2023,R001751,S001,P0125,Toys,East,C00753,3,Neutral,"Average product, nothing special.",No,18
01-11-2023,R004464,S003,P0019,Toys,West,C02190,3,Neutral,"Average product, nothing special.",Yes,17
01-11-2023,R004767,S003,P0144,Clothing,South,C01577,4,Positive,"Solid product, does what it says.",Yes,2
01-11-2023,R005427,S001,P0177,Clothing,West,C02490,3,Neutral,"Neutral experience, neither good nor bad.",Yes,2
01-11-2023,R005616,S005,P0150,Electronics,South,C01370,4,Positive,"Works well, decent quality for the price.",Yes,19
01-12-2023,R000204,S005,P0187,Toys,North,C00594,4,Positive,"Works well, decent quality for the price.",No,3
01-12-2023,R000901,S005,P0132,Furniture,North,C02377,5,Positive,Best purchase I've made this year.,Yes,2
01-12-2023,R001309,S003,P0061,Furniture,North,C02063,5,Positive,Best purchase I've made this year.,Yes,46
01-12-2023,R001310,S002,P0110,Toys,North,C02085,5,Positive,Fast delivery and great value for money.,No,36
01-12-2023,R001555,S003,P0067,Clothing,West,C01027,5,Positive,"Highly recommend, works perfectly.",Yes,2
01-12-2023,R001880,S001,P0118,Clothing,South,C00917,5,Positive,Fast delivery and great value for money.,Yes,9
01-12-2023,R003130,S004,P0006,Groceries,West,C00304,2,Negative,Poor packaging and average product.,Yes,14
01-12-2023,R004134,S005,P0124,Furniture,North,C01727,2,Negative,"Below expectations, had some issues.",Yes,3
01-12-2023,R004291,S002,P0088,Toys,South,C02267,2,Negative,"Below expectations, had some issues.",Yes,17
01-12-2023,R004352,S004,P0138,Clothing,West,C01813,4,Positive,"Works well, decent quality for the price.",Yes,10
01-12-2023,R004369,S005,P0109,Electronics,East,C00798,5,Positive,"Highly recommend, works perfectly.",Yes,32
01-12-2023,R004444,S005,P0113,Clothing,South,C00155,4,Positive,"Good value, would recommend to others.",Yes,14
01-12-2023,R005228,S002,P0116,Furniture,West,C00956,2,Negative,Poor packaging and average product.,Yes,4
01-12-2023,R005369,S004,P0179,Electronics,West,C00490,4,Positive,Pretty happy with this purchase.,No,5
01-12-2023,R005867,S003,P0145,Toys,East,C01497,5,Positive,"Highly recommend, works perfectly.",Yes,34
01-13-2023,R000995,S003,P0039,Groceries,North,C02860,5,Positive,"Absolutely love this product, will buy again.",No,36
01-13-2023,R001099,S005,P0093,Electronics,West,C02080,4,Positive,Pretty happy with this purchase.,Yes,7
01-13-2023,R001385,S005,P0001,Electronics,West,C00749,4,Positive,"Good product overall, minor issues but satisfied.",Yes,0
01-13-2023,R001533,S002,P0141,Clothing,West,C02598,1,Negative,"Very disappointed, product did not work.",Yes,41
01-13-2023,R001716,S003,P0140,Toys,West,C00843,2,Negative,Poor packaging and average product.,Yes,13
01-13-2023,R003032,S004,P0096,Groceries,South,C02921,5,Positive,"Highly recommend, works perfectly.",Yes,25
01-13-2023,R004900,S004,P0087,Toys,North,C00994,3,Neutral,"Neutral experience, neither good nor bad.",Yes,13
01-13-2023,R004964,S004,P0133,Groceries,South,C00020,4,Positive,"Good product overall, minor issues but satisfied.",Yes,10
01-14-2023,R001039,S003,P0143,Clothing,West,C02809,3,Neutral,Fair quality for the price paid.,Yes,13
01-14-2023,R001356,S002,P0183,Toys,West,C01845,5,Positive,"Highly recommend, works perfectly.",Yes,8
01-14-2023,R001801,S001,P0012,Clothing,East,C01216,3,Neutral,Decent but could be better.,Yes,6
01-14-2023,R001860,S001,P0041,Groceries,East,C02663,4,Positive,"Solid product, does what it says.",Yes,4
01-14-2023,R004170,S002,P0030,Furniture,West,C02526,2,Negative,"Would not recommend, had problems.",Yes,8
01-14-2023,R005203,S004,P0070,Groceries,North,C00667,4,Positive,"Good value, would recommend to others.",Yes,20
01-15-2023,R002637,S004,P0097,Furniture,West,C01430,3,Neutral,Decent but could be better.,Yes,20
01-15-2023,R005318,S003,P0049,Electronics,East,C02948,4,Positive,"Solid product, does what it says.",Yes,7
01-16-2023,R000123,S003,P0097,Furniture,South,C01356,4,Positive,Pretty happy with this purchase.,Yes,14
01-16-2023,R000814,S002,P0063,Furniture,West,C00827,3,Neutral,"Average product, nothing special.",Yes,0
01-16-2023,R000828,S005,P0170,Furniture,North,C01594,4,Positive,Pretty happy with this purchase.,Yes,2
01-16-2023,R001111,S005,P0116,Furniture,South,C00359,3,Neutral,"Average product, nothing special.",Yes,8
01-16-2023,R002873,S005,P0153,Furniture,East,C00266,1,Negative,"Product arrived damaged, very unhappy.",Yes,23
01-16-2023,R004062,S002,P0033,Toys,East,C01791,5,Positive,Best purchase I've made this year.,Yes,17
01-16-2023,R004288,S004,P0138,Clothing,North,C01413,5,Positive,Fast delivery and great value for money.,Yes,3
01-17-2023,R000902,S001,P0005,Toys,South,C02467,2,Negative,"Not very satisfied, quality could improve.",Yes,5
01-17-2023,R000919,S005,P0008,Electronics,North,C01922,5,Positive,"Excellent quality, exceeded my expectations!",Yes,36
01-17-2023,R001775,S004,P0040,Toys,South,C02445,3,Neutral,Decent but could be better.,No,10
01-17-2023,R002563,S004,P0072,Groceries,South,C02740,5,Positive,"Highly recommend, works perfectly.",Yes,21
01-17-2023,R002885,S001,P0106,Furniture,East,C01786,2,Negative,Poor packaging and average product.,Yes,2
01-17-2023,R003306,S001,P0075,Furniture,South,C00445,4,Positive,"Good value, would recommend to others.",Yes,0
01-17-2023,R003506,S002,P0078,Toys,West,C01618,4,Positive,Pretty happy with this purchase.,Yes,7
01-17-2023,R004601,S004,P0147,Groceries,South,C01214,5,Positive,Fast delivery and great value for money.,Yes,47
01-17-2023,R005077,S001,P0090,Groceries,North,C00262,5,Positive,Fast delivery and great value for money.,Yes,37
01-17-2023,R005094,S004,P0196,Electronics,East,C02774,5,Positive,"Excellent quality, exceeded my expectations!",Yes,8
01-17-2023,R005658,S005,P0143,Clothing,East,C01499,4,Positive,"Good value, would recommend to others.",Yes,3
01-17-2023,R005880,S004,P0171,Furniture,East,C01055,4,Positive,Pretty happy with this purchase.,No,7
01-18-2023,R000058,S004,P0008,Electronics,North,C02250,2,Negative,Poor packaging and average product.,Yes,2
01-18-2023,R000693,S003,P0131,Clothing,East,C00528,4,Positive,"Solid product, does what it says.",Yes,13
01-18-2023,R000847,S005,P0038,Clothing,West,C01694,5,Positive,"Highly recommend, works perfectly.",Yes,29
01-18-2023,R001684,S005,P0095,Furniture,West,C01237,2,Negative,Disappointed with the product performance.,Yes,14
01-18-2023,R001759,S001,P0153,Furniture,South,C02676,2,Negative,Poor packaging and average product.,Yes,19
01-18-2023,R001945,S005,P0187,Toys,North,C01301,3,Neutral,Fair quality for the price paid.,Yes,4
01-18-2023,R003221,S003,P0083,Electronics,East,C02720,4,Positive,"Works well, decent quality for the price.",Yes,0
01-18-2023,R004605,S003,P0129,Groceries,North,C01609,4,Positive,"Good product overall, minor issues but satisfied.",Yes,11
01-18-2023,R004877,S004,P0074,Electronics,East,C00391,4,Positive,"Good product overall, minor issues but satisfied.",Yes,7
01-18-2023,R005128,S002,P0132,Furniture,East,C02749,5,Positive,Fast delivery and great value for money.,Yes,15
01-18-2023,R005146,S005,P0035,Clothing,North,C00117,4,Positive,"Solid product, does what it says.",Yes,13
01-19-2023,R000185,S004,P0108,Furniture,West,C02606,5,Positive,Fast delivery and great value for money.,Yes,1
01-19-2023,R000695,S005,P0122,Furniture,East,C02223,3,Neutral,Fair quality for the price paid.,Yes,9
01-19-2023,R000981,S004,P0145,Toys,North,C02792,4,Positive,"Works well, decent quality for the price.",Yes,20
01-19-2023,R001653,S004,P0136,Electronics,West,C00480,5,Positive,"Excellent quality, exceeded my expectations!",No,20
01-19-2023,R002228,S005,P0090,Groceries,West,C00359,5,Positive,"Absolutely love this product, will buy again.",No,37
01-19-2023,R004919,S003,P0191,Toys,West,C02713,5,Positive,"Absolutely love this product, will buy again.",Yes,27
01-20-2023,R000396,S001,P0094,Groceries,South,C02136,3,Neutral,Fair quality for the price paid.,Yes,2
01-20-2023,R001838,S003,P0186,Groceries,South,C01583,3,Neutral,"Average product, nothing special.",Yes,17
01-20-2023,R001968,S003,P0117,Toys,West,C02346,4,Positive,"Solid product, does what it says.",Yes,17
01-20-2023,R002401,S002,P0018,Clothing,West,C02823,3,Neutral,"Average product, nothing special.",No,9
01-20-2023,R002786,S005,P0097,Furniture,North,C02317,4,Positive,"Good value, would recommend to others.",Yes,15
01-20-2023,R002946,S003,P0141,Clothing,East,C02052,4,Positive,"Works well, decent quality for the price.",Yes,9
01-20-2023,R003804,S001,P0057,Furniture,North,C00630,3,Neutral,Fair quality for the price paid.,Yes,11
01-20-2023,R004178,S002,P0186,Groceries,South,C00297,4,Positive,"Works well, decent quality for the price.",No,18
01-20-2023,R004887,S003,P0023,Groceries,West,C00274,4,Positive,"Solid product, does what it says.",Yes,2
01-20-2023,R005131,S003,P0076,Electronics,North,C00244,2,Negative,Disappointed with the product performance.,Yes,5
01-20-2023,R005406,S003,P0046,Groceries,West,C01775,5,Positive,Best purchase I've made this year.,Yes,11
01-21-2023,R000733,S004,P0051,Groceries,East,C01015,5,Positive,"Highly recommend, works perfectly.",Yes,19
01-21-2023,R000738,S005,P0149,Electronics,East,C01240,5,Positive,"Excellent quality, exceeded my expectations!",Yes,8
01-21-2023,R001535,S005,P0104,Electronics,North,C02919,3,Neutral,"Average product, nothing special.",Yes,8
01-21-2023,R002263,S002,P0039,Groceries,East,C02601,5,Positive,"Highly recommend, works perfectly.",Yes,4
01-21-2023,R002671,S001,P0185,Clothing,East,C02172,5,Positive,Best purchase I've made this year.,Yes,26
01-21-2023,R002939,S001,P0197,Electronics,West,C02573,1,Negative,"Terrible experience, would not buy again.",Yes,29
01-21-2023,R003576,S001,P0037,Furniture,West,C00132,2,Negative,Disappointed with the product performance.,Yes,12
01-21-2023,R003583,S002,P0200,Furniture,North,C00223,2,Negative,"Not very satisfied, quality could improve.",Yes,18
01-21-2023,R004303,S005,P0149,Electronics,East,C02466,2,Negative,"Not very satisfied, quality could improve.",Yes,17
01-21-2023,R004996,S001,P0075,Furniture,South,C02815,5,Positive,"Absolutely love this product, will buy again.",Yes,32
01-21-2023,R005206,S001,P0066,Clothing,East,C01993,4,Positive,Pretty happy with this purchase.,No,10
01-21-2023,R005515,S002,P0018,Clothing,South,C02301,5,Positive,"Excellent quality, exceeded my expectations!",Yes,5
01-21-2023,R005859,S001,P0093,Electronics,North,C01189,5,Positive,"Excellent quality, exceeded my expectations!",Yes,30
01-21-2023,R005863,S001,P0102,Toys,South,C00090,5,Positive,"Excellent quality, exceeded my expectations!",Yes,20
01-22-2023,R001311,S003,P0052,Toys,West,C00913,1,Negative,"Waste of money, poor quality.",Yes,39
01-22-2023,R002195,S002,P0080,Groceries,West,C02086,4,Positive,"Good product overall, minor issues but satisfied.",Yes,14
01-22-2023,R003780,S005,P0127,Furniture,North,C02038,4,Positive,"Good product overall, minor issues but satisfied.",Yes,4
01-22-2023,R003958,S003,P0015,Furniture,West,C02979,5,Positive,"Excellent quality, exceeded my expectations!",Yes,48
01-22-2023,R004045,S005,P0118,Clothing,West,C01482,5,Positive,"Excellent quality, exceeded my expectations!",Yes,38
01-22-2023,R004154,S002,P0008,Electronics,West,C01843,5,Positive,"Absolutely love this product, will buy again.",Yes,47
01-23-2023,R000081,S003,P0085,Furniture,North,C00321,5,Positive,"Excellent quality, exceeded my expectations!",Yes,22
01-23-2023,R000597,S003,P0029,Groceries,East,C02605,5,Positive,Best purchase I've made this year.,Yes,36
01-23-2023,R000604,S003,P0164,Groceries,North,C01277,5,Positive,Fast delivery and great value for money.,Yes,22
01-23-2023,R001208,S002,P0129,Groceries,North,C02763,2,Negative,Poor packaging and average product.,Yes,2
01-23-2023,R002391,S001,P0141,Clothing,North,C00758,5,Positive,Best purchase I've made this year.,Yes,30
01-23-2023,R002851,S003,P0090,Groceries,South,C01079,5,Positive,Best purchase I've made this year.,No,31
01-23-2023,R003012,S005,P0128,Furniture,East,C02966,5,Positive,"Excellent quality, exceeded my expectations!",Yes,39
01-23-2023,R003040,S001,P0103,Toys,East,C00883,4,Positive,"Good product overall, minor issues but satisfied.",Yes,9
01-23-2023,R004307,S005,P0045,Toys,North,C01474,4,Positive,"Works well, decent quality for the price.",Yes,18
01-23-2023,R005516,S002,P0012,Clothing,South,C02325,5,Positive,Fast delivery and great value for money.,Yes,40
01-24-2023,R000405,S004,P0135,Furniture,North,C00442,4,Positive,"Good product overall, minor issues but satisfied.",Yes,14
01-24-2023,R000499,S001,P0003,Furniture,West,C00836,4,Positive,"Good product overall, minor issues but satisfied.",No,17
01-24-2023,R000821,S005,P0023,Groceries,West,C01819,4,Positive,"Solid product, does what it says.",No,8
01-24-2023,R001256,S001,P0066,Clothing,West,C02105,5,Positive,"Absolutely love this product, will buy again.",Yes,10
01-24-2023,R002314,S003,P0027,Toys,East,C01070,2,Negative,"Would not recommend, had problems.",No,3
01-24-2023,R002578,S004,P0063,Furniture,North,C00842,3,Neutral,"Neutral experience, neither good nor bad.",Yes,9
01-24-2023,R005855,S004,P0040,Toys,North,C01058,5,Positive,Fast delivery and great value for money.,Yes,44
01-25-2023,R000391,S002,P0162,Toys,North,C01612,4,Positive,"Good product overall, minor issues but satisfied.",No,8
01-25-2023,R000563,S004,P0197,Electronics,South,C02621,5,Positive,"Absolutely love this product, will buy again.",Yes,17
01-25-2023,R000599,S004,P0079,Toys,East,C02748,5,Positive,Fast delivery and great value for money.,Yes,22
01-25-2023,R001840,S001,P0156,Groceries,West,C00128,5,Positive,"Absolutely love this product, will buy again.",No,14
01-25-2023,R001903,S004,P0162,Toys,East,C01045,5,Positive,"Absolutely love this product, will buy again.",Yes,50
01-25-2023,R005105,S002,P0063,Furniture,South,C01904,5,Positive,"Highly recommend, works perfectly.",Yes,18
01-26-2023,R000480,S003,P0034,Groceries,North,C02917,4,Positive,Pretty happy with this purchase.,Yes,19
01-26-2023,R002316,S003,P0007,Toys,North,C02831,5,Positive,Fast delivery and great value for money.,Yes,36
01-26-2023,R002399,S002,P0120,Clothing,East,C01789,5,Positive,Best purchase I've made this year.,Yes,43
01-26-2023,R003569,S002,P0113,Clothing,South,C01885,5,Positive,Fast delivery and great value for money.,No,33
01-26-2023,R004032,S005,P0030,Furniture,East,C01262,3,Neutral,"Average product, nothing special.",Yes,7
01-27-2023,R000501,S001,P0026,Groceries,East,C01870,1,Negative,"Product arrived damaged, very unhappy.",Yes,40
01-27-2023,R002010,S004,P0094,Groceries,South,C01707,2,Negative,"Not very satisfied, quality could improve.",Yes,10
01-27-2023,R003459,S005,P0061,Furniture,East,C01973,1,Negative,"Very disappointed, product did not work.",Yes,7
01-27-2023,R003807,S003,P0181,Toys,West,C02301,5,Positive,"Excellent quality, exceeded my expectations!",Yes,10
01-27-2023,R004180,S004,P0157,Groceries,East,C02181,3,Neutral,"Average product, nothing special.",Yes,1
01-27-2023,R005117,S004,P0035,Clothing,East,C02609,4,Positive,"Good product overall, minor issues but satisfied.",Yes,3
01-27-2023,R005293,S001,P0138,Clothing,West,C00140,5,Positive,"Excellent quality, exceeded my expectations!",Yes,12
01-28-2023,R001821,S005,P0004,Toys,West,C00135,5,Positive,Fast delivery and great value for money.,Yes,25
01-28-2023,R001823,S005,P0078,Toys,West,C01453,4,Positive,"Solid product, does what it says.",No,10
01-28-2023,R002879,S004,P0044,Clothing,South,C01353,1,Negative,"Worst purchase, do not recommend.",Yes,42
01-28-2023,R003340,S005,P0138,Clothing,West,C00858,3,Neutral,Fair quality for the price paid.,Yes,2
01-28-2023,R004459,S001,P0172,Toys,South,C01876,2,Negative,"Would not recommend, had problems.",No,20
01-28-2023,R004751,S002,P0014,Toys,North,C02982,2,Negative,"Would not recommend, had problems.",No,8
01-28-2023,R004942,S005,P0110,Toys,South,C00813,5,Positive,Best purchase I've made this year.,Yes,24
01-28-2023,R005192,S004,P0058,Groceries,North,C02431,5,Positive,"Excellent quality, exceeded my expectations!",Yes,10
01-29-2023,R000498,S002,P0112,Electronics,East,C00877,5,Positive,"Excellent quality, exceeded my expectations!",Yes,34
01-29-2023,R002292,S002,P0118,Clothing,West,C02149,4,Positive,"Solid product, does what it says.",Yes,8
01-29-2023,R002462,S005,P0067,Clothing,West,C00072,3,Neutral,"Neutral experience, neither good nor bad.",No,15
01-29-2023,R002999,S002,P0175,Clothing,North,C01272,2,Negative,Disappointed with the product performance.,Yes,7
01-29-2023,R003872,S004,P0006,Groceries,South,C00637,1,Negative,"Terrible experience, would not buy again.",Yes,25
01-29-2023,R004001,S004,P0159,Clothing,West,C00942,4,Positive,Pretty happy with this purchase.,No,13
01-29-2023,R005378,S003,P0001,Electronics,West,C01935,5,Positive,Fast delivery and great value for money.,No,35
01-30-2023,R000212,S004,P0139,Clothing,West,C00257,4,Positive,Pretty happy with this purchase.,Yes,18
01-30-2023,R000661,S005,P0141,Clothing,East,C01302,5,Positive,"Excellent quality, exceeded my expectations!",Yes,7
01-30-2023,R000962,S001,P0024,Toys,West,C00506,5,Positive,"Highly recommend, works perfectly.",Yes,45
01-30-2023,R000989,S002,P0145,Toys,North,C00168,4,Positive,"Solid product, does what it says.",Yes,19
01-30-2023,R003871,S005,P0022,Toys,North,C01356,3,Neutral,"Neutral experience, neither good nor bad.",Yes,4
01-30-2023,R004696,S005,P0115,Toys,East,C01495,5,Positive,"Excellent quality, exceeded my expectations!",Yes,6
01-30-2023,R005435,S004,P0141,Clothing,East,C01372,5,Positive,Best purchase I've made this year.,Yes,22
01-31-2023,R000448,S005,P0077,Groceries,West,C00951,5,Positive,Fast delivery and great value for money.,Yes,37
01-31-2023,R002101,S003,P0075,Furniture,North,C02392,3,Neutral,"It's okay, met basic expectations.",Yes,17
01-31-2023,R003397,S002,P0004,Toys,East,C00772,5,Positive,Fast delivery and great value for money.,Yes,45
01-31-2023,R004429,S003,P0152,Clothing,East,C01238,5,Positive,Best purchase I've made this year.,Yes,18
01-31-2023,R004984,S002,P0099,Toys,South,C00575,3,Neutral,Decent but could be better.,Yes,4
01-31-2023,R005689,S005,P0038,Clothing,East,C00310,5,Positive,Fast delivery and great value for money.,Yes,18
02-01-2023,R001190,S003,P0197,Electronics,East,C02807,5,Positive,"Absolutely love this product, will buy again.",Yes,9
02-01-2023,R001878,S004,P0179,Electronics,West,C02055,5,Positive,"Highly recommend, works perfectly.",Yes,0
02-01-2023,R002071,S001,P0173,Clothing,West,C01232,4,Positive,"Good value, would recommend to others.",Yes,20
02-01-2023,R002106,S002,P0057,Furniture,East,C00888,5,Positive,Best purchase I've made this year.,Yes,48
02-01-2023,R002162,S004,P0069,Toys,West,C02427,2,Negative,Poor packaging and average product.,Yes,12
02-01-2023,R003191,S005,P0183,Toys,North,C02288,5,Positive,"Excellent quality, exceeded my expectations!",Yes,2
02-01-2023,R003226,S003,P0021,Furniture,North,C00855,4,Positive,"Works well, decent quality for the price.",Yes,12
02-01-2023,R004784,S005,P0048,Clothing,East,C02153,3,Neutral,"Neutral experience, neither good nor bad.",Yes,12
02-02-2023,R001004,S005,P0091,Electronics,West,C02113,3,Neutral,"Average product, nothing special.",Yes,16
02-02-2023,R001051,S003,P0018,Clothing,East,C02241,4,Positive,"Good value, would recommend to others.",Yes,17
02-02-2023,R002241,S004,P0125,Toys,West,C02491,5,Positive,Best purchase I've made this year.,Yes,34
02-02-2023,R002406,S002,P0182,Toys,South,C00571,4,Positive,"Good product overall, minor issues but satisfied.",Yes,11
02-02-2023,R002986,S003,P0082,Clothing,North,C02814,4,Positive,"Works well, decent quality for the price.",Yes,11
02-02-2023,R003257,S001,P0128,Furniture,West,C02293,3,Neutral,Fair quality for the price paid.,Yes,0
02-02-2023,R003512,S004,P0143,Clothing,West,C02664,5,Positive,"Absolutely love this product, will buy again.",Yes,38
02-02-2023,R003964,S003,P0124,Furniture,West,C02003,1,Negative,"Worst purchase, do not recommend.",Yes,20
02-02-2023,R004403,S002,P0063,Furniture,North,C02131,5,Positive,"Excellent quality, exceeded my expectations!",Yes,24
02-02-2023,R004690,S004,P0039,Groceries,East,C01965,5,Positive,"Absolutely love this product, will buy again.",Yes,43
02-02-2023,R005668,S004,P0165,Furniture,East,C01791,4,Positive,"Good value, would recommend to others.",Yes,7
02-02-2023,R005802,S005,P0061,Furniture,East,C01330,5,Positive,"Absolutely love this product, will buy again.",Yes,34
02-03-2023,R000271,S004,P0092,Electronics,West,C01856,4,Positive,Pretty happy with this purchase.,No,2
02-03-2023,R001274,S001,P0151,Toys,North,C00011,4,Positive,"Good value, would recommend to others.",No,19
02-03-2023,R002253,S003,P0003,Furniture,North,C01770,5,Positive,"Highly recommend, works perfectly.",No,20
02-03-2023,R002352,S004,P0109,Electronics,West,C01529,1,Negative,"Terrible experience, would not buy again.",Yes,46
02-03-2023,R002651,S003,P0176,Furniture,West,C00235,5,Positive,Fast delivery and great value for money.,Yes,40
02-03-2023,R002863,S003,P0126,Clothing,East,C01312,5,Positive,"Excellent quality, exceeded my expectations!",No,31
02-03-2023,R005041,S001,P0004,Toys,South,C01359,5,Positive,Fast delivery and great value for money.,Yes,11
02-03-2023,R005887,S001,P0063,Furniture,North,C02791,3,Neutral,Decent but could be better.,Yes,19
02-04-2023,R000056,S005,P0020,Groceries,South,C00198,2,Negative,Disappointed with the product performance.,Yes,1
02-04-2023,R000225,S001,P0096,Groceries,North,C00977,4,Positive,"Good value, would recommend to others.",Yes,0
02-04-2023,R000455,S003,P0086,Furniture,East,C01440,4,Positive,"Works well, decent quality for the price.",No,19
02-04-2023,R001411,S002,P0007,Toys,West,C02891,5,Positive,"Highly recommend, works perfectly.",Yes,25
02-04-2023,R002306,S005,P0067,Clothing,East,C02849,3,Neutral,Decent but could be better.,Yes,2
02-04-2023,R003067,S001,P0196,Electronics,South,C01502,5,Positive,"Excellent quality, exceeded my expectations!",Yes,15
02-04-2023,R003277,S004,P0088,Toys,West,C02473,5,Positive,Fast delivery and great value for money.,Yes,41
02-04-2023,R003656,S005,P0061,Furniture,West,C02188,5,Positive,"Highly recommend, works perfectly.",Yes,6
02-04-2023,R004106,S001,P0172,Toys,East,C00703,5,Positive,"Excellent quality, exceeded my expectations!",Yes,38
02-04-2023,R004367,S002,P0178,Toys,East,C00928,5,Positive,Best purchase I've made this year.,Yes,11
02-05-2023,R000068,S005,P0120,Clothing,North,C00917,5,Positive,"Excellent quality, exceeded my expectations!",Yes,33
02-05-2023,R000457,S005,P0003,Furniture,West,C01008,2,Negative,"Not very satisfied, quality could improve.",Yes,8
02-05-2023,R000978,S001,P0121,Clothing,South,C02688,3,Neutral,Decent but could be better.,Yes,7
02-05-2023,R001134,S005,P0197,Electronics,South,C00574,5,Positive,Fast delivery and great value for money.,Yes,12
02-05-2023,R002413,S004,P0090,Groceries,South,C01664,5,Positive,"Excellent quality, exceeded my expectations!",Yes,7
02-05-2023,R003045,S005,P0110,Toys,North,C02561,5,Positive,"Excellent quality, exceeded my expectations!",Yes,13
02-05-2023,R003552,S002,P0040,Toys,East,C00540,5,Positive,"Highly recommend, works perfectly.",Yes,27
02-05-2023,R003890,S005,P0043,Groceries,South,C01562,3,Neutral,"Neutral experience, neither good nor bad.",Yes,19
02-05-2023,R004197,S005,P0103,Toys,South,C00351,4,Positive,Pretty happy with this purchase.,Yes,15
02-05-2023,R004606,S003,P0137,Furniture,South,C01957,2,Negative,"Below expectations, had some issues.",Yes,3
02-05-2023,R005416,S004,P0069,Toys,East,C01128,4,Positive,"Good value, would recommend to others.",Yes,18
02-05-2023,R005966,S002,P0063,Furniture,West,C02484,4,Positive,Pretty happy with this purchase.,Yes,7
02-05-2023,R005967,S001,P0124,Furniture,North,C01106,4,Positive,"Works well, decent quality for the price.",No,17
02-06-2023,R000020,S004,P0081,Furniture,West,C00300,3,Neutral,"Neutral experience, neither good nor bad.",Yes,9
02-06-2023,R000705,S004,P0048,Clothing,North,C00468,3,Neutral,Decent but could be better.,Yes,10
02-06-2023,R000750,S002,P0080,Groceries,North,C01806,5,Positive,"Highly recommend, works perfectly.",Yes,37
02-06-2023,R000776,S004,P0176,Furniture,North,C02664,5,Positive,"Highly recommend, works perfectly.",Yes,42
02-06-2023,R000824,S002,P0079,Toys,North,C01330,4,Positive,Pretty happy with this purchase.,Yes,14
02-06-2023,R002331,S003,P0143,Clothing,East,C00060,3,Neutral,Fair quality for the price paid.,Yes,3
02-06-2023,R003839,S002,P0043,Groceries,South,C02575,3,Neutral,"Average product, nothing special.",Yes,20
02-06-2023,R004217,S005,P0127,Furniture,North,C00723,3,Neutral,"Neutral experience, neither good nor bad.",Yes,12
02-06-2023,R004739,S004,P0100,Electronics,East,C02183,4,Positive,Pretty happy with this purchase.,Yes,3
02-06-2023,R004791,S002,P0183,Toys,East,C02626,2,Negative,Disappointed with the product performance.,Yes,8
02-06-2023,R005521,S002,P0054,Toys,South,C02995,2,Negative,"Would not recommend, had problems.",Yes,13
02-07-2023,R001410,S003,P0022,Toys,South,C00021,5,Positive,Best purchase I've made this year.,Yes,16
02-07-2023,R002221,S002,P0189,Groceries,South,C01566,3,Neutral,"Neutral experience, neither good nor bad.",No,4
02-07-2023,R002831,S001,P0142,Clothing,East,C02471,4,Positive,"Good value, would recommend to others.",Yes,3
02-07-2023,R003859,S004,P0185,Clothing,South,C02858,5,Positive,Best purchase I've made this year.,Yes,10
02-07-2023,R004418,S004,P0041,Groceries,West,C00175,2,Negative,"Not very satisfied, quality could improve.",Yes,13
02-07-2023,R004556,S004,P0136,Electronics,West,C00863,5,Positive,"Highly recommend, works perfectly.",No,7
02-07-2023,R005502,S004,P0135,Furniture,North,C00610,5,Positive,"Highly recommend, works perfectly.",No,18
02-08-2023,R000453,S004,P0159,Clothing,West,C01111,5,Positive,"Excellent quality, exceeded my expectations!",Yes,28
02-08-2023,R000456,S003,P0128,Furniture,South,C02485,1,Negative,"Worst purchase, do not recommend.",Yes,10
02-08-2023,R001244,S004,P0185,Clothing,East,C00374,3,Neutral,"Neutral experience, neither good nor bad.",Yes,16
02-08-2023,R002739,S005,P0005,Toys,South,C02115,2,Negative,"Not very satisfied, quality could improve.",No,5
02-08-2023,R004442,S003,P0146,Furniture,East,C00368,4,Positive,"Solid product, does what it says.",No,20
02-08-2023,R004988,S001,P0163,Furniture,East,C00125,5,Positive,"Excellent quality, exceeded my expectations!",Yes,5
02-08-2023,R005600,S002,P0111,Furniture,North,C00098,4,Positive,"Good value, would recommend to others.",Yes,9
02-09-2023,R004502,S003,P0199,Electronics,South,C01131,5,Positive,"Highly recommend, works perfectly.",Yes,21
02-09-2023,R004543,S003,P0145,Toys,North,C01715,1,Negative,"Waste of money, poor quality.",No,36
02-09-2023,R005047,S003,P0051,Groceries,East,C01687,1,Negative,"Product arrived damaged, very unhappy.",Yes,16
02-09-2023,R005575,S005,P0099,Toys,South,C01702,5,Positive,"Highly recommend, works perfectly.",Yes,46
02-09-2023,R005807,S003,P0045,Toys,South,C01858,3,Neutral,"Average product, nothing special.",Yes,8
02-09-2023,R005824,S002,P0134,Electronics,West,C01621,5,Positive,Best purchase I've made this year.,Yes,25
02-10-2023,R000734,S001,P0058,Groceries,West,C01891,5,Positive,Fast delivery and great value for money.,Yes,32
02-10-2023,R001365,S003,P0119,Electronics,East,C00316,4,Positive,"Good value, would recommend to others.",Yes,18
02-10-2023,R001789,S002,P0039,Groceries,East,C00457,4,Positive,"Good product overall, minor issues but satisfied.",Yes,5
02-10-2023,R002427,S002,P0106,Furniture,East,C02720,3,Neutral,Decent but could be better.,Yes,16
02-10-2023,R003404,S003,P0139,Clothing,East,C00587,1,Negative,"Terrible experience, would not buy again.",Yes,7
02-10-2023,R004396,S003,P0167,Furniture,West,C01984,3,Neutral,"Neutral experience, neither good nor bad.",Yes,15
02-10-2023,R005785,S002,P0176,Furniture,South,C00655,4,Positive,"Solid product, does what it says.",Yes,7
02-11-2023,R000581,S003,P0134,Electronics,South,C01293,5,Positive,"Highly recommend, works perfectly.",Yes,3
02-11-2023,R001692,S005,P0097,Furniture,South,C02664,3,Neutral,"Average product, nothing special.",Yes,8
02-11-2023,R002088,S001,P0054,Toys,South,C00714,4,Positive,"Good product overall, minor issues but satisfied.",No,17
02-11-2023,R002661,S004,P0129,Groceries,South,C02031,5,Positive,Fast delivery and great value for money.,Yes,39
02-11-2023,R002790,S001,P0140,Toys,South,C02129,3,Neutral,"Average product, nothing special.",Yes,3
02-11-2023,R003078,S001,P0192,Clothing,East,C02004,4,Positive,"Good value, would recommend to others.",Yes,9
02-11-2023,R003335,S002,P0072,Groceries,West,C00971,3,Neutral,"Average product, nothing special.",Yes,15
02-11-2023,R004662,S002,P0048,Clothing,North,C02483,5,Positive,"Highly recommend, works perfectly.",Yes,12
02-11-2023,R004723,S005,P0055,Groceries,North,C01239,3,Neutral,"It's okay, met basic expectations.",Yes,18
02-11-2023,R005008,S005,P0160,Groceries,West,C00910,5,Positive,Best purchase I've made this year.,No,37
02-11-2023,R005026,S001,P0192,Clothing,East,C01739,5,Positive,Fast delivery and great value for money.,No,17
02-11-2023,R005901,S001,P0187,Toys,West,C00161,5,Positive,"Excellent quality, exceeded my expectations!",No,49
02-12-2023,R000022,S004,P0042,Electronics,East,C02112,5,Positive,Best purchase I've made this year.,Yes,26
02-12-2023,R000055,S001,P0051,Groceries,West,C01038,2,Negative,Disappointed with the product performance.,Yes,12
02-12-2023,R001833,S005,P0179,Electronics,East,C01953,4,Positive,"Works well, decent quality for the price.",Yes,6
02-12-2023,R002776,S003,P0114,Groceries,East,C00936,5,Positive,"Highly recommend, works perfectly.",Yes,47
02-12-2023,R004036,S001,P0089,Groceries,South,C02749,4,Positive,Pretty happy with this purchase.,Yes,17
02-12-2023,R004834,S005,P0039,Groceries,North,C02101,3,Neutral,Decent but could be better.,Yes,0
02-12-2023,R005078,S002,P0058,Groceries,North,C01644,5,Positive,"Excellent quality, exceeded my expectations!",Yes,35
02-12-2023,R005097,S004,P0007,Toys,North,C01102,5,Positive,"Highly recommend, works perfectly.",Yes,3
02-12-2023,R005424,S003,P0136,Electronics,South,C00780,5,Positive,"Excellent quality, exceeded my expectations!",Yes,44
02-13-2023,R001086,S002,P0124,Furniture,North,C02713,3,Neutral,Decent but could be better.,Yes,0
02-13-2023,R001288,S003,P0125,Toys,North,C02145,5,Positive,Fast delivery and great value for money.,Yes,19
02-13-2023,R002440,S004,P0068,Clothing,West,C02919,3,Neutral,"Average product, nothing special.",Yes,11
02-13-2023,R002666,S001,P0154,Groceries,South,C02218,4,Positive,"Good value, would recommend to others.",Yes,6
02-13-2023,R003532,S004,P0097,Furniture,West,C00056,5,Positive,"Highly recommend, works perfectly.",Yes,16
02-13-2023,R003677,S003,P0133,Groceries,North,C01168,4,Positive,Pretty happy with this purchase.,Yes,4
02-14-2023,R000920,S003,P0060,Electronics,South,C01822,3,Neutral,"Average product, nothing special.",No,17
02-14-2023,R001006,S001,P0087,Toys,West,C02608,5,Positive,"Highly recommend, works perfectly.",Yes,3
02-14-2023,R001300,S004,P0110,Toys,North,C00721,3,Neutral,Decent but could be better.,Yes,14
02-14-2023,R001566,S005,P0141,Clothing,East,C01856,5,Positive,"Excellent quality, exceeded my expectations!",No,9
02-14-2023,R001736,S002,P0077,Groceries,West,C00351,5,Positive,"Absolutely love this product, will buy again.",No,50
02-14-2023,R002347,S002,P0001,Electronics,South,C02631,5,Positive,"Absolutely love this product, will buy again.",Yes,16
02-14-2023,R002693,S005,P0144,Clothing,North,C01218,1,Negative,"Terrible experience, would not buy again.",Yes,6
02-14-2023,R003150,S001,P0071,Electronics,South,C01152,5,Positive,"Highly recommend, works perfectly.",Yes,40
02-14-2023,R003511,S004,P0020,Groceries,West,C02618,3,Neutral,Decent but could be better.,No,15
02-14-2023,R003817,S002,P0186,Groceries,North,C00841,2,Negative,"Would not recommend, had problems.",Yes,0
02-14-2023,R004947,S003,P0053,Groceries,East,C01589,5,Positive,Best purchase I've made this year.,Yes,29
02-14-2023,R005343,S001,P0174,Toys,West,C00890,5,Positive,"Absolutely love this product, will buy again.",Yes,19
02-15-2023,R000327,S005,P0159,Clothing,West,C02961,3,Neutral,"Average product, nothing special.",Yes,19
02-15-2023,R000368,S001,P0008,Electronics,East,C02056,5,Positive,"Highly recommend, works perfectly.",Yes,49
02-15-2023,R000817,S001,P0033,Toys,East,C01677,4,Positive,"Good product overall, minor issues but satisfied.",Yes,3
02-15-2023,R001215,S003,P0109,Electronics,South,C02985,3,Neutral,"It's okay, met basic expectations.",Yes,12
02-15-2023,R001487,S002,P0159,Clothing,East,C02887,5,Positive,"Excellent quality, exceeded my expectations!",Yes,19
02-15-2023,R002489,S001,P0030,Furniture,North,C00155,5,Positive,"Absolutely love this product, will buy again.",Yes,50
02-15-2023,R002622,S003,P0049,Electronics,East,C01797,3,Neutral,"Average product, nothing special.",Yes,18
02-15-2023,R003704,S001,P0025,Clothing,South,C00763,4,Positive,"Solid product, does what it says.",Yes,14
02-15-2023,R004885,S005,P0172,Toys,South,C00301,5,Positive,"Absolutely love this product, will buy again.",Yes,38
02-15-2023,R004977,S005,P0181,Toys,West,C01844,5,Positive,"Highly recommend, works perfectly.",Yes,43
02-15-2023,R005239,S004,P0094,Groceries,South,C00278,2,Negative,Poor packaging and average product.,Yes,15
02-15-2023,R005654,S001,P0117,Toys,North,C01826,5,Positive,"Excellent quality, exceeded my expectations!",Yes,15
02-15-2023,R005781,S002,P0074,Electronics,North,C01497,4,Positive,"Works well, decent quality for the price.",Yes,14
02-15-2023,R005840,S002,P0035,Clothing,North,C01827,4,Positive,"Good value, would recommend to others.",Yes,17
02-16-2023,R000506,S002,P0057,Furniture,West,C01695,1,Negative,"Worst purchase, do not recommend.",Yes,9
02-16-2023,R000548,S001,P0174,Toys,East,C00955,5,Positive,Best purchase I've made this year.,Yes,23
02-16-2023,R002254,S001,P0119,Electronics,South,C01014,4,Positive,"Solid product, does what it says.",Yes,5
02-16-2023,R002330,S002,P0185,Clothing,East,C00528,5,Positive,"Excellent quality, exceeded my expectations!",No,33
02-16-2023,R003619,S002,P0062,Groceries,East,C02013,5,Positive,Best purchase I've made this year.,Yes,48
02-16-2023,R003846,S005,P0120,Clothing,South,C02464,4,Positive,"Works well, decent quality for the price.",No,4
02-16-2023,R005035,S001,P0018,Clothing,West,C01031,4,Positive,"Works well, decent quality for the price.",Yes,12
02-17-2023,R000180,S005,P0043,Groceries,West,C02608,3,Neutral,Fair quality for the price paid.,Yes,6
02-17-2023,R001055,S005,P0072,Groceries,West,C02883,1,Negative,"Waste of money, poor quality.",Yes,35
02-17-2023,R001347,S001,P0196,Electronics,South,C02821,3,Neutral,Decent but could be better.,Yes,4
02-17-2023,R003386,S003,P0084,Clothing,East,C01852,5,Positive,"Absolutely love this product, will buy again.",Yes,30
02-17-2023,R004025,S001,P0017,Toys,North,C00773,5,Positive,Fast delivery and great value for money.,Yes,29
02-17-2023,R005549,S003,P0158,Electronics,South,C00598,4,Positive,"Good value, would recommend to others.",Yes,17
02-18-2023,R000623,S001,P0091,Electronics,North,C02644,5,Positive,Best purchase I've made this year.,Yes,36
02-18-2023,R000869,S002,P0129,Groceries,North,C00980,5,Positive,"Excellent quality, exceeded my expectations!",Yes,41
02-18-2023,R000890,S004,P0102,Toys,East,C01743,3,Neutral,"Average product, nothing special.",Yes,20
02-18-2023,R000911,S003,P0195,Clothing,South,C00289,4,Positive,"Works well, decent quality for the price.",Yes,9
02-18-2023,R002583,S002,P0089,Groceries,East,C01682,5,Positive,Best purchase I've made this year.,Yes,10
02-18-2023,R003361,S005,P0175,Clothing,West,C00917,4,Positive,"Good value, would recommend to others.",Yes,10
02-18-2023,R004761,S003,P0030,Furniture,North,C01071,5,Positive,"Excellent quality, exceeded my expectations!",Yes,44
02-18-2023,R005300,S001,P0100,Electronics,West,C00648,5,Positive,Best purchase I've made this year.,Yes,36
02-19-2023,R000104,S002,P0002,Clothing,North,C00466,2,Negative,"Would not recommend, had problems.",Yes,12
02-19-2023,R000292,S004,P0162,Toys,East,C02068,5,Positive,Best purchase I've made this year.,Yes,28
02-19-2023,R000336,S002,P0013,Toys,South,C00873,5,Positive,"Highly recommend, works perfectly.",Yes,7
02-19-2023,R001149,S003,P0170,Furniture,East,C02385,3,Neutral,Fair quality for the price paid.,Yes,4
02-19-2023,R001157,S001,P0024,Toys,North,C02469,3,Neutral,"Average product, nothing special.",Yes,2
02-19-2023,R001291,S001,P0058,Groceries,West,C02457,5,Positive,"Absolutely love this product, will buy again.",No,9
02-19-2023,R001590,S003,P0117,Toys,South,C02036,5,Positive,"Absolutely love this product, will buy again.",Yes,0
02-19-2023,R001811,S003,P0101,Furniture,North,C01359,4,Positive,"Good value, would recommend to others.",Yes,9
02-19-2023,R002767,S001,P0158,Electronics,South,C00031,4,Positive,"Good product overall, minor issues but satisfied.",Yes,20
02-19-2023,R002982,S005,P0153,Furniture,East,C02426,5,Positive,"Absolutely love this product, will buy again.",Yes,9
02-19-2023,R003090,S005,P0086,Furniture,East,C02298,2,Negative,Poor packaging and average product.,No,16
02-19-2023,R003498,S001,P0120,Clothing,East,C00744,2,Negative,Disappointed with the product performance.,Yes,2
02-19-2023,R004443,S005,P0200,Furniture,East,C02382,5,Positive,"Highly recommend, works perfectly.",Yes,50
02-19-2023,R005778,S003,P0039,Groceries,West,C00129,5,Positive,"Excellent quality, exceeded my expectations!",Yes,2
02-20-2023,R000132,S002,P0061,Furniture,East,C00051,5,Positive,"Excellent quality, exceeded my expectations!",Yes,42
02-20-2023,R000247,S002,P0139,Clothing,East,C02740,2,Negative,"Below expectations, had some issues.",Yes,12
02-20-2023,R000352,S003,P0016,Furniture,South,C02064,3,Neutral,"Neutral experience, neither good nor bad.",Yes,7
02-20-2023,R000720,S003,P0060,Electronics,East,C00675,3,Neutral,"Neutral experience, neither good nor bad.",Yes,11
02-20-2023,R001053,S004,P0012,Clothing,West,C02886,4,Positive,"Works well, decent quality for the price.",Yes,20
02-20-2023,R001853,S004,P0003,Furniture,East,C00068,3,Neutral,"Average product, nothing special.",No,8
02-20-2023,R003128,S005,P0193,Groceries,East,C02290,4,Positive,"Good value, would recommend to others.",Yes,9
02-20-2023,R003718,S005,P0019,Toys,South,C02957,3,Neutral,"It's okay, met basic expectations.",Yes,14
02-20-2023,R004058,S005,P0180,Groceries,North,C02810,3,Neutral,Fair quality for the price paid.,Yes,4
02-20-2023,R004237,S003,P0028,Groceries,East,C00051,4,Positive,"Good product overall, minor issues but satisfied.",Yes,7
02-20-2023,R004406,S001,P0131,Clothing,West,C00278,5,Positive,"Excellent quality, exceeded my expectations!",Yes,21
02-20-2023,R004550,S003,P0184,Groceries,South,C00568,4,Positive,"Good value, would recommend to others.",Yes,11
02-20-2023,R005089,S004,P0146,Furniture,East,C01507,4,Positive,"Solid product, does what it says.",Yes,10
02-20-2023,R005462,S003,P0102,Toys,East,C00990,4,Positive,"Good product overall, minor issues but satisfied.",Yes,19
02-21-2023,R000689,S003,P0042,Electronics,North,C00541,4,Positive,"Good product overall, minor issues but satisfied.",Yes,13
02-21-2023,R001174,S005,P0126,Clothing,South,C02834,5,Positive,Fast delivery and great value for money.,Yes,14
02-21-2023,R001279,S002,P0143,Clothing,South,C00300,5,Positive,Fast delivery and great value for money.,Yes,47
02-21-2023,R001928,S001,P0083,Electronics,East,C01201,4,Positive,"Good product overall, minor issues but satisfied.",Yes,9
02-21-2023,R002487,S005,P0089,Groceries,West,C01840,4,Positive,Pretty happy with this purchase.,Yes,19
02-21-2023,R004781,S004,P0160,Groceries,South,C01153,5,Positive,"Excellent quality, exceeded my expectations!",No,26
02-21-2023,R004835,S001,P0030,Furniture,South,C02372,5,Positive,Best purchase I've made this year.,Yes,27
02-21-2023,R005043,S004,P0141,Clothing,North,C02089,2,Negative,"Below expectations, had some issues.",Yes,6
02-22-2023,R000454,S005,P0062,Groceries,West,C01539,5,Positive,"Excellent quality, exceeded my expectations!",Yes,11
02-22-2023,R003937,S002,P0101,Furniture,East,C00157,3,Neutral,"Average product, nothing special.",Yes,3
02-22-2023,R004962,S005,P0128,Furniture,West,C00821,2,Negative,"Would not recommend, had problems.",Yes,8
02-23-2023,R000488,S002,P0171,Furniture,West,C01350,3,Neutral,Fair quality for the price paid.,Yes,8
02-23-2023,R000930,S005,P0067,Clothing,South,C00308,5,Positive,"Excellent quality, exceeded my expectations!",No,16
02-23-2023,R000936,S005,P0144,Clothing,East,C02223,5,Positive,"Excellent quality, exceeded my expectations!",Yes,36
02-23-2023,R002333,S001,P0197,Electronics,West,C00552,4,Positive,"Good product overall, minor issues but satisfied.",Yes,0
02-23-2023,R002340,S002,P0091,Electronics,South,C02213,4,Positive,"Good product overall, minor issues but satisfied.",Yes,16
02-23-2023,R003228,S001,P0017,Toys,West,C02563,2,Negative,Disappointed with the product performance.,Yes,15
02-23-2023,R004434,S001,P0118,Clothing,South,C01289,4,Positive,"Good value, would recommend to others.",Yes,7
02-23-2023,R005366,S002,P0052,Toys,East,C01931,4,Positive,Pretty happy with this purchase.,No,15
02-24-2023,R001239,S001,P0023,Groceries,South,C02611,2,Negative,"Not very satisfied, quality could improve.",Yes,10
02-24-2023,R001462,S002,P0131,Clothing,West,C00419,5,Positive,"Excellent quality, exceeded my expectations!",No,6
02-24-2023,R002789,S005,P0197,Electronics,West,C01725,4,Positive,Pretty happy with this purchase.,Yes,13
02-24-2023,R003484,S001,P0141,Clothing,East,C00076,4,Positive,"Good product overall, minor issues but satisfied.",Yes,12
02-24-2023,R004218,S002,P0059,Furniture,South,C02400,5,Positive,"Highly recommend, works perfectly.",Yes,45
02-24-2023,R004563,S005,P0192,Clothing,North,C00550,5,Positive,"Highly recommend, works perfectly.",Yes,40
02-24-2023,R005363,S004,P0025,Clothing,South,C02964,5,Positive,Fast delivery and great value for money.,Yes,46
02-24-2023,R005753,S003,P0167,Furniture,East,C01671,4,Positive,"Good product overall, minor issues but satisfied.",Yes,2
02-25-2023,R000827,S002,P0179,Electronics,West,C01271,5,Positive,"Absolutely love this product, will buy again.",Yes,26
02-25-2023,R001587,S004,P0068,Clothing,East,C02961,5,Positive,Fast delivery and great value for money.,Yes,43
02-25-2023,R002480,S005,P0200,Furniture,East,C00069,4,Positive,"Good value, would recommend to others.",No,14
02-25-2023,R002963,S002,P0040,Toys,North,C01856,5,Positive,"Highly recommend, works perfectly.",Yes,34
02-25-2023,R003547,S005,P0013,Toys,South,C02175,5,Positive,"Excellent quality, exceeded my expectations!",Yes,28
02-25-2023,R003674,S004,P0056,Clothing,West,C01866,4,Positive,"Good product overall, minor issues but satisfied.",Yes,10
02-25-2023,R004021,S005,P0045,Toys,East,C00460,4,Positive,"Works well, decent quality for the price.",Yes,0
02-25-2023,R004708,S001,P0010,Toys,East,C01103,2,Negative,"Would not recommend, had problems.",Yes,13
02-25-2023,R004735,S002,P0038,Clothing,North,C00174,2,Negative,Poor packaging and average product.,Yes,7
02-25-2023,R004865,S002,P0096,Groceries,West,C02335,5,Positive,Best purchase I've made this year.,No,0
02-26-2023,R000741,S002,P0131,Clothing,East,C01590,5,Positive,Best purchase I've made this year.,Yes,6
02-26-2023,R001359,S002,P0031,Toys,North,C00127,4,Positive,"Works well, decent quality for the price.",No,4
02-26-2023,R001408,S001,P0151,Toys,West,C00564,4,Positive,"Good product overall, minor issues but satisfied.",Yes,16
02-26-2023,R001626,S005,P0135,Furniture,East,C00666,5,Positive,"Highly recommend, works perfectly.",Yes,19
02-26-2023,R001711,S005,P0154,Groceries,East,C01094,2,Negative,Poor packaging and average product.,No,7
02-26-2023,R001719,S003,P0098,Toys,North,C01024,5,Positive,"Highly recommend, works perfectly.",Yes,26
02-26-2023,R001790,S003,P0008,Electronics,South,C00268,5,Positive,"Excellent quality, exceeded my expectations!",No,18
02-26-2023,R002286,S003,P0077,Groceries,East,C00865,5,Positive,Fast delivery and great value for money.,Yes,42
02-26-2023,R003218,S005,P0058,Groceries,North,C02944,5,Positive,"Absolutely love this product, will buy again.",Yes,17
02-26-2023,R005132,S004,P0014,Toys,North,C01268,5,Positive,Best purchase I've made this year.,Yes,18
02-26-2023,R005624,S003,P0017,Toys,East,C01229,4,Positive,Pretty happy with this purchase.,Yes,4
02-26-2023,R005678,S004,P0091,Electronics,West,C00912,1,Negative,"Very disappointed, product did not work.",Yes,30
02-27-2023,R000433,S002,P0107,Electronics,South,C01473,5,Positive,"Absolutely love this product, will buy again.",Yes,5
02-27-2023,R000551,S001,P0146,Furniture,South,C00001,3,Neutral,"It's okay, met basic expectations.",Yes,8
02-27-2023,R002216,S003,P0194,Furniture,North,C01660,2,Negative,"Would not recommend, had problems.",No,12
02-27-2023,R002471,S002,P0136,Electronics,North,C01118,5,Positive,"Excellent quality, exceeded my expectations!",No,5
02-27-2023,R002649,S001,P0156,Groceries,East,C02693,5,Positive,Best purchase I've made this year.,Yes,44
02-27-2023,R003322,S002,P0125,Toys,South,C00076,5,Positive,"Absolutely love this product, will buy again.",No,11
02-27-2023,R003360,S001,P0092,Electronics,East,C01914,5,Positive,Fast delivery and great value for money.,Yes,2
02-27-2023,R003493,S004,P0144,Clothing,East,C00003,3,Neutral,"Average product, nothing special.",Yes,20
02-27-2023,R005208,S001,P0068,Clothing,North,C02279,4,Positive,Pretty happy with this purchase.,Yes,13
02-27-2023,R005533,S003,P0069,Toys,East,C00688,4,Positive,"Solid product, does what it says.",Yes,20
02-28-2023,R000826,S001,P0071,Electronics,North,C01750,4,Positive,"Works well, decent quality for the price.",Yes,14
02-28-2023,R001112,S001,P0020,Groceries,East,C02912,4,Positive,"Works well, decent quality for the price.",Yes,16
02-28-2023,R001401,S004,P0143,Clothing,West,C02525,5,Positive,"Absolutely love this product, will buy again.",Yes,32
02-28-2023,R002011,S004,P0019,Toys,East,C02950,4,Positive,Pretty happy with this purchase.,Yes,4
02-28-2023,R003113,S004,P0025,Clothing,North,C01123,5,Positive,"Excellent quality, exceeded my expectations!",Yes,24
02-28-2023,R003213,S005,P0093,Electronics,East,C02741,5,Positive,"Highly recommend, works perfectly.",Yes,9
02-28-2023,R003567,S004,P0084,Clothing,West,C01535,4,Positive,"Works well, decent quality for the price.",Yes,6
02-28-2023,R003874,S001,P0153,Furniture,West,C00628,1,Negative,"Terrible experience, would not buy again.",Yes,27
02-28-2023,R003989,S005,P0151,Toys,North,C01063,5,Positive,"Excellent quality, exceeded my expectations!",Yes,6
02-28-2023,R004388,S004,P0156,Groceries,West,C02508,5,Positive,Best purchase I've made this year.,Yes,22
02-28-2023,R005201,S001,P0074,Electronics,South,C01179,5,Positive,Best purchase I've made this year.,Yes,2
03-01-2023,R000958,S005,P0149,Electronics,East,C00337,1,Negative,"Very disappointed, product did not work.",Yes,14
03-02-2023,R001491,S004,P0036,Electronics,North,C02279,2,Negative,"Not very satisfied, quality could improve.",Yes,12
03-02-2023,R001544,S003,P0070,Groceries,North,C00354,4,Positive,"Good value, would recommend to others.",Yes,0
03-02-2023,R002013,S002,P0060,Electronics,South,C01602,4,Positive,"Works well, decent quality for the price.",Yes,4
03-02-2023,R002898,S002,P0168,Furniture,West,C00122,2,Negative,Disappointed with the product performance.,Yes,4
03-02-2023,R003111,S004,P0015,Furniture,West,C00836,4,Positive,"Works well, decent quality for the price.",Yes,16
03-02-2023,R003398,S004,P0089,Groceries,South,C01230,5,Positive,"Absolutely love this product, will buy again.",Yes,20
03-02-2023,R003801,S001,P0025,Clothing,East,C01683,5,Positive,"Excellent quality, exceeded my expectations!",Yes,13
03-02-2023,R004555,S003,P0027,Toys,North,C00528,1,Negative,"Product arrived damaged, very unhappy.",Yes,29
03-02-2023,R004644,S004,P0029,Groceries,West,C01622,3,Neutral,"Average product, nothing special.",Yes,11
03-02-2023,R005899,S002,P0194,Furniture,West,C01083,1,Negative,"Product arrived damaged, very unhappy.",No,47
03-03-2023,R000709,S003,P0004,Toys,East,C00985,5,Positive,Best purchase I've made this year.,Yes,27
03-03-2023,R001355,S002,P0050,Toys,West,C02665,5,Positive,Best purchase I've made this year.,Yes,33
03-03-2023,R001393,S004,P0135,Furniture,North,C02704,5,Positive,Best purchase I've made this year.,Yes,32
03-03-2023,R002595,S005,P0195,Clothing,West,C01112,4,Positive,"Good product overall, minor issues but satisfied.",Yes,16
03-03-2023,R002676,S004,P0097,Furniture,North,C00610,5,Positive,Fast delivery and great value for money.,Yes,36
03-03-2023,R003152,S005,P0102,Toys,East,C02698,4,Positive,"Works well, decent quality for the price.",No,14
03-03-2023,R003406,S003,P0037,Furniture,East,C00562,3,Neutral,"Average product, nothing special.",Yes,0
03-03-2023,R003688,S002,P0184,Groceries,North,C00065,2,Negative,"Below expectations, had some issues.",Yes,15
03-03-2023,R003854,S002,P0125,Toys,South,C00207,4,Positive,Pretty happy with this purchase.,Yes,7
03-03-2023,R004292,S001,P0002,Clothing,West,C01107,3,Neutral,Fair quality for the price paid.,Yes,6
03-03-2023,R005593,S004,P0165,Furniture,South,C01824,4,Positive,"Good product overall, minor issues but satisfied.",Yes,8
03-03-2023,R005637,S005,P0015,Furniture,South,C02328,5,Positive,"Excellent quality, exceeded my expectations!",Yes,50
03-04-2023,R000029,S003,P0160,Groceries,East,C00449,5,Positive,"Absolutely love this product, will buy again.",No,16
03-04-2023,R000103,S001,P0080,Groceries,South,C01491,4,Positive,"Good product overall, minor issues but satisfied.",Yes,12
03-04-2023,R000621,S004,P0113,Clothing,North,C01931,4,Positive,Pretty happy with this purchase.,Yes,15
03-04-2023,R001308,S003,P0068,Clothing,West,C02778,4,Positive,Pretty happy with this purchase.,Yes,12
03-04-2023,R001540,S005,P0099,Toys,North,C01304,1,Negative,"Terrible experience, would not buy again.",Yes,3
03-04-2023,R001889,S004,P0072,Groceries,South,C02453,5,Positive,Fast delivery and great value for money.,Yes,34
03-04-2023,R004822,S003,P0034,Groceries,South,C00263,2,Negative,Poor packaging and average product.,Yes,11
03-04-2023,R004918,S004,P0102,Toys,West,C02267,5,Positive,Fast delivery and great value for money.,Yes,32
03-04-2023,R005596,S004,P0138,Clothing,North,C01328,3,Neutral,"Neutral experience, neither good nor bad.",Yes,9
03-04-2023,R005913,S001,P0047,Groceries,South,C00445,5,Positive,"Excellent quality, exceeded my expectations!",Yes,24
03-05-2023,R001550,S002,P0044,Clothing,South,C01946,5,Positive,"Excellent quality, exceeded my expectations!",Yes,43
03-05-2023,R003243,S004,P0158,Electronics,South,C00500,1,Negative,"Very disappointed, product did not work.",Yes,6
03-05-2023,R003292,S004,P0025,Clothing,North,C00093,4,Positive,"Good product overall, minor issues but satisfied.",Yes,7
03-05-2023,R004061,S004,P0005,Toys,North,C01631,4,Positive,"Good value, would recommend to others.",Yes,13
03-05-2023,R004452,S004,P0138,Clothing,West,C01675,3,Neutral,Fair quality for the price paid.,Yes,1
03-05-2023,R005984,S003,P0056,Clothing,West,C02405,5,Positive,Best purchase I've made this year.,Yes,32
03-06-2023,R000387,S004,P0039,Groceries,North,C00586,3,Neutral,"Neutral experience, neither good nor bad.",No,20
03-06-2023,R002037,S001,P0030,Furniture,East,C01745,5,Positive,Fast delivery and great value for money.,Yes,16
03-06-2023,R003383,S002,P0155,Electronics,North,C01440,4,Positive,"Works well, decent quality for the price.",Yes,4
03-06-2023,R004225,S001,P0112,Electronics,West,C01501,1,Negative,"Worst purchase, do not recommend.",Yes,37
03-06-2023,R004249,S005,P0082,Clothing,East,C02054,5,Positive,"Absolutely love this product, will buy again.",Yes,6
03-06-2023,R004431,S005,P0087,Toys,North,C02332,3,Neutral,Decent but could be better.,No,5
03-06-2023,R004694,S003,P0158,Electronics,West,C01960,4,Positive,Pretty happy with this purchase.,Yes,15
03-06-2023,R005052,S005,P0037,Furniture,West,C01263,3,Neutral,"It's okay, met basic expectations.",Yes,2
03-06-2023,R005402,S003,P0168,Furniture,North,C01454,5,Positive,"Absolutely love this product, will buy again.",No,8
03-06-2023,R005757,S005,P0037,Furniture,South,C01522,4,Positive,"Works well, decent quality for the price.",Yes,16
03-07-2023,R000082,S001,P0144,Clothing,East,C01772,4,Positive,Pretty happy with this purchase.,Yes,15
03-07-2023,R002650,S005,P0113,Clothing,East,C02063,5,Positive,Best purchase I've made this year.,Yes,38
03-07-2023,R003408,S003,P0185,Clothing,North,C00046,5,Positive,Fast delivery and great value for money.,Yes,38
03-07-2023,R004143,S002,P0013,Toys,South,C01850,5,Positive,"Absolutely love this product, will buy again.",Yes,10
03-07-2023,R004202,S004,P0193,Groceries,North,C01215,3,Neutral,Fair quality for the price paid.,No,6
03-08-2023,R001222,S005,P0031,Toys,East,C02955,2,Negative,"Below expectations, had some issues.",No,19
03-08-2023,R001674,S002,P0162,Toys,West,C01203,3,Neutral,Fair quality for the price paid.,Yes,15
03-08-2023,R001868,S004,P0097,Furniture,East,C02682,4,Positive,"Solid product, does what it says.",Yes,3
03-08-2023,R002226,S004,P0133,Groceries,East,C00869,2,Negative,"Not very satisfied, quality could improve.",Yes,2
03-08-2023,R002373,S001,P0024,Toys,South,C02919,5,Positive,"Absolutely love this product, will buy again.",Yes,46
03-08-2023,R002430,S005,P0063,Furniture,North,C02391,4,Positive,"Works well, decent quality for the price.",Yes,10
03-08-2023,R004008,S003,P0011,Groceries,East,C01883,2,Negative,Poor packaging and average product.,Yes,18
03-08-2023,R004505,S005,P0123,Furniture,West,C00476,5,Positive,"Highly recommend, works perfectly.",Yes,35
03-08-2023,R005531,S003,P0049,Electronics,North,C01326,4,Positive,Pretty happy with this purchase.,Yes,14
03-08-2023,R005617,S001,P0066,Clothing,East,C01692,3,Neutral,"Average product, nothing special.",No,2
03-09-2023,R000251,S001,P0094,Groceries,West,C01329,4,Positive,"Good product overall, minor issues but satisfied.",Yes,16
03-09-2023,R001743,S005,P0113,Clothing,North,C00799,3,Neutral,Decent but could be better.,Yes,18
03-09-2023,R002310,S003,P0010,Toys,East,C01352,1,Negative,"Terrible experience, would not buy again.",Yes,47
03-09-2023,R004042,S001,P0045,Toys,South,C01287,3,Neutral,"Neutral experience, neither good nor bad.",No,13
03-09-2023,R004246,S004,P0072,Groceries,East,C01059,1,Negative,"Very disappointed, product did not work.",Yes,13
03-09-2023,R004283,S002,P0190,Toys,South,C02991,4,Positive,"Works well, decent quality for the price.",Yes,15
03-10-2023,R000321,S004,P0188,Electronics,East,C02381,1,Negative,"Worst purchase, do not recommend.",Yes,9
03-10-2023,R000578,S005,P0137,Furniture,South,C00938,3,Neutral,"Average product, nothing special.",Yes,7
03-10-2023,R000945,S004,P0048,Clothing,North,C02458,5,Positive,"Excellent quality, exceeded my expectations!",No,35
03-10-2023,R001003,S002,P0058,Groceries,West,C01326,5,Positive,"Excellent quality, exceeded my expectations!",Yes,4
03-10-2023,R001315,S002,P0006,Groceries,North,C01772,4,Positive,Pretty happy with this purchase.,Yes,11
03-10-2023,R002886,S004,P0004,Toys,West,C01011,4,Positive,"Good value, would recommend to others.",Yes,17
03-10-2023,R004312,S002,P0118,Clothing,South,C01062,4,Positive,"Good value, would recommend to others.",Yes,19
03-10-2023,R004643,S002,P0158,Electronics,North,C00661,5,Positive,Fast delivery and great value for money.,Yes,49
03-11-2023,R000422,S002,P0015,Furniture,East,C01203,5,Positive,Best purchase I've made this year.,Yes,37
03-11-2023,R000439,S004,P0160,Groceries,West,C00346,5,Positive,"Excellent quality, exceeded my expectations!",Yes,13
03-11-2023,R002252,S002,P0140,Toys,West,C02776,5,Positive,"Excellent quality, exceeded my expectations!",Yes,38
03-11-2023,R002799,S001,P0111,Furniture,South,C02409,1,Negative,"Terrible experience, would not buy again.",Yes,13
03-11-2023,R003116,S003,P0155,Electronics,West,C00720,4,Positive,Pretty happy with this purchase.,Yes,2
03-11-2023,R003293,S002,P0148,Clothing,North,C02062,5,Positive,"Absolutely love this product, will buy again.",Yes,32
03-11-2023,R005305,S003,P0013,Toys,North,C02721,3,Neutral,"Neutral experience, neither good nor bad.",Yes,3
03-12-2023,R000374,S003,P0077,Groceries,North,C00642,5,Positive,"Highly recommend, works perfectly.",Yes,49
03-12-2023,R000863,S002,P0187,Toys,West,C02165,1,Negative,"Very disappointed, product did not work.",Yes,46
03-12-2023,R001270,S001,P0130,Electronics,South,C01499,4,Positive,"Works well, decent quality for the price.",Yes,14
03-12-2023,R002564,S002,P0077,Groceries,West,C02245,3,Neutral,"It's okay, met basic expectations.",Yes,7
03-12-2023,R002769,S003,P0132,Furniture,East,C02032,1,Negative,"Worst purchase, do not recommend.",Yes,48
03-12-2023,R003229,S001,P0196,Electronics,West,C01497,5,Positive,"Excellent quality, exceeded my expectations!",Yes,30
03-12-2023,R003703,S001,P0094,Groceries,East,C00806,5,Positive,Best purchase I've made this year.,Yes,36
03-12-2023,R003946,S001,P0121,Clothing,West,C01524,5,Positive,"Absolutely love this product, will buy again.",Yes,42
03-12-2023,R004725,S005,P0143,Clothing,West,C00375,5,Positive,"Absolutely love this product, will buy again.",Yes,0
03-13-2023,R000091,S001,P0019,Toys,South,C00395,4,Positive,"Works well, decent quality for the price.",Yes,14
03-13-2023,R000175,S002,P0124,Furniture,West,C01467,3,Neutral,Decent but could be better.,Yes,9
03-13-2023,R002892,S001,P0091,Electronics,West,C01148,3,Neutral,Decent but could be better.,Yes,3
03-13-2023,R004248,S005,P0132,Furniture,North,C01595,3,Neutral,"It's okay, met basic expectations.",Yes,13
03-13-2023,R004851,S003,P0036,Electronics,East,C01349,2,Negative,"Would not recommend, had problems.",Yes,16
03-13-2023,R005590,S004,P0164,Groceries,South,C00133,4,Positive,Pretty happy with this purchase.,Yes,8
03-14-2023,R001348,S005,P0059,Furniture,South,C00569,5,Positive,"Absolutely love this product, will buy again.",Yes,35
03-14-2023,R001552,S005,P0083,Electronics,West,C00587,5,Positive,"Absolutely love this product, will buy again.",Yes,26
03-14-2023,R001798,S002,P0087,Toys,South,C02170,4,Positive,"Good value, would recommend to others.",Yes,17
03-14-2023,R001834,S002,P0021,Furniture,North,C02355,5,Positive,"Highly recommend, works perfectly.",Yes,22
03-14-2023,R003865,S004,P0193,Groceries,North,C00929,4,Positive,"Good product overall, minor issues but satisfied.",Yes,14
03-14-2023,R004753,S004,P0159,Clothing,West,C00240,2,Negative,Disappointed with the product performance.,Yes,11
03-14-2023,R005050,S003,P0175,Clothing,East,C00763,5,Positive,"Absolutely love this product, will buy again.",Yes,28
03-15-2023,R000306,S005,P0200,Furniture,East,C00179,4,Positive,"Works well, decent quality for the price.",No,17
03-15-2023,R001324,S003,P0039,Groceries,West,C00682,2,Negative,"Below expectations, had some issues.",No,1
03-15-2023,R002707,S005,P0174,Toys,East,C02053,2,Negative,"Would not recommend, had problems.",Yes,20
03-15-2023,R003066,S003,P0166,Furniture,North,C01413,5,Positive,Best purchase I've made this year.,Yes,36
03-15-2023,R004185,S005,P0175,Clothing,North,C02893,5,Positive,Fast delivery and great value for money.,Yes,13
03-15-2023,R004385,S005,P0120,Clothing,South,C02563,4,Positive,Pretty happy with this purchase.,Yes,6
03-16-2023,R001614,S002,P0135,Furniture,South,C01642,5,Positive,Best purchase I've made this year.,Yes,14
03-16-2023,R001723,S005,P0094,Groceries,West,C01758,2,Negative,"Not very satisfied, quality could improve.",Yes,1
03-16-2023,R001725,S001,P0171,Furniture,East,C01092,4,Positive,"Good product overall, minor issues but satisfied.",Yes,9
03-16-2023,R003416,S004,P0137,Furniture,West,C01928,2,Negative,"Would not recommend, had problems.",Yes,7
03-16-2023,R004015,S004,P0050,Toys,South,C02942,4,Positive,"Solid product, does what it says.",Yes,8
03-16-2023,R004140,S001,P0010,Toys,East,C01054,4,Positive,"Good value, would recommend to others.",Yes,5
03-16-2023,R004807,S001,P0196,Electronics,East,C00339,3,Neutral,"Average product, nothing special.",Yes,14
03-16-2023,R005381,S004,P0198,Groceries,North,C02766,4,Positive,"Solid product, does what it says.",Yes,18
03-16-2023,R005854,S003,P0146,Furniture,East,C01473,5,Positive,Fast delivery and great value for money.,No,28
03-16-2023,R005948,S005,P0069,Toys,South,C01180,1,Negative,"Product arrived damaged, very unhappy.",No,26
03-17-2023,R000694,S005,P0048,Clothing,West,C00488,4,Positive,Pretty happy with this purchase.,Yes,14
03-17-2023,R001890,S002,P0184,Groceries,North,C01650,4,Positive,"Good value, would recommend to others.",Yes,11
03-17-2023,R002312,S002,P0164,Groceries,North,C01580,3,Neutral,"It's okay, met basic expectations.",No,1
03-17-2023,R002345,S003,P0011,Groceries,South,C02538,5,Positive,Best purchase I've made this year.,Yes,40
03-17-2023,R002586,S002,P0184,Groceries,East,C02805,5,Positive,"Highly recommend, works perfectly.",Yes,41
03-17-2023,R003250,S001,P0063,Furniture,West,C01766,5,Positive,"Highly recommend, works perfectly.",Yes,29
03-17-2023,R003694,S003,P0160,Groceries,East,C02447,5,Positive,"Absolutely love this product, will buy again.",Yes,4
03-17-2023,R003711,S003,P0105,Groceries,West,C02296,5,Positive,"Highly recommend, works perfectly.",Yes,50
03-17-2023,R003725,S003,P0120,Clothing,East,C02944,5,Positive,Best purchase I've made this year.,Yes,33
03-17-2023,R003868,S005,P0166,Furniture,South,C00473,3,Neutral,"It's okay, met basic expectations.",Yes,19
03-17-2023,R005482,S005,P0104,Electronics,South,C01639,3,Neutral,"It's okay, met basic expectations.",Yes,8
03-18-2023,R000196,S005,P0165,Furniture,West,C00162,4,Positive,"Solid product, does what it says.",Yes,13
03-18-2023,R000403,S005,P0066,Clothing,South,C00531,5,Positive,"Highly recommend, works perfectly.",No,12
03-18-2023,R000516,S001,P0047,Groceries,South,C01035,4,Positive,"Works well, decent quality for the price.",Yes,11
03-18-2023,R000753,S001,P0004,Toys,South,C00790,4,Positive,"Works well, decent quality for the price.",Yes,4
03-18-2023,R000983,S004,P0057,Furniture,West,C01692,4,Positive,"Good value, would recommend to others.",Yes,9
03-18-2023,R001693,S001,P0193,Groceries,South,C00511,5,Positive,Fast delivery and great value for money.,Yes,42
03-18-2023,R002043,S002,P0091,Electronics,West,C00480,1,Negative,"Worst purchase, do not recommend.",Yes,2
03-18-2023,R002150,S002,P0027,Toys,North,C01739,1,Negative,"Product arrived damaged, very unhappy.",Yes,14
03-18-2023,R002407,S002,P0009,Groceries,West,C01355,2,Negative,Poor packaging and average product.,Yes,20
03-18-2023,R002872,S005,P0141,Clothing,East,C02082,4,Positive,Pretty happy with this purchase.,No,10
03-18-2023,R003534,S004,P0091,Electronics,East,C01264,4,Positive,"Good value, would recommend to others.",Yes,8
03-19-2023,R000033,S004,P0140,Toys,North,C02817,1,Negative,"Terrible experience, would not buy again.",Yes,14
03-19-2023,R000067,S003,P0006,Groceries,East,C02406,5,Positive,Best purchase I've made this year.,Yes,4
03-19-2023,R000126,S004,P0132,Furniture,South,C02001,2,Negative,"Below expectations, had some issues.",Yes,20
03-19-2023,R000799,S005,P0154,Groceries,West,C01924,5,Positive,"Highly recommend, works perfectly.",No,48
03-19-2023,R001793,S001,P0016,Furniture,East,C01437,5,Positive,"Absolutely love this product, will buy again.",Yes,10
03-19-2023,R002868,S001,P0034,Groceries,South,C02915,5,Positive,"Excellent quality, exceeded my expectations!",Yes,3
03-19-2023,R003014,S005,P0043,Groceries,West,C01180,5,Positive,Best purchase I've made this year.,No,41
03-19-2023,R003981,S002,P0071,Electronics,West,C01189,2,Negative,Disappointed with the product performance.,Yes,12
03-19-2023,R004026,S005,P0035,Clothing,North,C02279,4,Positive,"Works well, decent quality for the price.",Yes,5
03-19-2023,R004640,S003,P0137,Furniture,South,C01996,4,Positive,"Good value, would recommend to others.",Yes,13
03-19-2023,R005202,S003,P0145,Toys,East,C00428,5,Positive,Best purchase I've made this year.,Yes,11
03-19-2023,R005320,S002,P0064,Electronics,East,C00432,3,Neutral,Fair quality for the price paid.,Yes,17
03-19-2023,R005804,S002,P0069,Toys,North,C02971,3,Neutral,"Average product, nothing special.",Yes,6
03-20-2023,R000609,S002,P0098,Toys,West,C01341,2,Negative,"Below expectations, had some issues.",Yes,10
03-20-2023,R001057,S002,P0082,Clothing,West,C01687,5,Positive,Best purchase I've made this year.,Yes,21
03-20-2023,R002643,S004,P0174,Toys,East,C00428,5,Positive,Best purchase I've made this year.,Yes,16
03-20-2023,R002849,S005,P0054,Toys,North,C01672,3,Neutral,Decent but could be better.,Yes,14
03-20-2023,R003867,S005,P0107,Electronics,East,C01093,3,Neutral,"Neutral experience, neither good nor bad.",No,6
03-20-2023,R003919,S004,P0061,Furniture,East,C02439,5,Positive,"Absolutely love this product, will buy again.",No,46
03-21-2023,R000012,S002,P0055,Groceries,West,C02053,5,Positive,Fast delivery and great value for money.,Yes,37
03-21-2023,R000788,S002,P0075,Furniture,South,C01521,5,Positive,"Highly recommend, works perfectly.",Yes,2
03-21-2023,R001307,S004,P0188,Electronics,West,C02809,5,Positive,"Absolutely love this product, will buy again.",Yes,13
03-21-2023,R001822,S002,P0061,Furniture,West,C02853,5,Positive,Fast delivery and great value for money.,Yes,18
03-21-2023,R001958,S002,P0038,Clothing,North,C01622,5,Positive,Fast delivery and great value for money.,Yes,3
03-21-2023,R002134,S002,P0060,Electronics,South,C01523,5,Positive,"Absolutely love this product, will buy again.",No,3
03-21-2023,R002945,S004,P0101,Furniture,North,C01218,5,Positive,"Excellent quality, exceeded my expectations!",Yes,32
03-21-2023,R003254,S002,P0103,Toys,North,C00509,1,Negative,"Waste of money, poor quality.",Yes,36
03-21-2023,R003650,S004,P0112,Electronics,North,C00862,5,Positive,"Excellent quality, exceeded my expectations!",No,12
03-21-2023,R005007,S004,P0167,Furniture,South,C01190,1,Negative,"Waste of money, poor quality.",Yes,42
03-21-2023,R005354,S001,P0040,Toys,West,C00524,5,Positive,Best purchase I've made this year.,Yes,5
03-22-2023,R001539,S002,P0106,Furniture,East,C00705,5,Positive,"Absolutely love this product, will buy again.",Yes,26
03-22-2023,R002297,S002,P0010,Toys,East,C02846,4,Positive,"Solid product, does what it says.",Yes,11
03-22-2023,R002328,S001,P0046,Groceries,North,C00083,4,Positive,Pretty happy with this purchase.,Yes,3
03-22-2023,R002737,S001,P0196,Electronics,West,C00639,2,Negative,"Not very satisfied, quality could improve.",Yes,20
03-22-2023,R003117,S005,P0132,Furniture,South,C01971,4,Positive,"Solid product, does what it says.",Yes,9
03-22-2023,R003953,S005,P0076,Electronics,North,C00792,5,Positive,"Highly recommend, works perfectly.",Yes,41
03-23-2023,R000148,S005,P0198,Groceries,West,C02204,5,Positive,"Excellent quality, exceeded my expectations!",Yes,45
03-23-2023,R000268,S005,P0097,Furniture,East,C01327,5,Positive,Fast delivery and great value for money.,No,38
03-23-2023,R001361,S004,P0190,Toys,North,C01076,5,Positive,"Absolutely love this product, will buy again.",Yes,13
03-23-2023,R003239,S004,P0063,Furniture,West,C02107,3,Neutral,"It's okay, met basic expectations.",Yes,3
03-23-2023,R003653,S005,P0013,Toys,West,C02090,4,Positive,"Works well, decent quality for the price.",Yes,3
03-23-2023,R003985,S005,P0107,Electronics,West,C01520,4,Positive,Pretty happy with this purchase.,Yes,19
03-23-2023,R005174,S003,P0018,Clothing,South,C02462,4,Positive,"Good product overall, minor issues but satisfied.",Yes,19
03-23-2023,R005646,S005,P0022,Toys,East,C01174,2,Negative,"Would not recommend, had problems.",Yes,19
03-23-2023,R005943,S004,P0158,Electronics,South,C00714,4,Positive,"Good value, would recommend to others.",Yes,13
03-24-2023,R000984,S003,P0182,Toys,North,C01832,3,Neutral,"Average product, nothing special.",Yes,16
03-24-2023,R003188,S003,P0130,Electronics,West,C01656,4,Positive,"Works well, decent quality for the price.",Yes,17
03-24-2023,R003751,S005,P0159,Clothing,South,C02770,3,Neutral,Decent but could be better.,Yes,11
03-24-2023,R004842,S002,P0081,Furniture,East,C02564,2,Negative,Poor packaging and average product.,Yes,8
03-24-2023,R004970,S002,P0004,Toys,West,C00469,5,Positive,Fast delivery and great value for money.,Yes,7
03-24-2023,R005048,S002,P0059,Furniture,West,C00085,5,Positive,"Absolutely love this product, will buy again.",Yes,9
03-24-2023,R005704,S005,P0141,Clothing,West,C02441,2,Negative,Disappointed with the product performance.,Yes,15
03-25-2023,R000812,S005,P0084,Clothing,East,C02893,2,Negative,Disappointed with the product performance.,Yes,4
03-25-2023,R000953,S003,P0005,Toys,North,C00646,5,Positive,"Excellent quality, exceeded my expectations!",Yes,43
03-25-2023,R002127,S003,P0009,Groceries,West,C02014,5,Positive,"Absolutely love this product, will buy again.",Yes,2
03-25-2023,R002932,S004,P0102,Toys,South,C00486,4,Positive,"Solid product, does what it says.",Yes,14
03-25-2023,R003216,S003,P0192,Clothing,East,C00539,3,Neutral,"It's okay, met basic expectations.",Yes,2
03-25-2023,R005638,S003,P0145,Toys,East,C02943,4,Positive,Pretty happy with this purchase.,Yes,5
03-26-2023,R000417,S003,P0052,Toys,East,C02502,3,Neutral,Fair quality for the price paid.,Yes,14
03-26-2023,R000986,S004,P0090,Groceries,North,C01386,4,Positive,"Solid product, does what it says.",Yes,4
03-26-2023,R001114,S005,P0046,Groceries,East,C00328,5,Positive,Best purchase I've made this year.,Yes,2
03-26-2023,R002151,S004,P0175,Clothing,East,C00022,5,Positive,"Highly recommend, works perfectly.",Yes,32
03-26-2023,R003452,S005,P0010,Toys,West,C01112,5,Positive,"Highly recommend, works perfectly.",Yes,25
03-26-2023,R003477,S004,P0005,Toys,North,C00445,5,Positive,"Excellent quality, exceeded my expectations!",Yes,44
03-26-2023,R003541,S002,P0171,Furniture,North,C02363,5,Positive,"Excellent quality, exceeded my expectations!",No,11
03-26-2023,R003578,S004,P0114,Groceries,East,C01576,5,Positive,"Absolutely love this product, will buy again.",Yes,10
03-26-2023,R004318,S002,P0151,Toys,West,C02914,2,Negative,"Below expectations, had some issues.",Yes,13
03-26-2023,R005730,S003,P0186,Groceries,East,C01759,4,Positive,"Good value, would recommend to others.",Yes,11
03-27-2023,R000284,S001,P0159,Clothing,East,C00653,5,Positive,"Excellent quality, exceeded my expectations!",No,11
03-27-2023,R001328,S001,P0052,Toys,West,C00501,5,Positive,"Excellent quality, exceeded my expectations!",Yes,5
03-27-2023,R001438,S003,P0109,Electronics,South,C01985,3,Neutral,"Neutral experience, neither good nor bad.",Yes,12
03-27-2023,R003774,S003,P0166,Furniture,South,C02080,3,Neutral,Fair quality for the price paid.,Yes,13
03-27-2023,R004398,S002,P0141,Clothing,East,C02715,4,Positive,Pretty happy with this purchase.,Yes,9
03-27-2023,R004467,S001,P0150,Electronics,East,C02167,5,Positive,"Highly recommend, works perfectly.",Yes,39
03-28-2023,R001556,S002,P0046,Groceries,East,C00139,5,Positive,"Absolutely love this product, will buy again.",Yes,29
03-28-2023,R001641,S004,P0072,Groceries,South,C00799,1,Negative,"Waste of money, poor quality.",Yes,23
03-28-2023,R001934,S001,P0058,Groceries,North,C01944,5,Positive,"Absolutely love this product, will buy again.",Yes,21
03-28-2023,R003617,S003,P0139,Clothing,North,C02188,4,Positive,"Works well, decent quality for the price.",Yes,17
03-28-2023,R003697,S001,P0112,Electronics,North,C01841,1,Negative,"Very disappointed, product did not work.",Yes,50
03-28-2023,R004636,S002,P0138,Clothing,West,C02253,5,Positive,"Excellent quality, exceeded my expectations!",Yes,12
03-28-2023,R004812,S002,P0116,Furniture,West,C01563,5,Positive,"Highly recommend, works perfectly.",Yes,37
03-28-2023,R004991,S001,P0096,Groceries,West,C02504,5,Positive,"Excellent quality, exceeded my expectations!",Yes,38
03-29-2023,R000647,S003,P0021,Furniture,North,C00147,4,Positive,"Good product overall, minor issues but satisfied.",Yes,9
03-29-2023,R001541,S004,P0174,Toys,North,C02024,3,Neutral,"Neutral experience, neither good nor bad.",Yes,1
03-29-2023,R001742,S003,P0146,Furniture,East,C01753,5,Positive,"Excellent quality, exceeded my expectations!",Yes,24
03-29-2023,R002461,S004,P0176,Furniture,South,C00391,5,Positive,"Absolutely love this product, will buy again.",Yes,50
03-29-2023,R003792,S003,P0185,Clothing,East,C02726,5,Positive,"Absolutely love this product, will buy again.",Yes,44
03-29-2023,R005708,S003,P0024,Toys,South,C02540,1,Negative,"Worst purchase, do not recommend.",Yes,47
03-29-2023,R005976,S005,P0174,Toys,West,C00379,4,Positive,"Solid product, does what it says.",Yes,10
03-30-2023,R000018,S003,P0157,Groceries,East,C02082,3,Neutral,"Neutral experience, neither good nor bad.",Yes,15
03-30-2023,R002009,S003,P0023,Groceries,South,C02765,5,Positive,"Excellent quality, exceeded my expectations!",Yes,44
03-30-2023,R002275,S002,P0199,Electronics,South,C01856,2,Negative,Disappointed with the product performance.,Yes,10
03-30-2023,R002606,S004,P0037,Furniture,North,C00997,4,Positive,"Works well, decent quality for the price.",Yes,1
03-30-2023,R002639,S003,P0079,Toys,South,C02950,3,Neutral,Decent but could be better.,Yes,1
03-30-2023,R002680,S005,P0063,Furniture,West,C00743,4,Positive,"Works well, decent quality for the price.",Yes,11
03-30-2023,R002832,S005,P0059,Furniture,South,C01943,2,Negative,"Not very satisfied, quality could improve.",Yes,14
03-30-2023,R002984,S005,P0024,Toys,West,C02358,4,Positive,"Good value, would recommend to others.",Yes,6
03-30-2023,R003022,S003,P0135,Furniture,South,C01817,5,Positive,"Excellent quality, exceeded my expectations!",No,38
03-30-2023,R003133,S001,P0172,Toys,East,C01968,5,Positive,"Highly recommend, works perfectly.",Yes,41
03-30-2023,R003385,S003,P0148,Clothing,East,C02402,4,Positive,"Good product overall, minor issues but satisfied.",Yes,16
03-30-2023,R003752,S005,P0023,Groceries,West,C00671,5,Positive,"Absolutely love this product, will buy again.",Yes,35
03-30-2023,R004424,S001,P0186,Groceries,East,C00349,3,Neutral,"It's okay, met basic expectations.",Yes,12
03-30-2023,R004832,S001,P0088,Toys,North,C00001,4,Positive,"Good value, would recommend to others.",Yes,9
03-30-2023,R005663,S002,P0192,Clothing,East,C02083,3,Neutral,"Average product, nothing special.",Yes,13
03-30-2023,R005670,S002,P0022,Toys,North,C02080,5,Positive,"Absolutely love this product, will buy again.",Yes,15
03-30-2023,R005927,S003,P0186,Groceries,South,C02470,5,Positive,"Excellent quality, exceeded my expectations!",Yes,42
03-31-2023,R000881,S004,P0030,Furniture,East,C00469,5,Positive,Fast delivery and great value for money.,Yes,45
03-31-2023,R002431,S001,P0184,Groceries,North,C02748,4,Positive,"Good value, would recommend to others.",Yes,10
03-31-2023,R003215,S004,P0096,Groceries,North,C01664,5,Positive,"Highly recommend, works perfectly.",Yes,37
03-31-2023,R003521,S003,P0196,Electronics,North,C02479,3,Neutral,"Average product, nothing special.",Yes,4
03-31-2023,R004342,S002,P0148,Clothing,West,C01163,5,Positive,"Absolutely love this product, will buy again.",Yes,18
03-31-2023,R004503,S002,P0133,Groceries,East,C01427,4,Positive,"Good product overall, minor issues but satisfied.",Yes,14
03-31-2023,R004542,S003,P0075,Furniture,West,C01378,4,Positive,"Works well, decent quality for the price.",Yes,14
03-31-2023,R005210,S005,P0139,Clothing,North,C00142,3,Neutral,Fair quality for the price paid.,Yes,14
03-31-2023,R005298,S002,P0196,Electronics,North,C00265,1,Negative,"Product arrived damaged, very unhappy.",Yes,43
04-01-2023,R000921,S005,P0079,Toys,South,C01765,4,Positive,"Works well, decent quality for the price.",Yes,3
04-01-2023,R001120,S003,P0073,Furniture,South,C02210,2,Negative,"Not very satisfied, quality could improve.",Yes,7
04-01-2023,R001290,S004,P0026,Groceries,West,C01240,1,Negative,"Terrible experience, would not buy again.",Yes,4
04-01-2023,R001306,S004,P0189,Groceries,West,C00858,4,Positive,"Good product overall, minor issues but satisfied.",Yes,9
04-01-2023,R001738,S005,P0116,Furniture,West,C00033,4,Positive,"Solid product, does what it says.",Yes,20
04-01-2023,R001994,S005,P0132,Furniture,South,C00283,4,Positive,"Solid product, does what it says.",Yes,14
04-01-2023,R002295,S003,P0161,Groceries,West,C00398,1,Negative,"Terrible experience, would not buy again.",Yes,6
04-01-2023,R003763,S005,P0066,Clothing,East,C02204,4,Positive,Pretty happy with this purchase.,Yes,8
04-01-2023,R003796,S005,P0101,Furniture,South,C02443,4,Positive,"Good value, would recommend to others.",No,16
04-01-2023,R004230,S005,P0190,Toys,North,C00543,4,Positive,Pretty happy with this purchase.,Yes,8
04-01-2023,R004741,S002,P0181,Toys,South,C01730,1,Negative,"Very disappointed, product did not work.",Yes,33
04-01-2023,R004872,S002,P0194,Furniture,North,C02226,5,Positive,"Highly recommend, works perfectly.",Yes,3
04-01-2023,R004875,S003,P0003,Furniture,West,C02153,2,Negative,"Would not recommend, had problems.",Yes,14
04-02-2023,R000638,S005,P0160,Groceries,West,C02359,3,Neutral,Fair quality for the price paid.,Yes,14
04-02-2023,R000831,S001,P0128,Furniture,East,C00231,3,Neutral,"It's okay, met basic expectations.",Yes,2
04-02-2023,R001105,S001,P0044,Clothing,North,C01082,2,Negative,Disappointed with the product performance.,Yes,12
04-02-2023,R002351,S003,P0125,Toys,South,C02288,2,Negative,"Would not recommend, had problems.",No,19
04-02-2023,R002533,S005,P0199,Electronics,North,C02175,5,Positive,"Absolutely love this product, will buy again.",Yes,45
04-02-2023,R002722,S005,P0081,Furniture,South,C00671,3,Neutral,"Neutral experience, neither good nor bad.",Yes,16
04-02-2023,R004901,S002,P0187,Toys,South,C02578,4,Positive,"Works well, decent quality for the price.",Yes,13
04-02-2023,R005410,S002,P0108,Furniture,West,C01890,5,Positive,"Excellent quality, exceeded my expectations!",Yes,20
04-03-2023,R000113,S005,P0113,Clothing,East,C02005,5,Positive,"Highly recommend, works perfectly.",Yes,28
04-03-2023,R000243,S005,P0007,Toys,East,C00917,5,Positive,"Excellent quality, exceeded my expectations!",Yes,10
04-03-2023,R004105,S002,P0118,Clothing,West,C02074,2,Negative,Poor packaging and average product.,Yes,12
04-03-2023,R004167,S004,P0137,Furniture,South,C02258,3,Neutral,"Average product, nothing special.",Yes,13
04-04-2023,R000686,S003,P0017,Toys,North,C01982,5,Positive,"Excellent quality, exceeded my expectations!",Yes,42
04-04-2023,R001250,S002,P0024,Toys,West,C00878,4,Positive,"Good product overall, minor issues but satisfied.",Yes,18
04-04-2023,R001261,S001,P0177,Clothing,North,C00390,3,Neutral,"It's okay, met basic expectations.",Yes,9
04-04-2023,R001581,S005,P0142,Clothing,East,C00366,3,Neutral,Decent but could be better.,Yes,3
04-04-2023,R002591,S005,P0050,Toys,West,C00979,1,Negative,"Very disappointed, product did not work.",Yes,15
04-04-2023,R003463,S004,P0020,Groceries,North,C00496,5,Positive,"Excellent quality, exceeded my expectations!",Yes,40
04-05-2023,R000785,S003,P0055,Groceries,West,C00511,4,Positive,"Good product overall, minor issues but satisfied.",Yes,18
04-05-2023,R002103,S005,P0031,Toys,East,C00750,5,Positive,"Absolutely love this product, will buy again.",Yes,27
04-05-2023,R002227,S003,P0151,Toys,West,C01627,3,Neutral,Decent but could be better.,No,11
04-05-2023,R002269,S004,P0159,Clothing,West,C01634,2,Negative,Poor packaging and average product.,Yes,1
04-05-2023,R003156,S002,P0138,Clothing,South,C02278,5,Positive,"Absolutely love this product, will buy again.",Yes,50
04-05-2023,R003275,S002,P0025,Clothing,North,C01759,1,Negative,"Waste of money, poor quality.",Yes,30
04-05-2023,R003657,S003,P0062,Groceries,North,C01678,5,Positive,"Highly recommend, works perfectly.",Yes,10
04-05-2023,R003824,S001,P0122,Furniture,West,C01096,1,Negative,"Waste of money, poor quality.",Yes,40
04-05-2023,R004186,S001,P0128,Furniture,West,C02140,4,Positive,"Works well, decent quality for the price.",Yes,3
04-05-2023,R004325,S004,P0180,Groceries,North,C01038,4,Positive,"Good value, would recommend to others.",Yes,8
04-06-2023,R000063,S004,P0036,Electronics,East,C01401,5,Positive,"Absolutely love this product, will buy again.",Yes,20
04-06-2023,R000283,S005,P0099,Toys,West,C02387,5,Positive,Best purchase I've made this year.,Yes,2
04-06-2023,R001482,S002,P0150,Electronics,West,C02809,5,Positive,Fast delivery and great value for money.,Yes,5
04-06-2023,R001528,S001,P0040,Toys,West,C01638,5,Positive,"Absolutely love this product, will buy again.",Yes,46
04-06-2023,R002102,S001,P0086,Furniture,East,C02296,5,Positive,Fast delivery and great value for money.,No,10
04-06-2023,R002856,S002,P0024,Toys,South,C01702,4,Positive,"Good product overall, minor issues but satisfied.",Yes,9
04-06-2023,R002915,S005,P0065,Electronics,East,C02400,2,Negative,Disappointed with the product performance.,No,20
04-06-2023,R003808,S004,P0048,Clothing,East,C02757,3,Neutral,"It's okay, met basic expectations.",Yes,6
04-06-2023,R003909,S001,P0179,Electronics,South,C00691,5,Positive,Fast delivery and great value for money.,Yes,14
04-07-2023,R000961,S002,P0080,Groceries,West,C02349,2,Negative,"Would not recommend, had problems.",Yes,18
04-07-2023,R001001,S002,P0027,Toys,South,C01552,4,Positive,"Solid product, does what it says.",Yes,5
04-07-2023,R001452,S005,P0170,Furniture,North,C00114,4,Positive,"Solid product, does what it says.",Yes,11
04-07-2023,R001492,S001,P0057,Furniture,South,C02128,4,Positive,"Works well, decent quality for the price.",Yes,18
04-07-2023,R002795,S002,P0017,Toys,West,C01371,3,Neutral,"Neutral experience, neither good nor bad.",Yes,9
04-07-2023,R003540,S001,P0094,Groceries,East,C00250,2,Negative,Disappointed with the product performance.,No,5
04-07-2023,R003879,S002,P0071,Electronics,East,C00642,4,Positive,"Good value, would recommend to others.",Yes,11
04-07-2023,R004721,S005,P0128,Furniture,East,C01417,5,Positive,"Absolutely love this product, will buy again.",Yes,24
04-07-2023,R004724,S005,P0017,Toys,East,C02100,5,Positive,"Absolutely love this product, will buy again.",Yes,13
04-07-2023,R004926,S002,P0005,Toys,North,C00662,2,Negative,Disappointed with the product performance.,Yes,15
04-08-2023,R000697,S003,P0182,Toys,South,C01477,4,Positive,"Good product overall, minor issues but satisfied.",Yes,6
04-08-2023,R002284,S004,P0128,Furniture,South,C00137,4,Positive,"Good value, would recommend to others.",Yes,12
04-08-2023,R002903,S002,P0085,Furniture,West,C00602,4,Positive,"Good product overall, minor issues but satisfied.",Yes,17
04-08-2023,R003943,S003,P0100,Electronics,South,C02045,5,Positive,Fast delivery and great value for money.,Yes,9
04-08-2023,R004562,S005,P0081,Furniture,West,C00454,5,Positive,Best purchase I've made this year.,Yes,2
04-08-2023,R004929,S001,P0021,Furniture,West,C01934,4,Positive,"Solid product, does what it says.",Yes,5
04-08-2023,R005572,S001,P0020,Groceries,West,C01517,2,Negative,"Not very satisfied, quality could improve.",Yes,2
04-08-2023,R005819,S004,P0041,Groceries,West,C02111,5,Positive,"Excellent quality, exceeded my expectations!",No,25
04-09-2023,R000576,S004,P0060,Electronics,West,C02315,3,Neutral,"Neutral experience, neither good nor bad.",Yes,0
04-09-2023,R000676,S005,P0062,Groceries,West,C00812,4,Positive,"Works well, decent quality for the price.",Yes,2
04-09-2023,R000793,S001,P0005,Toys,North,C00353,3,Neutral,Fair quality for the price paid.,Yes,4
04-09-2023,R001148,S002,P0181,Toys,North,C00464,3,Neutral,Decent but could be better.,Yes,5
04-09-2023,R003307,S004,P0042,Electronics,West,C01344,5,Positive,"Excellent quality, exceeded my expectations!",Yes,34
04-09-2023,R003770,S005,P0153,Furniture,West,C00761,4,Positive,Pretty happy with this purchase.,No,17
04-09-2023,R003818,S004,P0090,Groceries,East,C01618,5,Positive,"Highly recommend, works perfectly.",Yes,7
04-09-2023,R004829,S004,P0150,Electronics,North,C02173,3,Neutral,"Neutral experience, neither good nor bad.",Yes,9
04-09-2023,R004831,S005,P0199,Electronics,South,C00486,5,Positive,"Highly recommend, works perfectly.",Yes,16
04-09-2023,R005187,S005,P0109,Electronics,North,C02318,2,Negative,"Below expectations, had some issues.",Yes,12
04-09-2023,R005290,S004,P0018,Clothing,South,C00468,3,Neutral,Fair quality for the price paid.,Yes,20
04-10-2023,R001976,S004,P0114,Groceries,East,C02750,5,Positive,"Excellent quality, exceeded my expectations!",Yes,45
04-10-2023,R002817,S003,P0081,Furniture,North,C02621,1,Negative,"Very disappointed, product did not work.",No,21
04-10-2023,R005447,S005,P0172,Toys,South,C00557,3,Neutral,Fair quality for the price paid.,Yes,5
04-10-2023,R005614,S004,P0005,Toys,West,C00760,3,Neutral,Decent but could be better.,Yes,6
04-10-2023,R005709,S004,P0062,Groceries,South,C00370,3,Neutral,"Neutral experience, neither good nor bad.",No,0
04-10-2023,R005917,S005,P0009,Groceries,North,C01861,5,Positive,"Absolutely love this product, will buy again.",Yes,27
04-11-2023,R001110,S002,P0009,Groceries,South,C00523,3,Neutral,"Neutral experience, neither good nor bad.",Yes,13
04-11-2023,R001275,S003,P0104,Electronics,North,C00333,4,Positive,"Good value, would recommend to others.",No,12
04-11-2023,R001709,S004,P0036,Electronics,East,C00573,3,Neutral,"Average product, nothing special.",Yes,2
04-11-2023,R001827,S001,P0039,Groceries,East,C00497,4,Positive,"Solid product, does what it says.",Yes,5
04-11-2023,R002377,S005,P0048,Clothing,West,C02863,2,Negative,Poor packaging and average product.,Yes,3
04-11-2023,R003473,S004,P0176,Furniture,South,C01672,2,Negative,"Below expectations, had some issues.",Yes,8
04-11-2023,R004390,S002,P0041,Groceries,North,C01724,4,Positive,"Good value, would recommend to others.",Yes,14
04-11-2023,R004602,S005,P0154,Groceries,West,C01164,5,Positive,"Highly recommend, works perfectly.",Yes,1
04-11-2023,R004639,S005,P0168,Furniture,South,C00032,5,Positive,Fast delivery and great value for money.,Yes,50
04-11-2023,R004745,S003,P0026,Groceries,South,C01231,5,Positive,"Excellent quality, exceeded my expectations!",Yes,12
04-12-2023,R000601,S003,P0121,Clothing,North,C02988,3,Neutral,"It's okay, met basic expectations.",Yes,7
04-12-2023,R001457,S005,P0111,Furniture,South,C01694,4,Positive,"Solid product, does what it says.",No,1
04-12-2023,R001864,S002,P0007,Toys,North,C01557,2,Negative,"Below expectations, had some issues.",Yes,19
04-12-2023,R004022,S004,P0101,Furniture,South,C02930,1,Negative,"Waste of money, poor quality.",Yes,27
04-12-2023,R004899,S005,P0086,Furniture,South,C01816,2,Negative,"Below expectations, had some issues.",Yes,19
04-12-2023,R005028,S005,P0122,Furniture,East,C00209,4,Positive,"Good product overall, minor issues but satisfied.",Yes,7
04-12-2023,R005029,S003,P0191,Toys,West,C00692,1,Negative,"Terrible experience, would not buy again.",Yes,46
04-13-2023,R000168,S005,P0053,Groceries,North,C02137,4,Positive,Pretty happy with this purchase.,Yes,14
04-13-2023,R001248,S004,P0027,Toys,South,C00361,5,Positive,"Highly recommend, works perfectly.",Yes,45
04-13-2023,R002115,S001,P0105,Groceries,East,C02734,4,Positive,"Good value, would recommend to others.",Yes,13
04-13-2023,R002315,S001,P0155,Electronics,East,C02747,4,Positive,Pretty happy with this purchase.,Yes,17
04-13-2023,R002382,S004,P0121,Clothing,North,C02997,4,Positive,Pretty happy with this purchase.,Yes,14
04-13-2023,R002457,S004,P0072,Groceries,West,C00914,5,Positive,"Highly recommend, works perfectly.",Yes,46
04-13-2023,R002620,S005,P0136,Electronics,South,C01790,5,Positive,"Highly recommend, works perfectly.",No,18
04-13-2023,R002936,S004,P0167,Furniture,South,C02932,3,Neutral,"It's okay, met basic expectations.",Yes,5
04-13-2023,R003060,S001,P0115,Toys,East,C00952,3,Neutral,"Average product, nothing special.",Yes,20
04-13-2023,R003088,S003,P0037,Furniture,North,C01082,4,Positive,"Good value, would recommend to others.",Yes,2
04-13-2023,R004612,S005,P0101,Furniture,West,C02065,2,Negative,"Would not recommend, had problems.",Yes,14
04-14-2023,R000449,S005,P0061,Furniture,North,C01606,4,Positive,"Good product overall, minor issues but satisfied.",Yes,12
04-14-2023,R000965,S002,P0115,Toys,South,C00243,1,Negative,"Product arrived damaged, very unhappy.",No,13
04-14-2023,R001217,S003,P0005,Toys,South,C02758,3,Neutral,"Average product, nothing special.",Yes,10
04-14-2023,R002882,S005,P0152,Clothing,East,C02578,5,Positive,Fast delivery and great value for money.,Yes,20
04-14-2023,R003273,S003,P0187,Toys,East,C02519,4,Positive,Pretty happy with this purchase.,Yes,19
04-14-2023,R003311,S004,P0022,Toys,West,C01935,4,Positive,"Good product overall, minor issues but satisfied.",Yes,11
04-14-2023,R003368,S004,P0188,Electronics,West,C02606,2,Negative,"Would not recommend, had problems.",Yes,13
04-14-2023,R003687,S001,P0028,Groceries,East,C01168,5,Positive,Fast delivery and great value for money.,Yes,17
04-14-2023,R004329,S002,P0148,Clothing,East,C02674,4,Positive,"Solid product, does what it says.",Yes,6
04-14-2023,R005764,S001,P0193,Groceries,East,C01930,4,Positive,"Solid product, does what it says.",Yes,4
04-15-2023,R000987,S001,P0161,Groceries,West,C00616,1,Negative,"Terrible experience, would not buy again.",Yes,20
04-15-2023,R001654,S002,P0132,Furniture,East,C02588,2,Negative,"Would not recommend, had problems.",Yes,13
04-15-2023,R001762,S004,P0153,Furniture,South,C00369,4,Positive,"Solid product, does what it says.",Yes,0
04-15-2023,R002196,S003,P0012,Clothing,North,C00649,4,Positive,Pretty happy with this purchase.,Yes,6
04-15-2023,R003094,S002,P0061,Furniture,South,C02475,3,Neutral,"Neutral experience, neither good nor bad.",Yes,19
04-15-2023,R004518,S005,P0051,Groceries,North,C00648,3,Neutral,"Neutral experience, neither good nor bad.",Yes,13
04-15-2023,R005520,S001,P0160,Groceries,North,C01776,5,Positive,"Highly recommend, works perfectly.",Yes,4
04-16-2023,R000537,S005,P0183,Toys,North,C01987,5,Positive,"Excellent quality, exceeded my expectations!",Yes,11
04-16-2023,R000882,S002,P0016,Furniture,North,C02968,3,Neutral,"Average product, nothing special.",Yes,18
04-16-2023,R001171,S001,P0024,Toys,East,C02928,2,Negative,"Would not recommend, had problems.",Yes,13
04-16-2023,R002036,S004,P0111,Furniture,West,C01680,5,Positive,Fast delivery and great value for money.,Yes,5
04-16-2023,R002141,S002,P0043,Groceries,East,C02886,5,Positive,Best purchase I've made this year.,Yes,31
04-16-2023,R002526,S002,P0012,Clothing,East,C01526,5,Positive,"Absolutely love this product, will buy again.",Yes,32
04-16-2023,R002726,S003,P0009,Groceries,East,C02333,3,Neutral,Fair quality for the price paid.,Yes,7
04-16-2023,R003327,S004,P0104,Electronics,East,C01392,1,Negative,"Waste of money, poor quality.",Yes,50
04-16-2023,R003659,S002,P0055,Groceries,East,C02726,4,Positive,"Works well, decent quality for the price.",Yes,17
04-16-2023,R004939,S003,P0141,Clothing,West,C00239,2,Negative,"Below expectations, had some issues.",Yes,1
04-16-2023,R005185,S005,P0157,Groceries,South,C02545,4,Positive,"Solid product, does what it says.",No,16
04-17-2023,R000202,S003,P0014,Toys,West,C02666,5,Positive,"Excellent quality, exceeded my expectations!",Yes,39
04-17-2023,R001607,S005,P0054,Toys,North,C00929,2,Negative,"Would not recommend, had problems.",Yes,5
04-17-2023,R001744,S001,P0147,Groceries,East,C02149,5,Positive,"Excellent quality, exceeded my expectations!",Yes,23
04-17-2023,R001845,S005,P0097,Furniture,West,C01109,3,Neutral,Fair quality for the price paid.,No,4
04-17-2023,R002375,S003,P0132,Furniture,West,C01439,5,Positive,Fast delivery and great value for money.,No,14
04-17-2023,R003102,S003,P0155,Electronics,South,C00129,4,Positive,"Good value, would recommend to others.",Yes,15
04-17-2023,R004699,S003,P0112,Electronics,East,C01313,4,Positive,"Good product overall, minor issues but satisfied.",Yes,17
04-17-2023,R004752,S001,P0142,Clothing,West,C01838,5,Positive,"Absolutely love this product, will buy again.",No,9
04-17-2023,R005135,S001,P0118,Clothing,North,C02163,3,Neutral,"Neutral experience, neither good nor bad.",Yes,10
04-18-2023,R000607,S005,P0146,Furniture,North,C01759,5,Positive,"Absolutely love this product, will buy again.",No,11
04-18-2023,R001655,S002,P0151,Toys,South,C02769,5,Positive,Fast delivery and great value for money.,Yes,5
04-18-2023,R002422,S005,P0040,Toys,North,C00249,5,Positive,"Highly recommend, works perfectly.",Yes,33
04-18-2023,R002844,S005,P0150,Electronics,West,C02013,5,Positive,Best purchase I've made this year.,Yes,26
04-18-2023,R003367,S002,P0102,Toys,West,C02356,5,Positive,"Excellent quality, exceeded my expectations!",No,6
04-18-2023,R003800,S004,P0177,Clothing,North,C00811,3,Neutral,"It's okay, met basic expectations.",Yes,7
04-18-2023,R005317,S001,P0190,Toys,South,C01708,5,Positive,"Highly recommend, works perfectly.",Yes,40
04-19-2023,R000172,S002,P0043,Groceries,East,C02599,2,Negative,"Not very satisfied, quality could improve.",Yes,20
04-19-2023,R000406,S004,P0107,Electronics,North,C01802,5,Positive,"Excellent quality, exceeded my expectations!",Yes,8
04-19-2023,R001673,S005,P0005,Toys,East,C00324,3,Neutral,Fair quality for the price paid.,No,15
04-19-2023,R001820,S002,P0091,Electronics,North,C02143,2,Negative,Poor packaging and average product.,No,5
04-19-2023,R002590,S001,P0157,Groceries,East,C02853,2,Negative,"Would not recommend, had problems.",Yes,4
04-19-2023,R003675,S003,P0048,Clothing,West,C00434,4,Positive,"Good value, would recommend to others.",Yes,17
04-19-2023,R003702,S005,P0162,Toys,West,C01951,3,Neutral,"Neutral experience, neither good nor bad.",Yes,8
04-19-2023,R004537,S003,P0022,Toys,East,C00123,4,Positive,"Good value, would recommend to others.",Yes,13
04-19-2023,R005998,S003,P0119,Electronics,East,C00910,3,Neutral,"Average product, nothing special.",No,18
04-20-2023,R000873,S004,P0043,Groceries,West,C01369,5,Positive,"Absolutely love this product, will buy again.",No,7
04-20-2023,R001043,S002,P0094,Groceries,South,C02950,2,Negative,"Not very satisfied, quality could improve.",Yes,7
04-20-2023,R002110,S005,P0028,Groceries,North,C01559,5,Positive,Fast delivery and great value for money.,Yes,11
04-20-2023,R002145,S004,P0043,Groceries,South,C02270,4,Positive,Pretty happy with this purchase.,Yes,20
04-20-2023,R002360,S004,P0118,Clothing,West,C02896,4,Positive,Pretty happy with this purchase.,Yes,16
04-20-2023,R002645,S004,P0087,Toys,North,C02157,3,Neutral,"It's okay, met basic expectations.",No,5
04-20-2023,R002749,S003,P0050,Toys,East,C00469,2,Negative,"Would not recommend, had problems.",Yes,20
04-20-2023,R003458,S003,P0061,Furniture,East,C02377,4,Positive,"Good value, would recommend to others.",Yes,2
04-20-2023,R004768,S003,P0057,Furniture,East,C00462,1,Negative,"Product arrived damaged, very unhappy.",No,21
04-20-2023,R005713,S004,P0013,Toys,West,C01499,2,Negative,Disappointed with the product performance.,Yes,10
04-21-2023,R000161,S001,P0004,Toys,North,C02841,2,Negative,"Would not recommend, had problems.",Yes,20
04-21-2023,R001433,S002,P0074,Electronics,East,C02484,5,Positive,"Excellent quality, exceeded my expectations!",Yes,28
04-21-2023,R002097,S004,P0128,Furniture,East,C02431,5,Positive,"Highly recommend, works perfectly.",Yes,24
04-21-2023,R005059,S005,P0117,Toys,East,C01417,5,Positive,"Highly recommend, works perfectly.",Yes,14
04-22-2023,R000778,S001,P0021,Furniture,East,C02929,3,Neutral,"Average product, nothing special.",Yes,5
04-22-2023,R000880,S003,P0015,Furniture,East,C01837,2,Negative,"Below expectations, had some issues.",Yes,15
04-22-2023,R001036,S004,P0033,Toys,North,C02768,1,Negative,"Very disappointed, product did not work.",Yes,2
04-22-2023,R001917,S002,P0058,Groceries,North,C01824,3,Neutral,Fair quality for the price paid.,Yes,0
04-22-2023,R002669,S004,P0161,Groceries,West,C02261,5,Positive,"Absolutely love this product, will buy again.",Yes,40
04-22-2023,R002906,S002,P0082,Clothing,North,C01855,2,Negative,"Below expectations, had some issues.",No,17
04-22-2023,R003692,S002,P0024,Toys,South,C02954,2,Negative,Disappointed with the product performance.,Yes,0
04-22-2023,R004591,S004,P0134,Electronics,West,C02429,2,Negative,"Not very satisfied, quality could improve.",Yes,7
04-22-2023,R005214,S001,P0120,Clothing,East,C01070,1,Negative,"Worst purchase, do not recommend.",Yes,16
04-23-2023,R002104,S002,P0097,Furniture,South,C02528,3,Neutral,"Average product, nothing special.",Yes,9
04-23-2023,R002318,S002,P0079,Toys,East,C01844,4,Positive,"Works well, decent quality for the price.",Yes,0
04-23-2023,R002542,S002,P0010,Toys,North,C02991,4,Positive,Pretty happy with this purchase.,Yes,0
04-23-2023,R002565,S004,P0032,Clothing,West,C01038,4,Positive,"Works well, decent quality for the price.",Yes,5
04-23-2023,R002699,S005,P0075,Furniture,South,C01468,3,Neutral,"It's okay, met basic expectations.",Yes,13
04-23-2023,R002781,S004,P0135,Furniture,South,C00863,5,Positive,"Highly recommend, works perfectly.",Yes,32
04-23-2023,R003200,S001,P0126,Clothing,East,C00398,1,Negative,"Product arrived damaged, very unhappy.",Yes,24
04-23-2023,R003638,S005,P0135,Furniture,South,C02914,4,Positive,"Solid product, does what it says.",Yes,19
04-23-2023,R004871,S005,P0060,Electronics,West,C02156,3,Neutral,"It's okay, met basic expectations.",No,3
04-23-2023,R005250,S004,P0005,Toys,West,C01147,4,Positive,"Works well, decent quality for the price.",No,14
04-23-2023,R005282,S004,P0088,Toys,North,C00939,4,Positive,"Good product overall, minor issues but satisfied.",Yes,20
04-23-2023,R005446,S003,P0181,Toys,North,C01713,3,Neutral,"Average product, nothing special.",Yes,2
04-24-2023,R000183,S002,P0180,Groceries,North,C02210,5,Positive,"Absolutely love this product, will buy again.",Yes,47
04-24-2023,R000790,S005,P0082,Clothing,West,C00465,3,Neutral,"It's okay, met basic expectations.",Yes,4
04-24-2023,R001714,S003,P0191,Toys,West,C00825,5,Positive,"Excellent quality, exceeded my expectations!",Yes,12
04-24-2023,R001752,S002,P0075,Furniture,West,C00140,5,Positive,"Absolutely love this product, will buy again.",Yes,45
04-24-2023,R001796,S001,P0186,Groceries,East,C00809,1,Negative,"Worst purchase, do not recommend.",Yes,43
04-24-2023,R002848,S002,P0028,Groceries,East,C01232,3,Neutral,Fair quality for the price paid.,No,9
04-24-2023,R003326,S003,P0097,Furniture,South,C00226,4,Positive,"Works well, decent quality for the price.",Yes,3
04-24-2023,R004037,S001,P0013,Toys,South,C00023,4,Positive,"Good value, would recommend to others.",Yes,2
04-24-2023,R004447,S004,P0170,Furniture,South,C01343,4,Positive,"Good value, would recommend to others.",Yes,15
04-24-2023,R005718,S004,P0006,Groceries,South,C00922,4,Positive,"Good product overall, minor issues but satisfied.",No,6
04-25-2023,R000226,S002,P0010,Toys,East,C00319,2,Negative,"Below expectations, had some issues.",No,11
04-25-2023,R000347,S004,P0091,Electronics,South,C01981,5,Positive,"Highly recommend, works perfectly.",Yes,1
04-25-2023,R000507,S001,P0123,Furniture,West,C00766,3,Neutral,"Average product, nothing special.",Yes,16
04-25-2023,R001317,S004,P0075,Furniture,West,C01965,2,Negative,"Not very satisfied, quality could improve.",No,1
04-25-2023,R002761,S004,P0040,Toys,North,C01829,3,Neutral,"It's okay, met basic expectations.",Yes,13
04-25-2023,R003799,S004,P0130,Electronics,South,C00263,5,Positive,"Highly recommend, works perfectly.",Yes,26
04-25-2023,R004866,S005,P0074,Electronics,East,C01153,5,Positive,"Highly recommend, works perfectly.",Yes,1
04-25-2023,R005374,S002,P0016,Furniture,East,C02644,5,Positive,"Absolutely love this product, will buy again.",Yes,4
04-26-2023,R000326,S001,P0139,Clothing,South,C02191,4,Positive,"Good value, would recommend to others.",No,4
04-26-2023,R002688,S005,P0004,Toys,South,C01651,5,Positive,"Highly recommend, works perfectly.",Yes,44
04-26-2023,R004247,S003,P0194,Furniture,West,C02118,3,Neutral,Decent but could be better.,Yes,6
04-26-2023,R005418,S003,P0051,Groceries,West,C02178,5,Positive,Best purchase I've made this year.,Yes,22
04-27-2023,R001364,S003,P0108,Furniture,East,C02836,4,Positive,Pretty happy with this purchase.,Yes,17
04-27-2023,R002698,S004,P0181,Toys,South,C01467,2,Negative,"Would not recommend, had problems.",Yes,12
04-27-2023,R003453,S002,P0077,Groceries,East,C00322,3,Neutral,"Neutral experience, neither good nor bad.",No,17
04-27-2023,R004383,S004,P0049,Electronics,East,C01247,1,Negative,"Very disappointed, product did not work.",Yes,46
04-27-2023,R004578,S005,P0150,Electronics,East,C01290,5,Positive,"Excellent quality, exceeded my expectations!",Yes,21
04-28-2023,R000925,S004,P0119,Electronics,South,C01909,4,Positive,"Good product overall, minor issues but satisfied.",No,10
04-28-2023,R001629,S004,P0084,Clothing,West,C02843,3,Neutral,"Average product, nothing special.",Yes,12
04-28-2023,R003593,S004,P0059,Furniture,West,C02236,1,Negative,"Terrible experience, would not buy again.",Yes,12
04-28-2023,R003756,S005,P0047,Groceries,South,C00637,3,Neutral,Fair quality for the price paid.,Yes,3
04-28-2023,R005946,S003,P0186,Groceries,West,C01925,3,Neutral,Decent but could be better.,No,9
04-29-2023,R000469,S003,P0029,Groceries,East,C01845,2,Negative,Poor packaging and average product.,Yes,13
04-29-2023,R001182,S001,P0039,Groceries,North,C00784,5,Positive,Fast delivery and great value for money.,Yes,29
04-29-2023,R002691,S005,P0108,Furniture,South,C02283,5,Positive,Best purchase I've made this year.,Yes,4
04-29-2023,R002825,S005,P0046,Groceries,North,C01924,2,Negative,"Would not recommend, had problems.",Yes,14
04-29-2023,R003092,S002,P0192,Clothing,North,C00041,3,Neutral,Decent but could be better.,Yes,19
04-30-2023,R000883,S005,P0034,Groceries,West,C01725,3,Neutral,"Average product, nothing special.",Yes,16
04-30-2023,R001070,S003,P0101,Furniture,West,C02258,4,Positive,"Solid product, does what it says.",Yes,18
04-30-2023,R002390,S005,P0129,Groceries,West,C02761,5,Positive,Fast delivery and great value for money.,Yes,28
04-30-2023,R002445,S005,P0046,Groceries,South,C01750,5,Positive,"Excellent quality, exceeded my expectations!",Yes,17
04-30-2023,R003037,S005,P0143,Clothing,North,C00651,5,Positive,"Excellent quality, exceeded my expectations!",Yes,28
04-30-2023,R003460,S003,P0130,Electronics,West,C02902,5,Positive,"Highly recommend, works perfectly.",Yes,29
04-30-2023,R005122,S002,P0111,Furniture,South,C02313,1,Negative,"Product arrived damaged, very unhappy.",Yes,42
05-01-2023,R000011,S003,P0040,Toys,East,C02157,5,Positive,"Excellent quality, exceeded my expectations!",Yes,8
05-01-2023,R002170,S003,P0023,Groceries,South,C00935,5,Positive,Best purchase I've made this year.,Yes,47
05-01-2023,R002492,S004,P0050,Toys,South,C00474,4,Positive,"Works well, decent quality for the price.",Yes,14
05-01-2023,R002592,S002,P0185,Clothing,East,C02304,4,Positive,"Works well, decent quality for the price.",Yes,15
05-01-2023,R003079,S001,P0170,Furniture,South,C00785,1,Negative,"Waste of money, poor quality.",Yes,44
05-01-2023,R003175,S003,P0193,Groceries,East,C01916,4,Positive,Pretty happy with this purchase.,Yes,11
05-01-2023,R003527,S003,P0032,Clothing,West,C00041,4,Positive,"Good value, would recommend to others.",Yes,10
05-01-2023,R003719,S005,P0026,Groceries,South,C00456,3,Neutral,"It's okay, met basic expectations.",Yes,0
05-01-2023,R003777,S003,P0148,Clothing,South,C00760,3,Neutral,Fair quality for the price paid.,Yes,3
05-01-2023,R004214,S001,P0025,Clothing,West,C02298,2,Negative,Disappointed with the product performance.,Yes,18
05-01-2023,R004720,S001,P0168,Furniture,East,C00762,4,Positive,"Solid product, does what it says.",Yes,3
05-01-2023,R004936,S002,P0178,Toys,West,C02373,5,Positive,"Highly recommend, works perfectly.",Yes,27
05-01-2023,R004941,S002,P0177,Clothing,East,C02804,3,Neutral,"Neutral experience, neither good nor bad.",Yes,3
05-01-2023,R005033,S002,P0178,Toys,East,C02622,5,Positive,"Excellent quality, exceeded my expectations!",Yes,40
05-02-2023,R000073,S005,P0061,Furniture,East,C02887,5,Positive,Best purchase I've made this year.,Yes,3
05-02-2023,R000452,S004,P0106,Furniture,South,C02234,4,Positive,Pretty happy with this purchase.,Yes,11
05-02-2023,R001207,S003,P0019,Toys,West,C01619,4,Positive,"Works well, decent quality for the price.",Yes,7
05-02-2023,R001724,S004,P0110,Toys,South,C02445,4,Positive,"Works well, decent quality for the price.",Yes,16
05-02-2023,R003047,S003,P0194,Furniture,South,C02732,5,Positive,"Highly recommend, works perfectly.",No,49
05-02-2023,R004763,S004,P0093,Electronics,North,C02693,4,Positive,"Solid product, does what it says.",Yes,10
05-02-2023,R004811,S003,P0110,Toys,East,C02379,2,Negative,"Would not recommend, had problems.",Yes,20
05-02-2023,R005512,S004,P0052,Toys,South,C00712,4,Positive,"Solid product, does what it says.",Yes,0
05-02-2023,R005756,S001,P0004,Toys,South,C00201,4,Positive,Pretty happy with this purchase.,Yes,0
05-03-2023,R002636,S001,P0158,Electronics,East,C00508,4,Positive,Pretty happy with this purchase.,Yes,9
05-03-2023,R002830,S005,P0139,Clothing,West,C01979,3,Neutral,Decent but could be better.,Yes,12
05-03-2023,R003057,S005,P0096,Groceries,East,C01851,5,Positive,"Highly recommend, works perfectly.",No,2
05-03-2023,R004893,S003,P0183,Toys,East,C02330,3,Neutral,Fair quality for the price paid.,Yes,14
05-03-2023,R004933,S004,P0086,Furniture,East,C00743,5,Positive,Fast delivery and great value for money.,Yes,35
05-03-2023,R004998,S001,P0149,Electronics,East,C01665,4,Positive,"Solid product, does what it says.",Yes,7
05-03-2023,R005536,S001,P0094,Groceries,West,C00790,4,Positive,"Good value, would recommend to others.",Yes,1
05-04-2023,R002182,S004,P0047,Groceries,East,C02664,5,Positive,Fast delivery and great value for money.,Yes,31
05-04-2023,R002725,S001,P0098,Toys,West,C00818,1,Negative,"Waste of money, poor quality.",Yes,47
05-04-2023,R003119,S001,P0167,Furniture,South,C01329,5,Positive,"Absolutely love this product, will buy again.",No,28
05-04-2023,R003349,S005,P0009,Groceries,North,C00620,1,Negative,"Waste of money, poor quality.",Yes,34
05-04-2023,R004707,S002,P0062,Groceries,North,C02153,4,Positive,"Works well, decent quality for the price.",Yes,4
05-05-2023,R000009,S002,P0112,Electronics,South,C01898,5,Positive,Best purchase I've made this year.,Yes,5
05-05-2023,R001119,S003,P0147,Groceries,North,C02204,5,Positive,"Absolutely love this product, will buy again.",Yes,43
05-05-2023,R001167,S003,P0141,Clothing,North,C02018,4,Positive,"Good value, would recommend to others.",Yes,18
05-05-2023,R002211,S001,P0173,Clothing,North,C01325,3,Neutral,Fair quality for the price paid.,Yes,15
05-05-2023,R003672,S001,P0092,Electronics,North,C00290,3,Neutral,Decent but could be better.,Yes,8
05-05-2023,R003715,S005,P0149,Electronics,North,C01445,5,Positive,"Highly recommend, works perfectly.",Yes,10
05-05-2023,R003805,S003,P0143,Clothing,North,C00753,3,Neutral,"Neutral experience, neither good nor bad.",Yes,9
05-05-2023,R004387,S003,P0096,Groceries,East,C00142,5,Positive,"Highly recommend, works perfectly.",Yes,34
05-05-2023,R004957,S003,P0029,Groceries,North,C01334,5,Positive,"Highly recommend, works perfectly.",No,27
05-05-2023,R005015,S005,P0047,Groceries,East,C00262,4,Positive,"Good product overall, minor issues but satisfied.",Yes,2
05-05-2023,R005387,S005,P0042,Electronics,East,C02246,4,Positive,"Good value, would recommend to others.",No,13
05-06-2023,R000047,S003,P0197,Electronics,West,C00318,4,Positive,"Works well, decent quality for the price.",Yes,10
05-06-2023,R000323,S002,P0056,Clothing,South,C02095,5,Positive,"Highly recommend, works perfectly.",Yes,18
05-06-2023,R000572,S003,P0086,Furniture,West,C00666,2,Negative,Disappointed with the product performance.,Yes,2
05-06-2023,R002467,S002,P0128,Furniture,West,C02330,2,Negative,"Would not recommend, had problems.",Yes,0
05-06-2023,R002496,S005,P0101,Furniture,East,C02997,5,Positive,"Excellent quality, exceeded my expectations!",Yes,36
05-06-2023,R002575,S005,P0145,Toys,West,C01955,2,Negative,"Not very satisfied, quality could improve.",Yes,11
05-06-2023,R003461,S002,P0155,Electronics,South,C00525,5,Positive,"Excellent quality, exceeded my expectations!",Yes,38
05-06-2023,R004010,S003,P0152,Clothing,North,C01608,4,Positive,"Works well, decent quality for the price.",Yes,1
05-06-2023,R004286,S005,P0131,Clothing,East,C00968,4,Positive,"Solid product, does what it says.",Yes,9
05-06-2023,R004343,S001,P0048,Clothing,East,C01653,4,Positive,Pretty happy with this purchase.,Yes,7
05-06-2023,R004816,S001,P0112,Electronics,North,C01877,5,Positive,"Highly recommend, works perfectly.",No,25
05-06-2023,R005371,S004,P0143,Clothing,West,C01431,3,Neutral,Decent but could be better.,Yes,3
05-06-2023,R005674,S003,P0008,Electronics,South,C00389,4,Positive,Pretty happy with this purchase.,Yes,17
05-07-2023,R000760,S004,P0101,Furniture,South,C00173,2,Negative,Poor packaging and average product.,Yes,8
05-07-2023,R000956,S001,P0031,Toys,South,C02177,5,Positive,"Excellent quality, exceeded my expectations!",Yes,33
05-07-2023,R001871,S004,P0156,Groceries,South,C00937,1,Negative,"Very disappointed, product did not work.",Yes,31
05-07-2023,R003377,S005,P0146,Furniture,North,C00134,3,Neutral,"Average product, nothing special.",Yes,15
05-07-2023,R003525,S004,P0123,Furniture,North,C01198,1,Negative,"Product arrived damaged, very unhappy.",Yes,13
05-07-2023,R003789,S005,P0038,Clothing,South,C02145,1,Negative,"Product arrived damaged, very unhappy.",Yes,39
05-07-2023,R003896,S002,P0061,Furniture,South,C01272,3,Neutral,Decent but could be better.,Yes,17
05-08-2023,R000823,S004,P0088,Toys,North,C02608,4,Positive,"Solid product, does what it says.",Yes,2
05-08-2023,R004211,S005,P0122,Furniture,South,C02460,5,Positive,"Absolutely love this product, will buy again.",Yes,23
05-08-2023,R004389,S003,P0056,Clothing,East,C01807,5,Positive,"Excellent quality, exceeded my expectations!",No,14
05-08-2023,R004937,S005,P0062,Groceries,East,C00947,3,Neutral,"Average product, nothing special.",No,5
05-08-2023,R005934,S004,P0185,Clothing,West,C02355,4,Positive,"Good product overall, minor issues but satisfied.",No,5
05-09-2023,R000792,S001,P0162,Toys,East,C00715,3,Neutral,"Average product, nothing special.",Yes,2
05-09-2023,R001059,S002,P0090,Groceries,East,C00958,4,Positive,Pretty happy with this purchase.,No,7
05-09-2023,R001663,S001,P0085,Furniture,North,C02303,2,Negative,Poor packaging and average product.,Yes,19
05-09-2023,R001866,S005,P0051,Groceries,West,C01834,4,Positive,"Solid product, does what it says.",Yes,9
05-09-2023,R002901,S005,P0135,Furniture,East,C01909,3,Neutral,Decent but could be better.,Yes,12
05-09-2023,R003422,S003,P0058,Groceries,South,C02976,5,Positive,"Absolutely love this product, will buy again.",Yes,5
05-09-2023,R003588,S003,P0071,Electronics,East,C01118,4,Positive,"Good value, would recommend to others.",Yes,0
05-09-2023,R004496,S003,P0165,Furniture,North,C01969,4,Positive,"Works well, decent quality for the price.",Yes,16
05-09-2023,R005405,S005,P0055,Groceries,North,C02137,3,Neutral,Fair quality for the price paid.,No,7
05-09-2023,R005496,S003,P0084,Clothing,East,C00669,5,Positive,"Excellent quality, exceeded my expectations!",No,6
05-10-2023,R000108,S003,P0014,Toys,North,C02819,5,Positive,"Highly recommend, works perfectly.",Yes,10
05-10-2023,R000724,S005,P0029,Groceries,East,C02780,5,Positive,Fast delivery and great value for money.,Yes,39
05-10-2023,R001494,S004,P0129,Groceries,South,C00661,1,Negative,"Waste of money, poor quality.",Yes,42
05-10-2023,R001892,S003,P0195,Clothing,North,C02111,2,Negative,Poor packaging and average product.,Yes,1
05-10-2023,R004209,S005,P0089,Groceries,South,C02790,3,Neutral,"It's okay, met basic expectations.",Yes,3
05-10-2023,R004976,S005,P0062,Groceries,West,C00665,4,Positive,"Solid product, does what it says.",Yes,15
05-11-2023,R000872,S002,P0195,Clothing,North,C00587,5,Positive,"Absolutely love this product, will buy again.",Yes,38
05-11-2023,R001083,S003,P0096,Groceries,West,C02209,4,Positive,"Solid product, does what it says.",Yes,19
05-11-2023,R001199,S004,P0198,Groceries,South,C01608,3,Neutral,"Neutral experience, neither good nor bad.",Yes,15
05-11-2023,R001560,S005,P0093,Electronics,East,C00726,3,Neutral,Fair quality for the price paid.,Yes,6
05-11-2023,R002201,S004,P0042,Electronics,South,C00324,4,Positive,"Solid product, does what it says.",Yes,1
05-11-2023,R002260,S005,P0039,Groceries,West,C01258,3,Neutral,Decent but could be better.,Yes,11
05-11-2023,R002499,S005,P0116,Furniture,East,C01392,5,Positive,"Excellent quality, exceeded my expectations!",Yes,33
05-11-2023,R003737,S002,P0023,Groceries,South,C01480,3,Neutral,"Average product, nothing special.",Yes,11
05-11-2023,R003922,S001,P0111,Furniture,South,C02268,4,Positive,"Good product overall, minor issues but satisfied.",Yes,11
05-11-2023,R004050,S001,P0096,Groceries,West,C00520,3,Neutral,Decent but could be better.,Yes,3
05-11-2023,R005358,S004,P0185,Clothing,North,C02600,5,Positive,Fast delivery and great value for money.,Yes,45
05-11-2023,R005370,S004,P0095,Furniture,North,C00773,4,Positive,"Solid product, does what it says.",Yes,3
05-12-2023,R000735,S001,P0160,Groceries,South,C01424,4,Positive,"Works well, decent quality for the price.",Yes,12
05-12-2023,R001021,S005,P0180,Groceries,North,C01441,4,Positive,"Solid product, does what it says.",Yes,14
05-12-2023,R001768,S002,P0067,Clothing,East,C02600,4,Positive,"Good product overall, minor issues but satisfied.",Yes,10
05-12-2023,R003720,S002,P0095,Furniture,South,C02110,2,Negative,"Below expectations, had some issues.",Yes,17
05-12-2023,R005537,S001,P0116,Furniture,South,C02321,3,Neutral,Fair quality for the price paid.,Yes,13
05-13-2023,R000743,S001,P0005,Toys,East,C00418,4,Positive,"Solid product, does what it says.",Yes,6
05-13-2023,R001721,S003,P0199,Electronics,East,C00139,5,Positive,"Absolutely love this product, will buy again.",Yes,28
05-13-2023,R001722,S003,P0119,Electronics,North,C00564,5,Positive,"Excellent quality, exceeded my expectations!",Yes,36
05-13-2023,R002117,S004,P0061,Furniture,North,C00427,4,Positive,"Good product overall, minor issues but satisfied.",Yes,8
05-13-2023,R003225,S003,P0068,Clothing,West,C02483,3,Neutral,Decent but could be better.,Yes,18
05-13-2023,R004384,S004,P0003,Furniture,South,C00421,1,Negative,"Very disappointed, product did not work.",Yes,2
05-13-2023,R005252,S001,P0105,Groceries,South,C01677,5,Positive,Best purchase I've made this year.,Yes,32
05-13-2023,R005667,S001,P0158,Electronics,East,C00990,5,Positive,Best purchase I've made this year.,Yes,19
05-14-2023,R000309,S004,P0061,Furniture,East,C00546,5,Positive,Best purchase I've made this year.,No,22
05-14-2023,R001595,S001,P0055,Groceries,South,C00685,3,Neutral,Fair quality for the price paid.,No,1
05-14-2023,R001846,S001,P0145,Toys,South,C01150,2,Negative,"Not very satisfied, quality could improve.",Yes,0
05-14-2023,R002421,S005,P0126,Clothing,North,C01507,5,Positive,Fast delivery and great value for money.,Yes,30
05-14-2023,R002469,S001,P0081,Furniture,South,C02282,1,Negative,"Very disappointed, product did not work.",Yes,18
05-14-2023,R002828,S005,P0016,Furniture,West,C02118,4,Positive,"Works well, decent quality for the price.",No,0
05-14-2023,R004463,S004,P0020,Groceries,East,C00885,5,Positive,Fast delivery and great value for money.,Yes,8
05-14-2023,R004684,S002,P0169,Toys,West,C00731,4,Positive,"Good product overall, minor issues but satisfied.",Yes,11
05-14-2023,R005728,S004,P0192,Clothing,East,C02047,5,Positive,"Highly recommend, works perfectly.",No,16
05-14-2023,R005734,S003,P0007,Toys,North,C00256,4,Positive,Pretty happy with this purchase.,Yes,0
05-15-2023,R000382,S002,P0135,Furniture,North,C02808,5,Positive,"Absolutely love this product, will buy again.",Yes,40
05-15-2023,R001218,S001,P0040,Toys,North,C01739,3,Neutral,"It's okay, met basic expectations.",Yes,15
05-15-2023,R001227,S004,P0100,Electronics,North,C01486,3,Neutral,"It's okay, met basic expectations.",Yes,9
05-15-2023,R004113,S002,P0119,Electronics,North,C01782,4,Positive,Pretty happy with this purchase.,Yes,0
05-15-2023,R005140,S001,P0173,Clothing,West,C01575,5,Positive,"Highly recommend, works perfectly.",Yes,19
05-16-2023,R001301,S004,P0114,Groceries,West,C01658,1,Negative,"Very disappointed, product did not work.",Yes,34
05-16-2023,R002791,S004,P0179,Electronics,South,C01444,3,Neutral,"Average product, nothing special.",Yes,13
05-16-2023,R003343,S001,P0154,Groceries,South,C02396,3,Neutral,"Neutral experience, neither good nor bad.",Yes,12
05-16-2023,R003903,S005,P0140,Toys,North,C00493,3,Neutral,Decent but could be better.,Yes,19
05-16-2023,R004731,S004,P0198,Groceries,West,C00664,3,Neutral,Fair quality for the price paid.,Yes,12
05-16-2023,R005017,S002,P0165,Furniture,North,C01046,1,Negative,"Product arrived damaged, very unhappy.",Yes,22
05-16-2023,R005999,S003,P0171,Furniture,West,C02749,4,Positive,"Good value, would recommend to others.",Yes,6
05-17-2023,R001318,S003,P0180,Groceries,North,C00911,5,Positive,"Highly recommend, works perfectly.",Yes,19
05-17-2023,R001475,S002,P0102,Toys,North,C01010,5,Positive,"Excellent quality, exceeded my expectations!",Yes,43
05-17-2023,R001644,S001,P0117,Toys,North,C02084,3,Neutral,Fair quality for the price paid.,No,3
05-17-2023,R001646,S003,P0058,Groceries,South,C01779,5,Positive,"Absolutely love this product, will buy again.",No,47
05-17-2023,R004465,S002,P0199,Electronics,North,C00966,5,Positive,Best purchase I've made this year.,Yes,26
05-18-2023,R001305,S003,P0026,Groceries,West,C01055,4,Positive,"Solid product, does what it says.",Yes,2
05-18-2023,R001764,S001,P0166,Furniture,West,C01882,5,Positive,Fast delivery and great value for money.,Yes,50
05-18-2023,R002562,S001,P0185,Clothing,East,C00319,5,Positive,"Excellent quality, exceeded my expectations!",No,26
05-18-2023,R002644,S002,P0051,Groceries,East,C01033,4,Positive,Pretty happy with this purchase.,Yes,8
05-18-2023,R003105,S005,P0092,Electronics,East,C00745,4,Positive,Pretty happy with this purchase.,Yes,2
05-18-2023,R003182,S002,P0084,Clothing,South,C02870,3,Neutral,Decent but could be better.,Yes,19
05-18-2023,R003454,S002,P0075,Furniture,North,C01778,5,Positive,Best purchase I've made this year.,Yes,16
05-18-2023,R003645,S002,P0169,Toys,West,C02434,5,Positive,"Absolutely love this product, will buy again.",Yes,21
05-18-2023,R005524,S004,P0029,Groceries,East,C00651,3,Neutral,"Average product, nothing special.",Yes,5
05-18-2023,R005561,S002,P0102,Toys,South,C01007,5,Positive,Best purchase I've made this year.,No,29
05-19-2023,R001030,S001,P0083,Electronics,East,C02992,3,Neutral,Fair quality for the price paid.,No,15
05-19-2023,R001505,S001,P0165,Furniture,West,C00754,5,Positive,"Highly recommend, works perfectly.",Yes,38
05-19-2023,R002248,S004,P0135,Furniture,South,C00044,1,Negative,"Worst purchase, do not recommend.",Yes,37
05-19-2023,R003069,S001,P0015,Furniture,West,C01006,3,Neutral,Fair quality for the price paid.,Yes,5
05-19-2023,R003146,S004,P0035,Clothing,North,C02851,4,Positive,Pretty happy with this purchase.,Yes,4
05-19-2023,R003399,S004,P0174,Toys,East,C00217,5,Positive,"Excellent quality, exceeded my expectations!",Yes,18
05-19-2023,R003899,S003,P0078,Toys,South,C00498,5,Positive,Fast delivery and great value for money.,Yes,32
05-19-2023,R004903,S005,P0068,Clothing,West,C00103,4,Positive,"Good product overall, minor issues but satisfied.",Yes,1
05-19-2023,R005834,S003,P0105,Groceries,South,C02180,5,Positive,Fast delivery and great value for money.,No,15
05-20-2023,R000659,S003,P0145,Toys,South,C02415,5,Positive,Best purchase I've made this year.,Yes,21
05-20-2023,R000808,S001,P0032,Clothing,East,C01627,2,Negative,"Not very satisfied, quality could improve.",Yes,2
05-20-2023,R001128,S005,P0137,Furniture,South,C00876,5,Positive,"Highly recommend, works perfectly.",Yes,25
05-20-2023,R002319,S005,P0158,Electronics,North,C02101,5,Positive,"Excellent quality, exceeded my expectations!",No,41
05-20-2023,R002994,S003,P0089,Groceries,North,C00007,5,Positive,Best purchase I've made this year.,Yes,20
05-20-2023,R004738,S005,P0012,Clothing,North,C02537,4,Positive,"Good product overall, minor issues but satisfied.",Yes,8
05-20-2023,R005491,S004,P0086,Furniture,South,C00221,2,Negative,Poor packaging and average product.,Yes,13
05-21-2023,R000088,S002,P0128,Furniture,East,C02835,5,Positive,Fast delivery and great value for money.,Yes,38
05-21-2023,R000726,S004,P0141,Clothing,East,C00331,3,Neutral,"Average product, nothing special.",Yes,1
05-21-2023,R001727,S002,P0168,Furniture,South,C00649,4,Positive,"Solid product, does what it says.",Yes,12
05-21-2023,R001933,S001,P0065,Electronics,West,C00150,3,Neutral,"Neutral experience, neither good nor bad.",Yes,4
05-21-2023,R004098,S001,P0188,Electronics,East,C00943,3,Neutral,Fair quality for the price paid.,Yes,2
05-21-2023,R004476,S004,P0074,Electronics,South,C00960,4,Positive,"Good value, would recommend to others.",No,1
05-21-2023,R005340,S002,P0082,Clothing,South,C02711,4,Positive,"Good value, would recommend to others.",No,15
05-21-2023,R005509,S003,P0019,Toys,West,C00203,1,Negative,"Terrible experience, would not buy again.",Yes,39
05-22-2023,R000181,S002,P0136,Electronics,West,C02750,3,Neutral,"Neutral experience, neither good nor bad.",No,17
05-22-2023,R000822,S003,P0102,Toys,West,C02094,5,Positive,"Absolutely love this product, will buy again.",Yes,0
05-22-2023,R002250,S002,P0169,Toys,North,C00086,4,Positive,Pretty happy with this purchase.,Yes,2
05-22-2023,R004314,S005,P0110,Toys,North,C00801,3,Neutral,"Average product, nothing special.",Yes,12
05-22-2023,R005930,S001,P0104,Electronics,West,C01691,5,Positive,Best purchase I've made this year.,Yes,33
05-23-2023,R001108,S002,P0087,Toys,South,C02615,3,Neutral,Fair quality for the price paid.,Yes,16
05-23-2023,R001322,S004,P0153,Furniture,East,C01916,2,Negative,"Not very satisfied, quality could improve.",Yes,0
05-23-2023,R001604,S004,P0195,Clothing,South,C02143,5,Positive,"Absolutely love this product, will buy again.",Yes,20
05-23-2023,R002551,S002,P0137,Furniture,West,C01226,4,Positive,"Works well, decent quality for the price.",Yes,8
05-23-2023,R002758,S004,P0178,Toys,West,C01835,5,Positive,"Highly recommend, works perfectly.",Yes,6
05-23-2023,R003024,S003,P0107,Electronics,East,C00446,4,Positive,"Solid product, does what it says.",Yes,10
05-23-2023,R003963,S004,P0011,Groceries,North,C02144,5,Positive,Fast delivery and great value for money.,Yes,10
05-23-2023,R004007,S003,P0152,Clothing,South,C01886,1,Negative,"Terrible experience, would not buy again.",Yes,26
05-23-2023,R004450,S004,P0180,Groceries,East,C02473,4,Positive,"Good value, would recommend to others.",No,5
05-24-2023,R000633,S004,P0109,Electronics,West,C02446,4,Positive,"Works well, decent quality for the price.",Yes,9
05-24-2023,R000722,S005,P0121,Clothing,East,C02643,4,Positive,"Good product overall, minor issues but satisfied.",Yes,5
05-24-2023,R004529,S002,P0176,Furniture,South,C00212,2,Negative,"Not very satisfied, quality could improve.",Yes,10
05-24-2023,R005243,S003,P0019,Toys,East,C02955,3,Neutral,Decent but could be better.,Yes,20
05-25-2023,R000270,S003,P0138,Clothing,South,C02120,4,Positive,"Good value, would recommend to others.",Yes,13
05-25-2023,R000302,S005,P0066,Clothing,North,C01430,3,Neutral,Fair quality for the price paid.,No,3
05-25-2023,R000996,S005,P0039,Groceries,East,C00025,4,Positive,"Good value, would recommend to others.",Yes,8
05-25-2023,R001041,S003,P0058,Groceries,West,C02861,5,Positive,"Highly recommend, works perfectly.",No,17
05-25-2023,R001600,S003,P0105,Groceries,South,C00647,5,Positive,Best purchase I've made this year.,Yes,41
05-25-2023,R001876,S005,P0153,Furniture,South,C02900,4,Positive,Pretty happy with this purchase.,Yes,14
05-25-2023,R001879,S002,P0046,Groceries,East,C02217,5,Positive,Best purchase I've made this year.,Yes,34
05-25-2023,R002200,S005,P0187,Toys,West,C01854,3,Neutral,Fair quality for the price paid.,Yes,5
05-25-2023,R002949,S003,P0028,Groceries,North,C00922,4,Positive,Pretty happy with this purchase.,Yes,1
05-25-2023,R003497,S002,P0131,Clothing,South,C01898,5,Positive,Best purchase I've made this year.,Yes,17
05-25-2023,R005108,S001,P0016,Furniture,North,C02388,4,Positive,Pretty happy with this purchase.,No,5
05-26-2023,R001246,S003,P0127,Furniture,South,C02952,5,Positive,"Excellent quality, exceeded my expectations!",Yes,23
05-26-2023,R002780,S005,P0147,Groceries,South,C02035,4,Positive,"Solid product, does what it says.",Yes,5
05-26-2023,R002925,S004,P0040,Toys,South,C00702,5,Positive,Best purchase I've made this year.,Yes,39
05-26-2023,R004092,S003,P0168,Furniture,North,C01648,3,Neutral,"Neutral experience, neither good nor bad.",Yes,3
05-26-2023,R004276,S002,P0109,Electronics,East,C00963,5,Positive,"Absolutely love this product, will buy again.",Yes,12
05-26-2023,R004423,S001,P0077,Groceries,West,C00714,5,Positive,"Excellent quality, exceeded my expectations!",Yes,17
05-26-2023,R005297,S003,P0031,Toys,South,C02797,4,Positive,"Works well, decent quality for the price.",Yes,3
05-26-2023,R005542,S001,P0066,Clothing,North,C00095,4,Positive,"Good value, would recommend to others.",Yes,11
05-27-2023,R000840,S002,P0147,Groceries,East,C02299,5,Positive,Fast delivery and great value for money.,Yes,36
05-27-2023,R001223,S004,P0132,Furniture,South,C01757,3,Neutral,"Neutral experience, neither good nor bad.",No,20
05-27-2023,R002303,S003,P0078,Toys,South,C01658,3,Neutral,"Neutral experience, neither good nor bad.",Yes,5
05-27-2023,R002920,S002,P0100,Electronics,East,C00110,1,Negative,"Terrible experience, would not buy again.",Yes,18
05-27-2023,R004590,S001,P0093,Electronics,North,C00402,4,Positive,"Works well, decent quality for the price.",Yes,15
05-27-2023,R005992,S004,P0095,Furniture,West,C00204,3,Neutral,Decent but could be better.,No,14
05-28-2023,R000349,S003,P0092,Electronics,East,C02297,1,Negative,"Very disappointed, product did not work.",No,6
05-28-2023,R000960,S004,P0051,Groceries,South,C01379,4,Positive,"Works well, decent quality for the price.",No,6
05-28-2023,R001931,S003,P0148,Clothing,East,C00594,4,Positive,"Good product overall, minor issues but satisfied.",Yes,16
05-28-2023,R001971,S005,P0105,Groceries,North,C01924,4,Positive,"Solid product, does what it says.",Yes,5
05-28-2023,R002138,S005,P0067,Clothing,East,C00674,5,Positive,"Highly recommend, works perfectly.",Yes,42
05-28-2023,R002409,S005,P0100,Electronics,South,C02985,1,Negative,"Product arrived damaged, very unhappy.",Yes,30
05-28-2023,R002638,S005,P0091,Electronics,North,C00638,4,Positive,"Good value, would recommend to others.",Yes,12
05-28-2023,R003600,S001,P0143,Clothing,South,C00020,5,Positive,"Absolutely love this product, will buy again.",No,42
05-28-2023,R004798,S004,P0193,Groceries,South,C00015,3,Neutral,"Neutral experience, neither good nor bad.",Yes,7
05-28-2023,R005161,S003,P0111,Furniture,North,C00503,3,Neutral,"Average product, nothing special.",Yes,7
05-29-2023,R000154,S002,P0098,Toys,East,C02178,1,Negative,"Waste of money, poor quality.",Yes,44
05-29-2023,R000972,S004,P0144,Clothing,West,C02533,5,Positive,"Absolutely love this product, will buy again.",Yes,12
05-29-2023,R004501,S004,P0046,Groceries,South,C01572,4,Positive,"Good value, would recommend to others.",Yes,12
05-29-2023,R005621,S004,P0048,Clothing,West,C01876,5,Positive,Fast delivery and great value for money.,Yes,21
05-30-2023,R002068,S004,P0007,Toys,East,C01778,1,Negative,"Waste of money, poor quality.",No,37
05-31-2023,R000947,S004,P0112,Electronics,East,C01357,5,Positive,Fast delivery and great value for money.,Yes,19
05-31-2023,R002459,S001,P0068,Clothing,East,C02674,5,Positive,Fast delivery and great value for money.,Yes,20
05-31-2023,R003978,S002,P0057,Furniture,East,C01068,4,Positive,Pretty happy with this purchase.,Yes,2
05-31-2023,R005794,S004,P0133,Groceries,East,C00067,5,Positive,"Highly recommend, works perfectly.",Yes,40
06-01-2023,R001313,S001,P0199,Electronics,West,C01665,4,Positive,"Good product overall, minor issues but satisfied.",Yes,13
06-01-2023,R001909,S004,P0168,Furniture,West,C02462,2,Negative,Disappointed with the product performance.,Yes,14
06-01-2023,R002049,S005,P0106,Furniture,West,C01758,5,Positive,Best purchase I've made this year.,No,23
06-01-2023,R002061,S005,P0108,Furniture,East,C00490,5,Positive,"Absolutely love this product, will buy again.",Yes,8
06-01-2023,R003625,S002,P0011,Groceries,East,C00828,5,Positive,"Highly recommend, works perfectly.",Yes,19
06-01-2023,R003832,S002,P0034,Groceries,South,C00449,3,Neutral,"Average product, nothing special.",Yes,19
06-01-2023,R004320,S002,P0024,Toys,South,C02528,5,Positive,"Absolutely love this product, will buy again.",Yes,46
06-01-2023,R004914,S004,P0120,Clothing,West,C02890,2,Negative,Disappointed with the product performance.,Yes,14
06-01-2023,R005191,S004,P0192,Clothing,North,C00066,4,Positive,"Good product overall, minor issues but satisfied.",Yes,7
06-02-2023,R000042,S002,P0135,Furniture,West,C02914,3,Neutral,Fair quality for the price paid.,Yes,20
06-02-2023,R000612,S001,P0129,Groceries,East,C02294,4,Positive,"Works well, decent quality for the price.",Yes,4
06-02-2023,R000795,S001,P0083,Electronics,West,C00830,4,Positive,"Good value, would recommend to others.",Yes,0
06-02-2023,R001096,S004,P0034,Groceries,South,C02019,4,Positive,"Good product overall, minor issues but satisfied.",Yes,16
06-02-2023,R001302,S005,P0001,Electronics,South,C01799,4,Positive,"Solid product, does what it says.",Yes,4
06-02-2023,R001479,S002,P0022,Toys,West,C02417,4,Positive,"Good value, would recommend to others.",Yes,19
06-02-2023,R002738,S003,P0181,Toys,North,C02003,5,Positive,Best purchase I've made this year.,Yes,12
06-02-2023,R003027,S002,P0018,Clothing,West,C00563,5,Positive,"Excellent quality, exceeded my expectations!",Yes,4
06-02-2023,R003173,S001,P0190,Toys,South,C02639,4,Positive,"Good value, would recommend to others.",No,10
06-02-2023,R003764,S005,P0029,Groceries,North,C01909,3,Neutral,Decent but could be better.,Yes,17
06-02-2023,R004245,S003,P0183,Toys,West,C02074,5,Positive,Best purchase I've made this year.,Yes,17
06-02-2023,R004313,S001,P0104,Electronics,East,C00841,1,Negative,"Terrible experience, would not buy again.",Yes,33
06-02-2023,R005019,S002,P0158,Electronics,West,C02238,5,Positive,Fast delivery and great value for money.,No,27
06-02-2023,R005464,S001,P0074,Electronics,East,C02601,1,Negative,"Terrible experience, would not buy again.",Yes,14
06-03-2023,R000051,S004,P0069,Toys,North,C00306,5,Positive,"Absolutely love this product, will buy again.",Yes,9
06-03-2023,R000120,S002,P0082,Clothing,South,C01653,5,Positive,"Absolutely love this product, will buy again.",Yes,17
06-03-2023,R000221,S004,P0047,Groceries,North,C00964,2,Negative,Disappointed with the product performance.,No,7
06-03-2023,R001118,S001,P0074,Electronics,South,C02757,3,Neutral,Decent but could be better.,Yes,3
06-03-2023,R002171,S004,P0095,Furniture,East,C02989,1,Negative,"Worst purchase, do not recommend.",Yes,14
06-03-2023,R002631,S002,P0176,Furniture,South,C02112,4,Positive,"Solid product, does what it says.",Yes,8
06-03-2023,R003885,S005,P0143,Clothing,East,C00784,1,Negative,"Product arrived damaged, very unhappy.",Yes,36
06-03-2023,R004090,S004,P0032,Clothing,West,C01638,2,Negative,"Not very satisfied, quality could improve.",Yes,16
06-03-2023,R004869,S003,P0101,Furniture,South,C02030,2,Negative,Poor packaging and average product.,Yes,2
06-03-2023,R005229,S004,P0143,Clothing,East,C00236,5,Positive,"Highly recommend, works perfectly.",Yes,42
06-03-2023,R005489,S005,P0192,Clothing,West,C01022,5,Positive,"Highly recommend, works perfectly.",Yes,38
06-03-2023,R005827,S005,P0090,Groceries,North,C02781,3,Neutral,Fair quality for the price paid.,Yes,10
06-04-2023,R000019,S002,P0179,Electronics,South,C01834,2,Negative,"Below expectations, had some issues.",Yes,3
06-04-2023,R000157,S002,P0069,Toys,South,C00634,3,Neutral,Fair quality for the price paid.,Yes,7
06-04-2023,R000680,S001,P0086,Furniture,West,C02092,5,Positive,"Absolutely love this product, will buy again.",Yes,14
06-04-2023,R000715,S004,P0075,Furniture,South,C00411,4,Positive,"Works well, decent quality for the price.",Yes,15
06-04-2023,R001486,S003,P0044,Clothing,West,C02213,3,Neutral,"Average product, nothing special.",Yes,8
06-04-2023,R001561,S002,P0058,Groceries,South,C01814,3,Neutral,Decent but could be better.,Yes,12
06-04-2023,R002140,S005,P0014,Toys,North,C02223,5,Positive,Best purchase I've made this year.,Yes,3
06-04-2023,R002395,S003,P0059,Furniture,West,C02123,5,Positive,"Absolutely love this product, will buy again.",Yes,23
06-04-2023,R002804,S002,P0173,Clothing,West,C00059,4,Positive,Pretty happy with this purchase.,Yes,13
06-04-2023,R004709,S005,P0128,Furniture,North,C02443,4,Positive,"Good product overall, minor issues but satisfied.",Yes,4
06-04-2023,R005004,S002,P0103,Toys,West,C02300,1,Negative,"Terrible experience, would not buy again.",Yes,34
06-05-2023,R000385,S001,P0105,Groceries,South,C02819,5,Positive,Fast delivery and great value for money.,Yes,29
06-05-2023,R000463,S001,P0101,Furniture,East,C02570,3,Neutral,Decent but could be better.,Yes,9
06-05-2023,R001123,S003,P0024,Toys,East,C02440,5,Positive,"Excellent quality, exceeded my expectations!",Yes,31
06-05-2023,R001625,S004,P0197,Electronics,South,C01893,4,Positive,Pretty happy with this purchase.,Yes,2
06-05-2023,R002090,S004,P0095,Furniture,South,C01030,3,Neutral,"Average product, nothing special.",Yes,0
06-05-2023,R002095,S001,P0082,Clothing,South,C02764,5,Positive,"Excellent quality, exceeded my expectations!",Yes,38
06-05-2023,R002364,S004,P0158,Electronics,South,C01678,5,Positive,"Excellent quality, exceeded my expectations!",Yes,32
06-05-2023,R002989,S001,P0128,Furniture,East,C01407,4,Positive,"Good product overall, minor issues but satisfied.",Yes,0
06-05-2023,R003305,S002,P0002,Clothing,South,C00388,5,Positive,"Highly recommend, works perfectly.",Yes,28
06-05-2023,R003658,S002,P0147,Groceries,East,C01051,4,Positive,"Works well, decent quality for the price.",Yes,17
06-05-2023,R004351,S004,P0006,Groceries,East,C01491,5,Positive,Fast delivery and great value for money.,No,23
06-06-2023,R000704,S001,P0029,Groceries,South,C02439,4,Positive,"Good value, would recommend to others.",No,0
06-06-2023,R000922,S003,P0183,Toys,East,C00978,4,Positive,"Works well, decent quality for the price.",Yes,7
06-06-2023,R001986,S003,P0083,Electronics,West,C02581,3,Neutral,"It's okay, met basic expectations.",Yes,15
06-06-2023,R002555,S005,P0017,Toys,South,C02058,3,Neutral,Decent but could be better.,Yes,0
06-06-2023,R004238,S004,P0135,Furniture,North,C02851,5,Positive,"Excellent quality, exceeded my expectations!",Yes,12
06-06-2023,R005783,S001,P0120,Clothing,West,C00436,4,Positive,Pretty happy with this purchase.,Yes,16
06-07-2023,R000527,S003,P0197,Electronics,North,C01045,5,Positive,"Excellent quality, exceeded my expectations!",Yes,26
06-07-2023,R000541,S003,P0055,Groceries,West,C01919,5,Positive,Fast delivery and great value for money.,No,29
06-07-2023,R001102,S002,P0067,Clothing,South,C00949,4,Positive,"Works well, decent quality for the price.",Yes,19
06-07-2023,R001873,S005,P0051,Groceries,North,C02462,4,Positive,Pretty happy with this purchase.,No,2
06-07-2023,R002077,S002,P0093,Electronics,North,C00333,5,Positive,"Excellent quality, exceeded my expectations!",Yes,4
06-07-2023,R003556,S004,P0063,Furniture,North,C01019,3,Neutral,Fair quality for the price paid.,Yes,18
06-07-2023,R004130,S005,P0102,Toys,North,C02398,2,Negative,"Below expectations, had some issues.",Yes,3
06-07-2023,R004379,S004,P0033,Toys,East,C02775,3,Neutral,Fair quality for the price paid.,Yes,0
06-07-2023,R005394,S005,P0153,Furniture,West,C01601,4,Positive,"Good value, would recommend to others.",Yes,10
06-08-2023,R000116,S001,P0014,Toys,North,C00106,3,Neutral,"It's okay, met basic expectations.",No,19
06-08-2023,R000549,S004,P0173,Clothing,East,C00789,4,Positive,"Works well, decent quality for the price.",Yes,6
06-08-2023,R000617,S001,P0126,Clothing,West,C00286,4,Positive,"Good product overall, minor issues but satisfied.",No,17
06-08-2023,R001240,S005,P0168,Furniture,North,C01663,1,Negative,"Terrible experience, would not buy again.",Yes,34
06-08-2023,R001493,S001,P0154,Groceries,East,C01813,3,Neutral,"It's okay, met basic expectations.",Yes,9
06-08-2023,R002027,S002,P0169,Toys,South,C01109,4,Positive,"Solid product, does what it says.",Yes,2
06-08-2023,R002628,S004,P0076,Electronics,North,C02124,3,Neutral,"Average product, nothing special.",Yes,16
06-08-2023,R002818,S003,P0013,Toys,South,C02684,4,Positive,"Good product overall, minor issues but satisfied.",Yes,8
06-08-2023,R003180,S004,P0172,Toys,East,C00109,4,Positive,"Works well, decent quality for the price.",Yes,2
06-08-2023,R003260,S001,P0155,Electronics,North,C00646,5,Positive,Best purchase I've made this year.,Yes,17
06-08-2023,R003616,S002,P0109,Electronics,East,C01518,3,Neutral,"Neutral experience, neither good nor bad.",Yes,6
06-08-2023,R004337,S002,P0008,Electronics,North,C02645,5,Positive,"Absolutely love this product, will buy again.",No,47
06-08-2023,R004566,S003,P0028,Groceries,West,C01526,5,Positive,Best purchase I've made this year.,Yes,30
06-08-2023,R004863,S004,P0160,Groceries,South,C00746,4,Positive,"Solid product, does what it says.",No,19
06-08-2023,R005485,S002,P0032,Clothing,East,C02961,2,Negative,"Below expectations, had some issues.",Yes,2
06-08-2023,R005526,S001,P0039,Groceries,South,C01778,1,Negative,"Product arrived damaged, very unhappy.",No,18
06-09-2023,R000407,S001,P0172,Toys,East,C02219,3,Neutral,"Neutral experience, neither good nor bad.",Yes,9
06-09-2023,R002837,S002,P0179,Electronics,West,C02847,1,Negative,"Very disappointed, product did not work.",Yes,27
06-09-2023,R003154,S002,P0042,Electronics,West,C02442,4,Positive,"Good value, would recommend to others.",Yes,18
06-09-2023,R003471,S003,P0020,Groceries,West,C02137,4,Positive,Pretty happy with this purchase.,Yes,13
06-09-2023,R003961,S004,P0143,Clothing,North,C00932,5,Positive,"Excellent quality, exceeded my expectations!",Yes,39
06-09-2023,R004137,S001,P0122,Furniture,South,C00744,2,Negative,Disappointed with the product performance.,Yes,16
06-09-2023,R004451,S001,P0099,Toys,West,C02375,2,Negative,"Below expectations, had some issues.",Yes,12
06-09-2023,R004587,S002,P0067,Clothing,East,C01797,4,Positive,"Good product overall, minor issues but satisfied.",Yes,3
06-09-2023,R004676,S002,P0165,Furniture,West,C01178,3,Neutral,"Neutral experience, neither good nor bad.",Yes,8
06-09-2023,R005716,S002,P0178,Toys,East,C02853,5,Positive,"Highly recommend, works perfectly.",Yes,50
06-10-2023,R000339,S005,P0092,Electronics,North,C01448,5,Positive,"Highly recommend, works perfectly.",Yes,35
06-10-2023,R000579,S003,P0055,Groceries,North,C00839,4,Positive,"Works well, decent quality for the price.",No,8
06-10-2023,R001418,S003,P0130,Electronics,East,C02026,3,Neutral,"Neutral experience, neither good nor bad.",Yes,4
06-10-2023,R001472,S005,P0047,Groceries,South,C01992,4,Positive,"Solid product, does what it says.",Yes,15
06-10-2023,R001992,S002,P0180,Groceries,East,C02040,4,Positive,"Good product overall, minor issues but satisfied.",No,16
06-10-2023,R003492,S004,P0185,Clothing,East,C00845,4,Positive,"Solid product, does what it says.",Yes,8
06-10-2023,R005357,S001,P0188,Electronics,West,C02466,2,Negative,"Below expectations, had some issues.",Yes,13
06-11-2023,R002978,S004,P0026,Groceries,South,C02769,1,Negative,"Waste of money, poor quality.",Yes,42
06-11-2023,R003233,S002,P0010,Toys,South,C01349,4,Positive,"Works well, decent quality for the price.",Yes,0
06-11-2023,R003339,S004,P0126,Clothing,East,C01913,5,Positive,"Highly recommend, works perfectly.",No,33
06-11-2023,R004577,S004,P0054,Toys,West,C01720,4,Positive,Pretty happy with this purchase.,Yes,20
06-12-2023,R000610,S002,P0126,Clothing,West,C02478,3,Neutral,"It's okay, met basic expectations.",No,17
06-12-2023,R000669,S003,P0173,Clothing,North,C00276,4,Positive,"Good product overall, minor issues but satisfied.",Yes,13
06-12-2023,R001445,S002,P0116,Furniture,East,C01579,5,Positive,"Excellent quality, exceeded my expectations!",Yes,33
06-12-2023,R002197,S002,P0131,Clothing,East,C02500,4,Positive,"Good product overall, minor issues but satisfied.",No,17
06-12-2023,R003696,S002,P0072,Groceries,West,C01204,3,Neutral,"Neutral experience, neither good nor bad.",Yes,8
06-12-2023,R003924,S003,P0085,Furniture,East,C01624,5,Positive,Fast delivery and great value for money.,No,4
06-12-2023,R004649,S004,P0079,Toys,East,C01306,4,Positive,"Works well, decent quality for the price.",Yes,1
06-12-2023,R005506,S002,P0082,Clothing,South,C02906,4,Positive,Pretty happy with this purchase.,Yes,13
06-12-2023,R005547,S004,P0123,Furniture,East,C01484,4,Positive,"Good product overall, minor issues but satisfied.",Yes,14
06-13-2023,R000640,S002,P0128,Furniture,East,C02830,3,Neutral,"It's okay, met basic expectations.",Yes,16
06-13-2023,R001130,S001,P0012,Clothing,North,C01681,5,Positive,Fast delivery and great value for money.,Yes,22
06-13-2023,R001458,S004,P0083,Electronics,East,C02919,4,Positive,Pretty happy with this purchase.,Yes,15
06-13-2023,R004048,S001,P0151,Toys,West,C02507,4,Positive,"Works well, decent quality for the price.",Yes,0
06-13-2023,R004127,S005,P0039,Groceries,East,C01052,3,Neutral,Decent but could be better.,Yes,10
06-13-2023,R004260,S001,P0020,Groceries,North,C02728,5,Positive,Fast delivery and great value for money.,Yes,35
06-13-2023,R004484,S001,P0118,Clothing,North,C00701,3,Neutral,"Neutral experience, neither good nor bad.",Yes,8
06-13-2023,R004493,S004,P0178,Toys,East,C01636,4,Positive,Pretty happy with this purchase.,Yes,1
06-13-2023,R004600,S002,P0197,Electronics,West,C00074,4,Positive,Pretty happy with this purchase.,No,11
06-13-2023,R004620,S001,P0165,Furniture,East,C02725,5,Positive,"Excellent quality, exceeded my expectations!",Yes,39
06-13-2023,R005199,S001,P0071,Electronics,North,C01803,5,Positive,"Absolutely love this product, will buy again.",Yes,17
06-13-2023,R005407,S002,P0186,Groceries,West,C02755,5,Positive,"Highly recommend, works perfectly.",Yes,28
06-13-2023,R005900,S003,P0192,Clothing,North,C00318,5,Positive,"Highly recommend, works perfectly.",Yes,39
06-14-2023,R000014,S004,P0129,Groceries,East,C02092,4,Positive,"Solid product, does what it says.",Yes,14
06-14-2023,R000398,S002,P0002,Clothing,East,C02705,4,Positive,"Solid product, does what it says.",Yes,11
06-14-2023,R001456,S004,P0002,Clothing,South,C00506,2,Negative,"Below expectations, had some issues.",Yes,3
06-14-2023,R001630,S001,P0012,Clothing,North,C00937,5,Positive,Best purchase I've made this year.,Yes,40
06-14-2023,R001950,S005,P0065,Electronics,North,C02808,4,Positive,"Works well, decent quality for the price.",Yes,14
06-14-2023,R002157,S002,P0027,Toys,West,C00351,1,Negative,"Waste of money, poor quality.",Yes,50
06-14-2023,R002357,S005,P0186,Groceries,North,C01261,4,Positive,"Good product overall, minor issues but satisfied.",Yes,0
06-15-2023,R000239,S003,P0086,Furniture,South,C00370,2,Negative,"Would not recommend, had problems.",Yes,15
06-15-2023,R000280,S005,P0028,Groceries,West,C02141,5,Positive,"Absolutely love this product, will buy again.",Yes,29
06-15-2023,R000766,S001,P0036,Electronics,South,C01807,3,Neutral,"Neutral experience, neither good nor bad.",Yes,7
06-15-2023,R002015,S003,P0107,Electronics,South,C01635,4,Positive,"Solid product, does what it says.",Yes,2
06-15-2023,R002074,S002,P0081,Furniture,North,C02027,3,Neutral,"It's okay, met basic expectations.",Yes,9
06-15-2023,R002801,S004,P0083,Electronics,West,C01574,5,Positive,Fast delivery and great value for money.,Yes,14
06-15-2023,R003351,S003,P0010,Toys,North,C01095,4,Positive,"Works well, decent quality for the price.",Yes,13
06-15-2023,R003499,S003,P0045,Toys,South,C02382,5,Positive,Fast delivery and great value for money.,Yes,20
06-15-2023,R003881,S002,P0011,Groceries,West,C02684,4,Positive,Pretty happy with this purchase.,Yes,1
06-15-2023,R004253,S004,P0133,Groceries,East,C00708,5,Positive,"Absolutely love this product, will buy again.",Yes,45
06-15-2023,R004531,S001,P0146,Furniture,East,C02069,3,Neutral,"It's okay, met basic expectations.",Yes,20
06-15-2023,R004592,S002,P0026,Groceries,North,C02889,4,Positive,Pretty happy with this purchase.,Yes,19
06-15-2023,R005609,S003,P0035,Clothing,West,C02202,2,Negative,"Below expectations, had some issues.",Yes,5
06-16-2023,R000877,S003,P0133,Groceries,North,C01522,5,Positive,Fast delivery and great value for money.,Yes,38
06-16-2023,R002053,S003,P0079,Toys,West,C00199,2,Negative,"Would not recommend, had problems.",Yes,10
06-16-2023,R002766,S005,P0115,Toys,West,C00567,4,Positive,"Good product overall, minor issues but satisfied.",Yes,15
06-16-2023,R004328,S001,P0075,Furniture,South,C02867,5,Positive,Fast delivery and great value for money.,Yes,4
06-16-2023,R004483,S003,P0019,Toys,West,C01532,4,Positive,"Good product overall, minor issues but satisfied.",Yes,11
06-17-2023,R000254,S001,P0112,Electronics,East,C00464,1,Negative,"Terrible experience, would not buy again.",Yes,41
06-17-2023,R000412,S003,P0023,Groceries,South,C02277,4,Positive,Pretty happy with this purchase.,Yes,13
06-17-2023,R001664,S003,P0114,Groceries,South,C00136,1,Negative,"Worst purchase, do not recommend.",No,9
06-17-2023,R002158,S005,P0161,Groceries,West,C00642,2,Negative,"Would not recommend, had problems.",Yes,15
06-17-2023,R002657,S002,P0030,Furniture,West,C00173,5,Positive,Fast delivery and great value for money.,Yes,41
06-17-2023,R002953,S001,P0023,Groceries,North,C02087,5,Positive,Fast delivery and great value for money.,Yes,3
06-17-2023,R003606,S002,P0195,Clothing,East,C02272,5,Positive,"Excellent quality, exceeded my expectations!",Yes,35
06-17-2023,R003951,S002,P0153,Furniture,West,C00855,2,Negative,"Would not recommend, had problems.",No,10
06-17-2023,R004205,S001,P0128,Furniture,South,C02323,4,Positive,"Good value, would recommend to others.",Yes,7
06-17-2023,R004793,S003,P0139,Clothing,East,C00127,5,Positive,Fast delivery and great value for money.,Yes,19
06-17-2023,R005110,S002,P0055,Groceries,North,C01921,5,Positive,Fast delivery and great value for money.,Yes,17
06-18-2023,R000107,S002,P0018,Clothing,West,C01236,4,Positive,"Works well, decent quality for the price.",Yes,1
06-18-2023,R000213,S003,P0134,Electronics,South,C00827,4,Positive,"Solid product, does what it says.",Yes,6
06-18-2023,R000658,S001,P0142,Clothing,South,C00562,4,Positive,"Works well, decent quality for the price.",No,15
06-18-2023,R001129,S002,P0054,Toys,West,C02820,4,Positive,"Solid product, does what it says.",Yes,0
06-18-2023,R004366,S004,P0185,Clothing,East,C01884,3,Neutral,"It's okay, met basic expectations.",No,10
06-18-2023,R005743,S001,P0074,Electronics,West,C00457,5,Positive,Best purchase I've made this year.,Yes,13
06-18-2023,R005952,S001,P0187,Toys,West,C00078,5,Positive,Best purchase I've made this year.,No,0
06-19-2023,R000558,S005,P0050,Toys,North,C02337,5,Positive,Fast delivery and great value for money.,Yes,44
06-19-2023,R001932,S002,P0131,Clothing,North,C02975,5,Positive,"Absolutely love this product, will buy again.",Yes,12
06-19-2023,R002502,S002,P0003,Furniture,North,C02430,5,Positive,"Highly recommend, works perfectly.",Yes,31
06-19-2023,R002730,S003,P0096,Groceries,South,C01908,4,Positive,"Works well, decent quality for the price.",Yes,4
06-19-2023,R003362,S003,P0191,Toys,East,C02431,4,Positive,"Good value, would recommend to others.",No,8
06-19-2023,R003437,S003,P0087,Toys,North,C01855,5,Positive,"Absolutely love this product, will buy again.",Yes,33
06-19-2023,R004020,S004,P0183,Toys,South,C00705,5,Positive,"Absolutely love this product, will buy again.",Yes,45
06-19-2023,R004930,S002,P0177,Clothing,East,C00478,5,Positive,"Highly recommend, works perfectly.",Yes,36
06-19-2023,R005170,S005,P0008,Electronics,West,C00578,1,Negative,"Product arrived damaged, very unhappy.",Yes,44
06-19-2023,R005545,S004,P0144,Clothing,East,C00137,4,Positive,"Works well, decent quality for the price.",Yes,15
06-19-2023,R005776,S005,P0103,Toys,West,C00157,3,Neutral,"It's okay, met basic expectations.",No,4
06-20-2023,R000138,S003,P0076,Electronics,East,C00063,5,Positive,"Highly recommend, works perfectly.",Yes,15
06-20-2023,R000399,S003,P0098,Toys,South,C00004,5,Positive,"Absolutely love this product, will buy again.",Yes,3
06-20-2023,R001194,S002,P0059,Furniture,North,C01992,5,Positive,"Excellent quality, exceeded my expectations!",No,50
06-20-2023,R001351,S003,P0126,Clothing,East,C02006,4,Positive,"Works well, decent quality for the price.",Yes,9
06-20-2023,R001615,S004,P0123,Furniture,South,C02724,5,Positive,"Excellent quality, exceeded my expectations!",No,36
06-20-2023,R002231,S004,P0021,Furniture,West,C01714,5,Positive,"Absolutely love this product, will buy again.",Yes,35
06-20-2023,R002979,S003,P0043,Groceries,North,C00078,5,Positive,Fast delivery and great value for money.,Yes,28
06-20-2023,R003366,S001,P0028,Groceries,South,C01036,3,Neutral,"Average product, nothing special.",Yes,12
06-20-2023,R004730,S002,P0074,Electronics,West,C00262,4,Positive,"Good value, would recommend to others.",Yes,3
06-20-2023,R005623,S001,P0020,Groceries,West,C01681,3,Neutral,"Average product, nothing special.",No,5
06-21-2023,R000052,S003,P0093,Electronics,East,C01146,4,Positive,"Solid product, does what it says.",No,11
06-21-2023,R000608,S003,P0132,Furniture,South,C00237,5,Positive,"Highly recommend, works perfectly.",Yes,47
06-21-2023,R000854,S002,P0034,Groceries,North,C01530,4,Positive,"Good value, would recommend to others.",Yes,6
06-21-2023,R001165,S004,P0046,Groceries,South,C00764,1,Negative,"Terrible experience, would not buy again.",Yes,48
06-21-2023,R001277,S005,P0050,Toys,South,C00178,1,Negative,"Worst purchase, do not recommend.",Yes,44
06-21-2023,R001325,S003,P0186,Groceries,West,C01360,4,Positive,"Good product overall, minor issues but satisfied.",No,5
06-21-2023,R002827,S003,P0056,Clothing,South,C00293,5,Positive,"Absolutely love this product, will buy again.",Yes,15
06-21-2023,R003608,S002,P0180,Groceries,South,C01947,5,Positive,Best purchase I've made this year.,Yes,13
06-21-2023,R004710,S005,P0124,Furniture,West,C02814,4,Positive,"Works well, decent quality for the price.",Yes,19
06-21-2023,R004760,S003,P0151,Toys,North,C01071,3,Neutral,Fair quality for the price paid.,No,13
06-21-2023,R005570,S004,P0178,Toys,East,C01052,4,Positive,"Good value, would recommend to others.",Yes,2
06-22-2023,R000272,S002,P0026,Groceries,North,C02657,4,Positive,"Good value, would recommend to others.",Yes,18
06-22-2023,R001898,S001,P0008,Electronics,West,C00738,4,Positive,Pretty happy with this purchase.,Yes,3
06-22-2023,R002083,S001,P0177,Clothing,South,C00408,1,Negative,"Product arrived damaged, very unhappy.",Yes,38
06-22-2023,R002245,S004,P0175,Clothing,South,C01897,4,Positive,Pretty happy with this purchase.,Yes,13
06-22-2023,R002783,S002,P0025,Clothing,North,C01799,5,Positive,"Absolutely love this product, will buy again.",Yes,25
06-22-2023,R004195,S002,P0196,Electronics,South,C00100,5,Positive,Best purchase I've made this year.,Yes,44
06-22-2023,R004264,S001,P0059,Furniture,South,C01007,1,Negative,"Very disappointed, product did not work.",Yes,2
06-22-2023,R005510,S004,P0105,Groceries,South,C01555,3,Neutral,"It's okay, met basic expectations.",Yes,9
06-23-2023,R002029,S001,P0024,Toys,East,C01985,3,Neutral,"Neutral experience, neither good nor bad.",Yes,19
06-23-2023,R002034,S004,P0009,Groceries,East,C01802,3,Neutral,"Neutral experience, neither good nor bad.",Yes,14
06-23-2023,R003759,S003,P0004,Toys,West,C00117,4,Positive,Pretty happy with this purchase.,Yes,3
06-23-2023,R005872,S005,P0010,Toys,West,C01489,1,Negative,"Worst purchase, do not recommend.",Yes,44
06-23-2023,R005997,S002,P0018,Clothing,East,C00449,5,Positive,"Absolutely love this product, will buy again.",Yes,50
06-24-2023,R000649,S004,P0197,Electronics,South,C01644,4,Positive,Pretty happy with this purchase.,Yes,15
06-24-2023,R001525,S004,P0052,Toys,South,C01055,4,Positive,Pretty happy with this purchase.,Yes,19
06-24-2023,R001901,S004,P0142,Clothing,South,C02077,4,Positive,"Good value, would recommend to others.",Yes,17
06-24-2023,R002752,S004,P0190,Toys,North,C02735,3,Neutral,Fair quality for the price paid.,Yes,20
06-24-2023,R003668,S005,P0085,Furniture,South,C02444,5,Positive,"Absolutely love this product, will buy again.",Yes,20
06-24-2023,R005255,S001,P0121,Clothing,North,C00506,3,Neutral,"Average product, nothing special.",Yes,6
06-25-2023,R001335,S002,P0175,Clothing,South,C00268,4,Positive,"Works well, decent quality for the price.",No,13
06-25-2023,R001422,S003,P0057,Furniture,West,C01234,5,Positive,Best purchase I've made this year.,Yes,49
06-25-2023,R001896,S001,P0184,Groceries,West,C02766,5,Positive,"Highly recommend, works perfectly.",Yes,25
06-25-2023,R002559,S004,P0009,Groceries,North,C00734,5,Positive,"Absolutely love this product, will buy again.",Yes,13
06-25-2023,R003618,S004,P0096,Groceries,South,C02191,4,Positive,"Good product overall, minor issues but satisfied.",Yes,20
06-25-2023,R004867,S004,P0162,Toys,North,C00389,2,Negative,"Below expectations, had some issues.",Yes,14
06-25-2023,R005664,S002,P0085,Furniture,South,C02229,3,Neutral,"Neutral experience, neither good nor bad.",Yes,6
06-25-2023,R005848,S004,P0187,Toys,West,C02775,2,Negative,Poor packaging and average product.,Yes,10
06-26-2023,R000906,S003,P0156,Groceries,North,C02195,2,Negative,"Not very satisfied, quality could improve.",Yes,20
06-26-2023,R001091,S002,P0106,Furniture,East,C00257,5,Positive,"Absolutely love this product, will buy again.",Yes,2
06-26-2023,R001404,S001,P0150,Electronics,North,C02017,3,Neutral,"Neutral experience, neither good nor bad.",No,19
06-26-2023,R001545,S001,P0145,Toys,North,C00561,5,Positive,"Excellent quality, exceeded my expectations!",No,34
06-26-2023,R002519,S003,P0162,Toys,East,C01120,5,Positive,Fast delivery and great value for money.,Yes,45
06-26-2023,R002709,S001,P0050,Toys,North,C01851,5,Positive,Fast delivery and great value for money.,Yes,37
06-26-2023,R003510,S002,P0104,Electronics,South,C01378,5,Positive,"Absolutely love this product, will buy again.",Yes,9
06-26-2023,R004089,S001,P0074,Electronics,South,C01340,3,Neutral,"Neutral experience, neither good nor bad.",Yes,19
06-26-2023,R004164,S004,P0141,Clothing,East,C01379,5,Positive,Fast delivery and great value for money.,No,16
06-26-2023,R005055,S002,P0041,Groceries,East,C00313,4,Positive,"Solid product, does what it says.",Yes,7
06-26-2023,R005626,S004,P0131,Clothing,West,C00542,4,Positive,"Works well, decent quality for the price.",Yes,16
06-27-2023,R002086,S001,P0177,Clothing,East,C02783,4,Positive,"Good value, would recommend to others.",Yes,15
06-27-2023,R002116,S002,P0122,Furniture,North,C00034,5,Positive,Fast delivery and great value for money.,No,17
06-27-2023,R002705,S004,P0096,Groceries,South,C00648,4,Positive,"Solid product, does what it says.",Yes,4
06-27-2023,R003604,S002,P0073,Furniture,West,C00847,4,Positive,"Good product overall, minor issues but satisfied.",Yes,9
06-27-2023,R003956,S003,P0177,Clothing,West,C02033,4,Positive,"Works well, decent quality for the price.",Yes,16
06-27-2023,R004093,S004,P0073,Furniture,South,C02819,4,Positive,"Good product overall, minor issues but satisfied.",Yes,17
06-27-2023,R004573,S005,P0048,Clothing,East,C00969,5,Positive,"Excellent quality, exceeded my expectations!",No,25
06-27-2023,R005822,S004,P0046,Groceries,South,C01820,4,Positive,"Good product overall, minor issues but satisfied.",No,10
06-27-2023,R005918,S002,P0083,Electronics,South,C01089,4,Positive,"Good value, would recommend to others.",Yes,11
06-28-2023,R000485,S005,P0059,Furniture,East,C01154,4,Positive,"Works well, decent quality for the price.",Yes,18
06-28-2023,R000751,S004,P0071,Electronics,East,C00865,3,Neutral,"Neutral experience, neither good nor bad.",Yes,17
06-28-2023,R001518,S001,P0085,Furniture,West,C02917,5,Positive,"Excellent quality, exceeded my expectations!",Yes,2
06-28-2023,R002874,S001,P0177,Clothing,North,C01275,5,Positive,"Highly recommend, works perfectly.",Yes,16
06-28-2023,R003149,S003,P0120,Clothing,West,C01888,3,Neutral,"Average product, nothing special.",Yes,6
06-28-2023,R003941,S004,P0031,Toys,North,C00142,4,Positive,"Solid product, does what it says.",No,15
06-28-2023,R004035,S001,P0171,Furniture,South,C02686,5,Positive,Best purchase I've made this year.,Yes,39
06-28-2023,R004057,S001,P0121,Clothing,South,C00027,4,Positive,"Good product overall, minor issues but satisfied.",Yes,20
06-28-2023,R005741,S004,P0161,Groceries,North,C02926,5,Positive,Best purchase I've made this year.,Yes,14
06-29-2023,R000819,S003,P0180,Groceries,East,C01200,2,Negative,"Not very satisfied, quality could improve.",Yes,9
06-29-2023,R001443,S003,P0083,Electronics,North,C01409,2,Negative,Disappointed with the product performance.,Yes,2
06-29-2023,R001572,S002,P0160,Groceries,South,C00858,5,Positive,"Excellent quality, exceeded my expectations!",No,34
06-29-2023,R001642,S003,P0164,Groceries,North,C02577,3,Neutral,Decent but could be better.,Yes,20
06-29-2023,R002091,S004,P0106,Furniture,East,C02747,3,Neutral,Decent but could be better.,Yes,20
06-29-2023,R002728,S005,P0080,Groceries,West,C00453,4,Positive,"Good value, would recommend to others.",Yes,17
06-29-2023,R003736,S004,P0047,Groceries,North,C02746,2,Negative,"Not very satisfied, quality could improve.",Yes,20
06-29-2023,R005583,S005,P0167,Furniture,South,C02760,4,Positive,"Solid product, does what it says.",Yes,3
06-29-2023,R005732,S003,P0052,Toys,East,C01404,3,Neutral,"Neutral experience, neither good nor bad.",No,20
06-30-2023,R000935,S003,P0133,Groceries,South,C02744,1,Negative,"Product arrived damaged, very unhappy.",Yes,16
06-30-2023,R001810,S003,P0072,Groceries,South,C01072,5,Positive,Fast delivery and great value for money.,Yes,3
06-30-2023,R002045,S005,P0176,Furniture,South,C00669,5,Positive,Best purchase I've made this year.,No,45
06-30-2023,R002109,S003,P0039,Groceries,North,C00903,4,Positive,"Solid product, does what it says.",Yes,3
06-30-2023,R002371,S004,P0151,Toys,West,C02688,5,Positive,"Absolutely love this product, will buy again.",Yes,33
06-30-2023,R003124,S002,P0150,Electronics,East,C01416,5,Positive,Fast delivery and great value for money.,Yes,11
06-30-2023,R003336,S004,P0160,Groceries,East,C02739,2,Negative,"Would not recommend, had problems.",No,18
06-30-2023,R004570,S003,P0168,Furniture,West,C02300,3,Neutral,Decent but could be better.,Yes,8
07-01-2023,R002046,S002,P0159,Clothing,North,C00108,4,Positive,"Works well, decent quality for the price.",Yes,1
07-01-2023,R002203,S004,P0170,Furniture,North,C01544,5,Positive,"Excellent quality, exceeded my expectations!",Yes,49
07-01-2023,R002807,S001,P0118,Clothing,South,C02348,4,Positive,"Good value, would recommend to others.",Yes,13
07-01-2023,R002995,S003,P0153,Furniture,South,C02950,3,Neutral,"Average product, nothing special.",Yes,9
07-01-2023,R003405,S002,P0179,Electronics,West,C02575,4,Positive,"Good value, would recommend to others.",Yes,16
07-01-2023,R005070,S001,P0186,Groceries,North,C02537,5,Positive,Best purchase I've made this year.,Yes,36
07-01-2023,R005669,S001,P0102,Toys,East,C00049,4,Positive,Pretty happy with this purchase.,Yes,13
07-01-2023,R005980,S005,P0144,Clothing,South,C02067,1,Negative,"Very disappointed, product did not work.",Yes,42
07-02-2023,R000845,S004,P0154,Groceries,East,C01273,3,Neutral,"It's okay, met basic expectations.",Yes,0
07-02-2023,R001661,S004,P0019,Toys,North,C01250,1,Negative,"Terrible experience, would not buy again.",Yes,23
07-02-2023,R002062,S005,P0165,Furniture,North,C02912,5,Positive,"Absolutely love this product, will buy again.",Yes,36
07-02-2023,R002174,S003,P0087,Toys,East,C02158,5,Positive,Fast delivery and great value for money.,Yes,23
07-02-2023,R003671,S001,P0045,Toys,East,C01240,4,Positive,"Good product overall, minor issues but satisfied.",Yes,14
07-02-2023,R003898,S005,P0112,Electronics,South,C00698,1,Negative,"Waste of money, poor quality.",Yes,49
07-02-2023,R003910,S004,P0096,Groceries,East,C02993,1,Negative,"Worst purchase, do not recommend.",Yes,48
07-02-2023,R004269,S002,P0035,Clothing,North,C02400,5,Positive,"Highly recommend, works perfectly.",Yes,28
07-02-2023,R005010,S003,P0106,Furniture,West,C01114,4,Positive,"Solid product, does what it says.",Yes,20
07-02-2023,R005227,S002,P0092,Electronics,North,C01369,5,Positive,"Highly recommend, works perfectly.",Yes,31
07-02-2023,R005903,S003,P0008,Electronics,East,C02879,1,Negative,"Worst purchase, do not recommend.",Yes,10
07-03-2023,R000526,S001,P0019,Toys,South,C00463,5,Positive,"Highly recommend, works perfectly.",Yes,41
07-03-2023,R001624,S002,P0154,Groceries,West,C00085,5,Positive,Best purchase I've made this year.,Yes,39
07-03-2023,R002149,S005,P0005,Toys,South,C02600,5,Positive,"Excellent quality, exceeded my expectations!",Yes,30
07-03-2023,R003168,S004,P0120,Clothing,West,C00270,5,Positive,"Highly recommend, works perfectly.",Yes,31
07-03-2023,R003389,S005,P0114,Groceries,West,C00325,5,Positive,"Absolutely love this product, will buy again.",Yes,37
07-03-2023,R004679,S004,P0183,Toys,East,C02268,2,Negative,Disappointed with the product performance.,Yes,16
07-03-2023,R004742,S005,P0139,Clothing,East,C01258,3,Neutral,"Neutral experience, neither good nor bad.",Yes,11
07-03-2023,R005408,S001,P0038,Clothing,North,C01109,4,Positive,"Good product overall, minor issues but satisfied.",Yes,1
07-03-2023,R005874,S004,P0077,Groceries,South,C02803,3,Neutral,"It's okay, met basic expectations.",Yes,2
07-04-2023,R000486,S001,P0058,Groceries,East,C01098,5,Positive,"Highly recommend, works perfectly.",Yes,4
07-04-2023,R001591,S004,P0163,Furniture,North,C00622,2,Negative,"Below expectations, had some issues.",Yes,15
07-04-2023,R001767,S001,P0049,Electronics,North,C00237,3,Neutral,"It's okay, met basic expectations.",Yes,14
07-04-2023,R002233,S003,P0134,Electronics,South,C01288,5,Positive,Best purchase I've made this year.,No,17
07-04-2023,R002539,S001,P0060,Electronics,North,C00555,5,Positive,"Excellent quality, exceeded my expectations!",Yes,15
07-04-2023,R003649,S001,P0058,Groceries,West,C00018,4,Positive,"Works well, decent quality for the price.",Yes,18
07-04-2023,R004275,S001,P0023,Groceries,West,C01309,4,Positive,Pretty happy with this purchase.,Yes,18
07-04-2023,R005073,S002,P0031,Toys,North,C02254,2,Negative,"Not very satisfied, quality could improve.",Yes,17
07-04-2023,R005098,S005,P0035,Clothing,West,C02409,5,Positive,Fast delivery and great value for money.,Yes,48
07-04-2023,R005594,S005,P0161,Groceries,South,C01800,5,Positive,"Excellent quality, exceeded my expectations!",No,25
07-05-2023,R001204,S003,P0099,Toys,South,C00942,4,Positive,"Good product overall, minor issues but satisfied.",Yes,19
07-05-2023,R002064,S001,P0164,Groceries,East,C02708,5,Positive,"Absolutely love this product, will buy again.",No,30
07-05-2023,R002576,S001,P0117,Toys,East,C01222,4,Positive,Pretty happy with this purchase.,No,9
07-05-2023,R003501,S005,P0131,Clothing,South,C01699,2,Negative,"Would not recommend, had problems.",Yes,16
07-05-2023,R003744,S004,P0033,Toys,East,C00693,5,Positive,"Absolutely love this product, will buy again.",Yes,38
07-05-2023,R004145,S004,P0007,Toys,West,C00521,4,Positive,"Good product overall, minor issues but satisfied.",No,13
07-05-2023,R004715,S001,P0056,Clothing,South,C00290,3,Neutral,"Neutral experience, neither good nor bad.",Yes,19
07-05-2023,R004819,S004,P0058,Groceries,West,C01003,4,Positive,"Works well, decent quality for the price.",Yes,18
07-05-2023,R005436,S001,P0156,Groceries,North,C01044,2,Negative,"Below expectations, had some issues.",Yes,16
07-06-2023,R000135,S001,P0097,Furniture,North,C00330,3,Neutral,"Neutral experience, neither good nor bad.",Yes,14
07-06-2023,R000343,S003,P0114,Groceries,West,C01996,5,Positive,"Absolutely love this product, will buy again.",Yes,2
07-06-2023,R003002,S003,P0029,Groceries,West,C02300,5,Positive,Best purchase I've made this year.,Yes,46
07-06-2023,R003017,S003,P0196,Electronics,North,C02985,3,Neutral,"Neutral experience, neither good nor bad.",Yes,8
07-06-2023,R004839,S005,P0141,Clothing,West,C01597,4,Positive,"Works well, decent quality for the price.",Yes,11
07-07-2023,R003348,S004,P0175,Clothing,North,C02318,5,Positive,"Absolutely love this product, will buy again.",Yes,35
07-07-2023,R003836,S004,P0179,Electronics,North,C00274,5,Positive,"Highly recommend, works perfectly.",Yes,19
07-07-2023,R004827,S002,P0019,Toys,East,C01886,3,Neutral,"It's okay, met basic expectations.",Yes,6
07-08-2023,R000966,S002,P0124,Furniture,South,C02723,2,Negative,Poor packaging and average product.,Yes,18
07-08-2023,R001031,S003,P0066,Clothing,South,C02310,3,Neutral,"Neutral experience, neither good nor bad.",Yes,13
07-08-2023,R001072,S001,P0035,Clothing,East,C00071,1,Negative,"Worst purchase, do not recommend.",Yes,10
07-08-2023,R003106,S001,P0191,Toys,East,C02091,1,Negative,"Waste of money, poor quality.",Yes,26
07-08-2023,R004415,S002,P0037,Furniture,East,C01745,1,Negative,"Very disappointed, product did not work.",Yes,40
07-08-2023,R004657,S001,P0031,Toys,North,C01594,3,Neutral,"It's okay, met basic expectations.",Yes,18
07-08-2023,R004820,S005,P0076,Electronics,East,C02692,4,Positive,"Good product overall, minor issues but satisfied.",Yes,13
07-08-2023,R005319,S004,P0194,Furniture,East,C01551,5,Positive,"Excellent quality, exceeded my expectations!",Yes,22
07-08-2023,R005552,S004,P0088,Toys,South,C01002,4,Positive,"Good product overall, minor issues but satisfied.",Yes,13
07-08-2023,R005687,S005,P0130,Electronics,East,C01137,3,Neutral,Decent but could be better.,No,13
07-08-2023,R005825,S005,P0067,Clothing,South,C00366,4,Positive,"Good product overall, minor issues but satisfied.",Yes,2
07-09-2023,R002100,S005,P0032,Clothing,South,C01940,5,Positive,"Highly recommend, works perfectly.",Yes,26
07-09-2023,R002762,S002,P0106,Furniture,West,C02912,4,Positive,Pretty happy with this purchase.,Yes,18
07-09-2023,R002894,S004,P0154,Groceries,North,C01207,4,Positive,"Works well, decent quality for the price.",No,15
07-09-2023,R003379,S004,P0191,Toys,South,C01230,4,Positive,"Works well, decent quality for the price.",Yes,5
07-09-2023,R005765,S002,P0145,Toys,East,C02036,4,Positive,"Good value, would recommend to others.",Yes,18
07-10-2023,R000562,S004,P0103,Toys,East,C01519,2,Negative,"Below expectations, had some issues.",Yes,11
07-10-2023,R001802,S003,P0061,Furniture,East,C00599,3,Neutral,"Neutral experience, neither good nor bad.",Yes,12
07-10-2023,R002602,S005,P0151,Toys,West,C02307,5,Positive,Best purchase I've made this year.,Yes,22
07-10-2023,R002629,S004,P0158,Electronics,North,C01739,5,Positive,Best purchase I've made this year.,No,24
07-10-2023,R003042,S005,P0002,Clothing,South,C00766,2,Negative,"Would not recommend, had problems.",Yes,1
07-10-2023,R004005,S003,P0158,Electronics,South,C00187,5,Positive,"Absolutely love this product, will buy again.",Yes,49
07-10-2023,R004965,S001,P0011,Groceries,West,C00909,5,Positive,Best purchase I've made this year.,No,35
07-10-2023,R005031,S001,P0035,Clothing,West,C02388,2,Negative,"Not very satisfied, quality could improve.",Yes,12
07-10-2023,R005461,S004,P0193,Groceries,East,C02253,4,Positive,"Works well, decent quality for the price.",Yes,1
07-10-2023,R005873,S003,P0042,Electronics,East,C00851,4,Positive,"Solid product, does what it says.",Yes,10
07-11-2023,R000316,S003,P0003,Furniture,South,C02572,2,Negative,Disappointed with the product performance.,Yes,20
07-11-2023,R001326,S004,P0043,Groceries,West,C01795,3,Neutral,"Neutral experience, neither good nor bad.",Yes,3
07-11-2023,R002218,S004,P0083,Electronics,East,C02247,5,Positive,"Absolutely love this product, will buy again.",Yes,26
07-11-2023,R002410,S002,P0150,Electronics,West,C02317,2,Negative,Disappointed with the product performance.,Yes,4
07-11-2023,R002612,S002,P0139,Clothing,West,C00349,5,Positive,Fast delivery and great value for money.,Yes,29
07-11-2023,R003590,S002,P0172,Toys,North,C01145,3,Neutral,"It's okay, met basic expectations.",Yes,3
07-11-2023,R004169,S001,P0191,Toys,West,C00704,5,Positive,Best purchase I've made this year.,No,47
07-11-2023,R004927,S005,P0119,Electronics,South,C00941,4,Positive,"Good product overall, minor issues but satisfied.",Yes,10
07-11-2023,R005071,S001,P0139,Clothing,North,C01930,1,Negative,"Worst purchase, do not recommend.",Yes,30
07-11-2023,R005813,S003,P0079,Toys,North,C02085,5,Positive,"Absolutely love this product, will buy again.",No,12
07-11-2023,R005919,S003,P0047,Groceries,North,C00747,4,Positive,Pretty happy with this purchase.,Yes,8
07-12-2023,R000335,S002,P0050,Toys,North,C01530,3,Neutral,"It's okay, met basic expectations.",Yes,1
07-12-2023,R000386,S003,P0141,Clothing,South,C01636,3,Neutral,Decent but could be better.,Yes,17
07-12-2023,R000464,S001,P0108,Furniture,North,C02020,4,Positive,"Good value, would recommend to others.",No,11
07-12-2023,R001262,S001,P0081,Furniture,North,C00086,4,Positive,"Good value, would recommend to others.",Yes,13
07-12-2023,R003222,S004,P0111,Furniture,East,C00644,4,Positive,"Good value, would recommend to others.",Yes,10
07-12-2023,R004468,S003,P0105,Groceries,West,C01348,3,Neutral,"Neutral experience, neither good nor bad.",Yes,5
07-13-2023,R000383,S005,P0029,Groceries,South,C01432,2,Negative,"Not very satisfied, quality could improve.",No,7
07-13-2023,R000425,S001,P0051,Groceries,North,C01761,5,Positive,"Absolutely love this product, will buy again.",Yes,25
07-13-2023,R000780,S002,P0044,Clothing,West,C02172,5,Positive,"Highly recommend, works perfectly.",Yes,21
07-13-2023,R001040,S005,P0116,Furniture,West,C02812,5,Positive,"Excellent quality, exceeded my expectations!",Yes,3
07-13-2023,R001045,S003,P0055,Groceries,West,C02653,3,Neutral,Fair quality for the price paid.,Yes,18
07-13-2023,R001495,S002,P0077,Groceries,East,C00430,3,Neutral,Decent but could be better.,Yes,20
07-13-2023,R002205,S004,P0142,Clothing,North,C02678,3,Neutral,"Average product, nothing special.",Yes,10
07-13-2023,R003051,S003,P0125,Toys,East,C02241,5,Positive,"Highly recommend, works perfectly.",Yes,50
07-13-2023,R003082,S001,P0196,Electronics,South,C01236,4,Positive,Pretty happy with this purchase.,Yes,14
07-13-2023,R003247,S003,P0004,Toys,West,C00562,4,Positive,"Solid product, does what it says.",Yes,11
07-13-2023,R003581,S003,P0110,Toys,East,C02372,5,Positive,Best purchase I've made this year.,Yes,21
07-13-2023,R005883,S005,P0015,Furniture,North,C02983,4,Positive,"Solid product, does what it says.",Yes,0
07-14-2023,R000257,S003,P0117,Toys,East,C02247,3,Neutral,"It's okay, met basic expectations.",Yes,14
07-14-2023,R001899,S004,P0142,Clothing,East,C00465,3,Neutral,Decent but could be better.,Yes,0
07-14-2023,R002802,S005,P0131,Clothing,South,C02836,3,Neutral,Fair quality for the price paid.,Yes,9
07-14-2023,R003005,S004,P0001,Electronics,East,C00593,2,Negative,"Not very satisfied, quality could improve.",No,2
07-14-2023,R003021,S003,P0184,Groceries,North,C02042,1,Negative,"Terrible experience, would not buy again.",Yes,9
07-14-2023,R004125,S002,P0167,Furniture,West,C01049,4,Positive,"Solid product, does what it says.",Yes,17
07-14-2023,R004581,S003,P0171,Furniture,East,C01858,3,Neutral,Fair quality for the price paid.,Yes,9
07-14-2023,R004949,S001,P0161,Groceries,West,C00285,5,Positive,Best purchase I've made this year.,Yes,39
07-14-2023,R004963,S002,P0199,Electronics,East,C01209,4,Positive,"Good value, would recommend to others.",Yes,5
07-14-2023,R005492,S002,P0039,Groceries,North,C01790,4,Positive,"Good product overall, minor issues but satisfied.",Yes,5
07-15-2023,R001023,S004,P0092,Electronics,East,C01604,3,Neutral,"Average product, nothing special.",Yes,12
07-15-2023,R001349,S002,P0129,Groceries,North,C02518,5,Positive,"Absolutely love this product, will buy again.",No,6
07-15-2023,R004446,S004,P0200,Furniture,South,C01682,4,Positive,"Good value, would recommend to others.",No,2
07-15-2023,R004954,S004,P0012,Clothing,East,C00662,1,Negative,"Worst purchase, do not recommend.",Yes,48
07-15-2023,R005254,S004,P0123,Furniture,South,C02443,4,Positive,"Good value, would recommend to others.",No,16
07-15-2023,R005643,S005,P0177,Clothing,South,C00454,2,Negative,"Would not recommend, had problems.",Yes,2
07-16-2023,R000258,S003,P0157,Groceries,North,C00127,4,Positive,Pretty happy with this purchase.,Yes,7
07-16-2023,R000311,S004,P0195,Clothing,East,C02453,3,Neutral,"It's okay, met basic expectations.",No,12
07-16-2023,R000624,S001,P0011,Groceries,North,C01772,4,Positive,"Good value, would recommend to others.",Yes,5
07-16-2023,R001700,S001,P0199,Electronics,North,C01422,5,Positive,Best purchase I've made this year.,Yes,48
07-16-2023,R002183,S002,P0103,Toys,East,C00361,3,Neutral,Fair quality for the price paid.,Yes,20
07-16-2023,R002887,S003,P0131,Clothing,North,C02542,2,Negative,Disappointed with the product performance.,Yes,6
07-16-2023,R005002,S002,P0080,Groceries,East,C02578,3,Neutral,"It's okay, met basic expectations.",Yes,7
07-17-2023,R000390,S003,P0117,Toys,West,C02090,4,Positive,"Good value, would recommend to others.",Yes,17
07-17-2023,R000628,S005,P0084,Clothing,North,C01586,5,Positive,Fast delivery and great value for money.,Yes,36
07-17-2023,R001189,S004,P0066,Clothing,North,C01465,3,Neutral,"It's okay, met basic expectations.",Yes,1
07-17-2023,R001670,S003,P0083,Electronics,North,C00591,1,Negative,"Waste of money, poor quality.",Yes,44
07-17-2023,R003401,S005,P0165,Furniture,North,C02291,5,Positive,"Highly recommend, works perfectly.",Yes,13
07-17-2023,R003611,S003,P0075,Furniture,North,C01247,5,Positive,"Absolutely love this product, will buy again.",Yes,39
07-17-2023,R003815,S005,P0132,Furniture,East,C01525,5,Positive,"Excellent quality, exceeded my expectations!",Yes,16
07-17-2023,R004103,S001,P0171,Furniture,East,C01302,4,Positive,"Good product overall, minor issues but satisfied.",Yes,19
07-17-2023,R004775,S005,P0136,Electronics,West,C00749,3,Neutral,Fair quality for the price paid.,Yes,0
07-17-2023,R005676,S001,P0020,Groceries,West,C01850,1,Negative,"Terrible experience, would not buy again.",Yes,45
07-17-2023,R005770,S003,P0142,Clothing,West,C02404,1,Negative,"Terrible experience, would not buy again.",Yes,5
07-18-2023,R000112,S003,P0167,Furniture,North,C01744,5,Positive,"Absolutely love this product, will buy again.",Yes,23
07-18-2023,R000334,S005,P0183,Toys,West,C00419,4,Positive,"Solid product, does what it says.",Yes,12
07-18-2023,R000894,S004,P0084,Clothing,East,C01419,1,Negative,"Terrible experience, would not buy again.",Yes,44
07-18-2023,R001054,S002,P0067,Clothing,North,C01783,5,Positive,Best purchase I've made this year.,Yes,20
07-18-2023,R001369,S003,P0112,Electronics,East,C02922,4,Positive,"Good product overall, minor issues but satisfied.",No,13
07-18-2023,R001665,S003,P0055,Groceries,East,C00013,3,Neutral,"It's okay, met basic expectations.",No,7
07-18-2023,R002124,S004,P0166,Furniture,West,C01404,3,Neutral,"It's okay, met basic expectations.",Yes,20
07-18-2023,R002491,S003,P0171,Furniture,East,C00784,4,Positive,"Solid product, does what it says.",Yes,11
07-18-2023,R003035,S001,P0100,Electronics,North,C02668,5,Positive,"Excellent quality, exceeded my expectations!",Yes,22
07-18-2023,R003252,S004,P0198,Groceries,West,C02691,2,Negative,"Below expectations, had some issues.",No,13
07-18-2023,R004016,S005,P0037,Furniture,North,C00826,4,Positive,"Solid product, does what it says.",Yes,14
07-18-2023,R004266,S004,P0129,Groceries,West,C02920,1,Negative,"Very disappointed, product did not work.",Yes,27
07-18-2023,R004776,S004,P0037,Furniture,East,C00261,4,Positive,"Good value, would recommend to others.",Yes,3
07-19-2023,R000032,S002,P0132,Furniture,North,C00436,5,Positive,Best purchase I've made this year.,Yes,41
07-19-2023,R001681,S003,P0183,Toys,South,C02176,5,Positive,"Highly recommend, works perfectly.",Yes,20
07-19-2023,R002449,S001,P0059,Furniture,East,C00037,3,Neutral,"Average product, nothing special.",Yes,19
07-19-2023,R003673,S002,P0092,Electronics,North,C02338,5,Positive,"Absolutely love this product, will buy again.",Yes,24
07-19-2023,R004500,S005,P0141,Clothing,South,C00777,4,Positive,"Works well, decent quality for the price.",Yes,8
07-19-2023,R005847,S004,P0168,Furniture,East,C00051,5,Positive,"Absolutely love this product, will buy again.",No,24
07-20-2023,R000739,S005,P0154,Groceries,East,C01197,3,Neutral,"It's okay, met basic expectations.",Yes,3
07-20-2023,R000967,S003,P0167,Furniture,West,C02992,3,Neutral,Fair quality for the price paid.,Yes,3
07-20-2023,R001496,S002,P0195,Clothing,South,C00173,1,Negative,"Terrible experience, would not buy again.",Yes,3
07-20-2023,R002605,S004,P0088,Toys,East,C01951,4,Positive,"Good product overall, minor issues but satisfied.",Yes,3
07-20-2023,R002896,S003,P0090,Groceries,South,C02548,5,Positive,"Highly recommend, works perfectly.",Yes,12
07-20-2023,R003132,S004,P0018,Clothing,West,C02683,1,Negative,"Product arrived damaged, very unhappy.",Yes,12
07-20-2023,R004334,S005,P0161,Groceries,North,C02347,4,Positive,Pretty happy with this purchase.,Yes,4
07-20-2023,R004652,S005,P0177,Clothing,East,C02832,4,Positive,"Good value, would recommend to others.",Yes,3
07-20-2023,R004780,S002,P0140,Toys,South,C01396,5,Positive,"Excellent quality, exceeded my expectations!",Yes,35
07-21-2023,R000229,S002,P0113,Clothing,East,C01011,5,Positive,Best purchase I've made this year.,Yes,17
07-21-2023,R003469,S004,P0142,Clothing,East,C01517,5,Positive,"Absolutely love this product, will buy again.",No,45
07-21-2023,R003641,S003,P0116,Furniture,East,C02097,2,Negative,"Not very satisfied, quality could improve.",Yes,16
07-21-2023,R004850,S003,P0142,Clothing,West,C00900,5,Positive,"Absolutely love this product, will buy again.",Yes,45
07-21-2023,R004880,S003,P0141,Clothing,West,C02449,4,Positive,"Works well, decent quality for the price.",Yes,3
07-21-2023,R005529,S004,P0052,Toys,North,C02187,5,Positive,Fast delivery and great value for money.,Yes,38
07-22-2023,R000289,S002,P0100,Electronics,East,C00972,4,Positive,Pretty happy with this purchase.,Yes,8
07-22-2023,R000408,S003,P0197,Electronics,North,C00369,3,Neutral,"Average product, nothing special.",Yes,2
07-22-2023,R000625,S001,P0176,Furniture,East,C01338,4,Positive,"Good value, would recommend to others.",Yes,7
07-22-2023,R001341,S002,P0146,Furniture,West,C02082,3,Neutral,"Neutral experience, neither good nor bad.",Yes,10
07-22-2023,R001713,S002,P0054,Toys,West,C02045,4,Positive,"Good value, would recommend to others.",Yes,16
07-22-2023,R002853,S005,P0139,Clothing,East,C00668,4,Positive,"Good product overall, minor issues but satisfied.",Yes,4
07-22-2023,R003157,S004,P0186,Groceries,North,C02901,5,Positive,"Absolutely love this product, will buy again.",Yes,20
07-22-2023,R004208,S002,P0119,Electronics,North,C01606,2,Negative,Poor packaging and average product.,Yes,11
07-22-2023,R004802,S003,P0110,Toys,North,C01989,1,Negative,"Worst purchase, do not recommend.",Yes,16
07-22-2023,R005200,S002,P0176,Furniture,East,C02616,5,Positive,Best purchase I've made this year.,Yes,47
07-22-2023,R005276,S002,P0014,Toys,East,C01057,2,Negative,"Not very satisfied, quality could improve.",Yes,2
07-23-2023,R000365,S002,P0169,Toys,South,C01057,5,Positive,"Highly recommend, works perfectly.",Yes,30
07-23-2023,R002811,S004,P0179,Electronics,West,C00636,1,Negative,"Very disappointed, product did not work.",Yes,36
07-23-2023,R003144,S005,P0156,Groceries,East,C02024,4,Positive,"Good value, would recommend to others.",Yes,1
07-23-2023,R003626,S001,P0003,Furniture,West,C02144,3,Neutral,Decent but could be better.,Yes,9
07-23-2023,R003814,S001,P0148,Clothing,South,C02852,4,Positive,Pretty happy with this purchase.,Yes,1
07-23-2023,R005307,S003,P0171,Furniture,South,C00421,5,Positive,"Highly recommend, works perfectly.",Yes,38
07-24-2023,R000509,S001,P0129,Groceries,West,C02520,3,Neutral,Fair quality for the price paid.,Yes,12
07-24-2023,R001924,S003,P0072,Groceries,South,C02650,5,Positive,"Highly recommend, works perfectly.",Yes,13
07-24-2023,R002000,S004,P0070,Groceries,East,C01507,4,Positive,"Good product overall, minor issues but satisfied.",Yes,10
07-24-2023,R002002,S005,P0083,Electronics,South,C01116,3,Neutral,"Neutral experience, neither good nor bad.",No,1
07-24-2023,R002033,S002,P0032,Clothing,South,C02264,4,Positive,"Works well, decent quality for the price.",Yes,0
07-24-2023,R002897,S002,P0117,Toys,East,C02482,4,Positive,"Works well, decent quality for the price.",Yes,13
07-24-2023,R004165,S004,P0198,Groceries,North,C02930,5,Positive,"Excellent quality, exceeded my expectations!",Yes,44
07-24-2023,R005045,S002,P0159,Clothing,East,C02274,4,Positive,Pretty happy with this purchase.,Yes,10
07-24-2023,R005829,S005,P0020,Groceries,East,C01196,5,Positive,Fast delivery and great value for money.,No,4
07-25-2023,R001809,S003,P0060,Electronics,North,C01346,4,Positive,"Works well, decent quality for the price.",Yes,0
07-25-2023,R002365,S002,P0064,Electronics,North,C02923,5,Positive,"Excellent quality, exceeded my expectations!",Yes,25
07-25-2023,R003074,S002,P0122,Furniture,West,C01256,4,Positive,"Works well, decent quality for the price.",Yes,4
07-25-2023,R003548,S001,P0180,Groceries,West,C00419,5,Positive,Best purchase I've made this year.,Yes,41
07-25-2023,R004304,S003,P0148,Clothing,West,C00091,1,Negative,"Very disappointed, product did not work.",Yes,38
07-25-2023,R004993,S003,P0122,Furniture,East,C01226,1,Negative,"Product arrived damaged, very unhappy.",Yes,40
07-25-2023,R005246,S005,P0095,Furniture,North,C01053,2,Negative,"Below expectations, had some issues.",Yes,15
07-26-2023,R000044,S001,P0161,Groceries,West,C02005,4,Positive,"Works well, decent quality for the price.",Yes,14
07-26-2023,R001193,S001,P0102,Toys,North,C00076,5,Positive,"Absolutely love this product, will buy again.",Yes,17
07-26-2023,R003263,S001,P0009,Groceries,South,C01127,5,Positive,Best purchase I've made this year.,Yes,29
07-26-2023,R003394,S003,P0199,Electronics,North,C00967,3,Neutral,Decent but could be better.,Yes,4
07-26-2023,R003417,S004,P0092,Electronics,South,C00014,5,Positive,"Absolutely love this product, will buy again.",Yes,8
07-26-2023,R003682,S001,P0100,Electronics,South,C02317,4,Positive,"Solid product, does what it says.",Yes,12
07-26-2023,R004031,S002,P0162,Toys,East,C00244,4,Positive,"Solid product, does what it says.",Yes,12
07-26-2023,R005629,S005,P0036,Electronics,North,C02795,4,Positive,"Good value, would recommend to others.",Yes,15
07-27-2023,R000692,S005,P0114,Groceries,East,C01979,5,Positive,"Absolutely love this product, will buy again.",Yes,8
07-27-2023,R001188,S001,P0068,Clothing,North,C02533,5,Positive,Fast delivery and great value for money.,Yes,48
07-27-2023,R001229,S005,P0165,Furniture,South,C01565,1,Negative,"Waste of money, poor quality.",No,50
07-27-2023,R001295,S001,P0094,Groceries,West,C00269,5,Positive,"Absolutely love this product, will buy again.",Yes,14
07-27-2023,R002186,S003,P0086,Furniture,North,C01284,4,Positive,"Solid product, does what it says.",Yes,8
07-27-2023,R003184,S004,P0185,Clothing,West,C02876,4,Positive,"Good value, would recommend to others.",Yes,8
07-27-2023,R003428,S001,P0117,Toys,East,C02603,2,Negative,"Below expectations, had some issues.",No,9
07-27-2023,R004815,S005,P0016,Furniture,West,C02472,2,Negative,Poor packaging and average product.,Yes,17
07-27-2023,R005884,S004,P0161,Groceries,East,C02863,3,Neutral,"Average product, nothing special.",Yes,0
07-27-2023,R005960,S004,P0102,Toys,West,C00833,5,Positive,"Absolutely love this product, will buy again.",Yes,50
07-28-2023,R001633,S005,P0061,Furniture,South,C02147,2,Negative,"Below expectations, had some issues.",Yes,13
07-28-2023,R002455,S001,P0164,Groceries,South,C02481,5,Positive,"Excellent quality, exceeded my expectations!",Yes,18
07-28-2023,R003558,S001,P0056,Clothing,East,C01398,4,Positive,"Good value, would recommend to others.",No,14
07-28-2023,R004797,S005,P0146,Furniture,West,C01380,2,Negative,"Would not recommend, had problems.",Yes,4
07-28-2023,R004989,S003,P0055,Groceries,East,C01726,1,Negative,"Product arrived damaged, very unhappy.",Yes,37
07-28-2023,R005779,S005,P0036,Electronics,South,C02198,3,Neutral,"Neutral experience, neither good nor bad.",Yes,12
07-28-2023,R005832,S003,P0049,Electronics,South,C00115,5,Positive,"Highly recommend, works perfectly.",Yes,37
07-29-2023,R000924,S004,P0153,Furniture,South,C02823,3,Neutral,Fair quality for the price paid.,Yes,5
07-29-2023,R001612,S003,P0009,Groceries,South,C01943,5,Positive,"Absolutely love this product, will buy again.",No,22
07-29-2023,R003912,S004,P0064,Electronics,North,C02592,3,Neutral,"Average product, nothing special.",Yes,2
07-29-2023,R005495,S004,P0107,Electronics,East,C02437,4,Positive,"Works well, decent quality for the price.",No,18
07-30-2023,R000173,S002,P0038,Clothing,South,C01918,3,Neutral,"Neutral experience, neither good nor bad.",No,17
07-30-2023,R001010,S005,P0002,Clothing,East,C01726,4,Positive,"Solid product, does what it says.",Yes,16
07-30-2023,R002654,S004,P0060,Electronics,North,C02128,1,Negative,"Terrible experience, would not buy again.",Yes,40
07-30-2023,R003029,S003,P0164,Groceries,East,C01794,4,Positive,"Good value, would recommend to others.",Yes,15
07-30-2023,R003369,S002,P0102,Toys,West,C00567,3,Neutral,"It's okay, met basic expectations.",Yes,18
07-31-2023,R001439,S004,P0030,Furniture,West,C02322,4,Positive,Pretty happy with this purchase.,Yes,16
07-31-2023,R002358,S001,P0187,Toys,East,C02124,4,Positive,"Good value, would recommend to others.",Yes,20
07-31-2023,R002942,S002,P0117,Toys,East,C02802,4,Positive,Pretty happy with this purchase.,Yes,19
07-31-2023,R003007,S004,P0156,Groceries,East,C00552,4,Positive,"Solid product, does what it says.",Yes,5
07-31-2023,R003363,S002,P0048,Clothing,East,C02011,4,Positive,"Good value, would recommend to others.",Yes,15
07-31-2023,R003928,S001,P0133,Groceries,East,C00671,4,Positive,"Works well, decent quality for the price.",Yes,19
07-31-2023,R004069,S004,P0176,Furniture,North,C02019,4,Positive,"Good product overall, minor issues but satisfied.",Yes,19
07-31-2023,R004456,S001,P0196,Electronics,East,C01433,4,Positive,Pretty happy with this purchase.,Yes,3
08-01-2023,R000363,S003,P0015,Furniture,North,C00642,4,Positive,Pretty happy with this purchase.,Yes,4
08-01-2023,R003108,S001,P0133,Groceries,West,C02290,4,Positive,"Works well, decent quality for the price.",Yes,19
08-01-2023,R004298,S004,P0091,Electronics,South,C01898,2,Negative,"Would not recommend, had problems.",Yes,7
08-01-2023,R004397,S003,P0147,Groceries,South,C00645,4,Positive,"Good product overall, minor issues but satisfied.",Yes,13
08-01-2023,R005030,S004,P0087,Toys,West,C00494,3,Neutral,"Neutral experience, neither good nor bad.",No,20
08-02-2023,R000964,S004,P0102,Toys,East,C02630,5,Positive,"Absolutely love this product, will buy again.",No,40
08-02-2023,R001409,S003,P0181,Toys,North,C00541,3,Neutral,Decent but could be better.,Yes,19
08-02-2023,R001787,S001,P0063,Furniture,West,C00054,5,Positive,Best purchase I've made this year.,Yes,21
08-02-2023,R002544,S005,P0057,Furniture,West,C01913,3,Neutral,Fair quality for the price paid.,Yes,7
08-02-2023,R003185,S002,P0028,Groceries,South,C02936,5,Positive,Fast delivery and great value for money.,Yes,16
08-02-2023,R003996,S003,P0166,Furniture,North,C02371,4,Positive,"Good value, would recommend to others.",Yes,7
08-02-2023,R004574,S002,P0112,Electronics,East,C01520,5,Positive,"Absolutely love this product, will buy again.",Yes,17
08-02-2023,R004634,S001,P0047,Groceries,East,C00088,5,Positive,"Excellent quality, exceeded my expectations!",Yes,39
08-02-2023,R005959,S001,P0096,Groceries,West,C02400,5,Positive,Best purchase I've made this year.,Yes,43
08-03-2023,R001013,S004,P0015,Furniture,South,C02366,3,Neutral,"Neutral experience, neither good nor bad.",Yes,19
08-03-2023,R003599,S003,P0176,Furniture,East,C02511,5,Positive,"Excellent quality, exceeded my expectations!",Yes,0
08-03-2023,R004051,S002,P0099,Toys,East,C00040,5,Positive,"Excellent quality, exceeded my expectations!",Yes,3
08-04-2023,R000279,S003,P0166,Furniture,East,C02465,4,Positive,"Good value, would recommend to others.",Yes,5
08-04-2023,R001162,S002,P0045,Toys,South,C00086,4,Positive,"Good product overall, minor issues but satisfied.",No,2
08-04-2023,R001635,S001,P0123,Furniture,North,C01328,3,Neutral,"It's okay, met basic expectations.",Yes,18
08-04-2023,R004063,S004,P0140,Toys,South,C00611,1,Negative,"Product arrived damaged, very unhappy.",Yes,41
08-04-2023,R004183,S005,P0061,Furniture,West,C02532,4,Positive,Pretty happy with this purchase.,Yes,16
08-04-2023,R004462,S002,P0155,Electronics,South,C01335,2,Negative,Disappointed with the product performance.,Yes,1
08-05-2023,R001344,S005,P0134,Electronics,West,C00959,3,Neutral,"It's okay, met basic expectations.",Yes,9
08-05-2023,R001375,S003,P0073,Furniture,North,C00125,5,Positive,Fast delivery and great value for money.,Yes,44
08-05-2023,R001754,S001,P0043,Groceries,North,C00229,3,Neutral,"It's okay, met basic expectations.",Yes,1
08-05-2023,R002129,S001,P0173,Clothing,North,C02290,3,Neutral,Fair quality for the price paid.,Yes,6
08-05-2023,R002588,S001,P0144,Clothing,South,C00288,5,Positive,"Absolutely love this product, will buy again.",Yes,11
08-05-2023,R003323,S001,P0077,Groceries,North,C02516,1,Negative,"Waste of money, poor quality.",Yes,32
08-05-2023,R004141,S002,P0070,Groceries,East,C01799,5,Positive,"Absolutely love this product, will buy again.",Yes,6
08-05-2023,R004876,S005,P0116,Furniture,West,C02102,1,Negative,"Waste of money, poor quality.",Yes,48
08-05-2023,R005334,S004,P0189,Groceries,North,C02541,1,Negative,"Waste of money, poor quality.",Yes,38
08-06-2023,R000314,S003,P0075,Furniture,East,C00045,4,Positive,"Good product overall, minor issues but satisfied.",Yes,15
08-06-2023,R000436,S005,P0011,Groceries,South,C01162,4,Positive,"Works well, decent quality for the price.",Yes,6
08-06-2023,R002701,S003,P0010,Toys,West,C02811,5,Positive,Best purchase I've made this year.,Yes,43
08-06-2023,R003206,S001,P0091,Electronics,East,C00718,4,Positive,"Good product overall, minor issues but satisfied.",Yes,12
08-06-2023,R003420,S005,P0150,Electronics,East,C02618,5,Positive,"Excellent quality, exceeded my expectations!",Yes,32
08-07-2023,R000070,S001,P0166,Furniture,South,C02164,1,Negative,"Terrible experience, would not buy again.",Yes,44
08-07-2023,R000532,S005,P0058,Groceries,West,C01100,5,Positive,"Excellent quality, exceeded my expectations!",No,8
08-07-2023,R000777,S004,P0132,Furniture,North,C02099,5,Positive,"Absolutely love this product, will buy again.",Yes,35
08-07-2023,R001219,S004,P0174,Toys,North,C01539,5,Positive,"Absolutely love this product, will buy again.",Yes,24
08-07-2023,R001382,S004,P0078,Toys,South,C02453,5,Positive,"Excellent quality, exceeded my expectations!",Yes,18
08-07-2023,R002603,S001,P0123,Furniture,East,C02908,5,Positive,Fast delivery and great value for money.,Yes,49
08-07-2023,R002718,S002,P0130,Electronics,West,C01368,4,Positive,"Good value, would recommend to others.",Yes,15
08-07-2023,R003533,S002,P0199,Electronics,West,C00735,4,Positive,"Solid product, does what it says.",Yes,20
08-07-2023,R004757,S004,P0093,Electronics,South,C02903,1,Negative,"Product arrived damaged, very unhappy.",Yes,4
08-07-2023,R004790,S001,P0143,Clothing,South,C02422,5,Positive,"Excellent quality, exceeded my expectations!",Yes,44
08-07-2023,R005796,S003,P0162,Toys,West,C01813,3,Neutral,Decent but could be better.,Yes,16
08-07-2023,R005878,S001,P0004,Toys,South,C02414,4,Positive,"Solid product, does what it says.",Yes,12
08-08-2023,R000141,S003,P0055,Groceries,North,C02316,4,Positive,"Good product overall, minor issues but satisfied.",No,4
08-08-2023,R000230,S003,P0086,Furniture,East,C01303,5,Positive,"Excellent quality, exceeded my expectations!",Yes,30
08-08-2023,R000409,S001,P0027,Toys,North,C02312,5,Positive,"Absolutely love this product, will buy again.",Yes,43
08-08-2023,R003085,S001,P0179,Electronics,East,C02982,4,Positive,"Solid product, does what it says.",Yes,12
08-08-2023,R004002,S001,P0035,Clothing,East,C01686,1,Negative,"Terrible experience, would not buy again.",Yes,19
08-08-2023,R005798,S001,P0030,Furniture,North,C02212,5,Positive,Fast delivery and great value for money.,Yes,36
08-09-2023,R000265,S002,P0107,Electronics,South,C00455,2,Negative,Poor packaging and average product.,Yes,14
08-09-2023,R000725,S002,P0172,Toys,North,C02322,3,Neutral,Decent but could be better.,Yes,11
08-09-2023,R001198,S005,P0181,Toys,South,C01513,4,Positive,"Good product overall, minor issues but satisfied.",Yes,20
08-09-2023,R001201,S001,P0075,Furniture,East,C01300,4,Positive,"Good value, would recommend to others.",Yes,7
08-09-2023,R001424,S001,P0151,Toys,West,C01388,3,Neutral,Decent but could be better.,Yes,13
08-09-2023,R001532,S003,P0184,Groceries,East,C02111,4,Positive,"Works well, decent quality for the price.",No,14
08-09-2023,R001613,S005,P0162,Toys,West,C01830,4,Positive,"Solid product, does what it says.",Yes,17
08-09-2023,R003918,S004,P0190,Toys,South,C00501,5,Positive,"Absolutely love this product, will buy again.",No,0
08-09-2023,R003998,S005,P0145,Toys,North,C00961,5,Positive,Fast delivery and great value for money.,Yes,22
08-10-2023,R000333,S001,P0189,Groceries,West,C01801,2,Negative,"Not very satisfied, quality could improve.",Yes,16
08-10-2023,R000668,S002,P0046,Groceries,East,C01096,5,Positive,"Excellent quality, exceeded my expectations!",Yes,47
08-10-2023,R000876,S001,P0034,Groceries,South,C00275,4,Positive,"Good value, would recommend to others.",Yes,17
08-10-2023,R000907,S001,P0146,Furniture,South,C01345,4,Positive,"Works well, decent quality for the price.",Yes,13
08-10-2023,R001843,S002,P0089,Groceries,South,C02681,4,Positive,"Good product overall, minor issues but satisfied.",Yes,4
08-10-2023,R002168,S002,P0164,Groceries,South,C02823,3,Neutral,"Neutral experience, neither good nor bad.",Yes,6
08-10-2023,R002656,S001,P0068,Clothing,East,C00599,1,Negative,"Waste of money, poor quality.",Yes,29
08-10-2023,R002909,S002,P0141,Clothing,East,C01847,5,Positive,Fast delivery and great value for money.,Yes,23
08-10-2023,R003693,S002,P0032,Clothing,North,C02519,5,Positive,"Excellent quality, exceeded my expectations!",Yes,22
08-10-2023,R004613,S003,P0016,Furniture,West,C02889,4,Positive,"Works well, decent quality for the price.",Yes,3
08-11-2023,R000605,S001,P0154,Groceries,West,C00049,4,Positive,"Good value, would recommend to others.",No,7
08-11-2023,R002014,S002,P0188,Electronics,North,C00828,4,Positive,"Good product overall, minor issues but satisfied.",No,20
08-11-2023,R002905,S004,P0180,Groceries,South,C00683,5,Positive,"Highly recommend, works perfectly.",Yes,28
08-11-2023,R002972,S002,P0093,Electronics,West,C00255,3,Neutral,Fair quality for the price paid.,Yes,10
08-11-2023,R003219,S002,P0052,Toys,West,C02517,5,Positive,Fast delivery and great value for money.,Yes,11
08-11-2023,R003220,S003,P0158,Electronics,North,C01651,3,Neutral,Decent but could be better.,Yes,4
08-11-2023,R003840,S003,P0012,Clothing,East,C01352,2,Negative,Poor packaging and average product.,Yes,2
08-11-2023,R003972,S002,P0192,Clothing,East,C02586,2,Negative,Poor packaging and average product.,Yes,9
08-11-2023,R004219,S004,P0186,Groceries,East,C00016,5,Positive,Fast delivery and great value for money.,No,35
08-11-2023,R004251,S001,P0153,Furniture,East,C00644,5,Positive,"Absolutely love this product, will buy again.",Yes,10
08-11-2023,R004301,S001,P0026,Groceries,South,C02791,5,Positive,"Highly recommend, works perfectly.",Yes,13
08-11-2023,R005037,S001,P0130,Electronics,West,C01862,5,Positive,"Highly recommend, works perfectly.",No,4
08-12-2023,R000241,S005,P0002,Clothing,South,C02113,4,Positive,"Good value, would recommend to others.",Yes,11
08-12-2023,R000769,S004,P0006,Groceries,South,C01226,4,Positive,Pretty happy with this purchase.,Yes,20
08-12-2023,R001076,S003,P0120,Clothing,West,C02403,4,Positive,"Solid product, does what it says.",Yes,19
08-12-2023,R001181,S005,P0034,Groceries,West,C02958,5,Positive,"Excellent quality, exceeded my expectations!",No,48
08-12-2023,R001817,S003,P0067,Clothing,East,C01928,5,Positive,"Excellent quality, exceeded my expectations!",Yes,27
08-12-2023,R002393,S004,P0046,Groceries,West,C02398,3,Neutral,Decent but could be better.,Yes,4
08-12-2023,R002867,S005,P0053,Groceries,South,C01070,1,Negative,"Waste of money, poor quality.",No,36
08-12-2023,R003940,S003,P0153,Furniture,North,C01888,4,Positive,Pretty happy with this purchase.,No,8
08-12-2023,R004363,S003,P0115,Toys,North,C02694,5,Positive,"Excellent quality, exceeded my expectations!",Yes,48
08-12-2023,R004470,S001,P0018,Clothing,West,C01978,5,Positive,Best purchase I've made this year.,Yes,26
08-12-2023,R004701,S002,P0067,Clothing,North,C00035,4,Positive,"Solid product, does what it says.",Yes,9
08-12-2023,R005024,S005,P0145,Toys,East,C02242,3,Neutral,"It's okay, met basic expectations.",Yes,15
08-13-2023,R000197,S004,P0115,Toys,West,C02433,5,Positive,Best purchase I've made this year.,Yes,42
08-13-2023,R001161,S003,P0102,Toys,West,C00999,4,Positive,"Works well, decent quality for the price.",Yes,0
08-13-2023,R001471,S002,P0003,Furniture,South,C00327,4,Positive,"Good product overall, minor issues but satisfied.",Yes,4
08-13-2023,R002479,S001,P0071,Electronics,North,C02915,4,Positive,Pretty happy with this purchase.,Yes,15
08-13-2023,R003050,S004,P0021,Furniture,North,C02056,5,Positive,"Absolutely love this product, will buy again.",Yes,45
08-13-2023,R003107,S004,P0096,Groceries,East,C02649,4,Positive,"Solid product, does what it says.",Yes,10
08-13-2023,R003114,S004,P0114,Groceries,South,C01931,5,Positive,"Excellent quality, exceeded my expectations!",Yes,21
08-13-2023,R003531,S001,P0121,Clothing,East,C01238,1,Negative,"Terrible experience, would not buy again.",Yes,37
08-13-2023,R004616,S004,P0075,Furniture,East,C00678,5,Positive,Best purchase I've made this year.,Yes,31
08-13-2023,R005054,S005,P0193,Groceries,East,C00365,5,Positive,"Highly recommend, works perfectly.",Yes,39
08-14-2023,R001451,S005,P0104,Electronics,West,C01131,3,Neutral,"It's okay, met basic expectations.",Yes,9
08-14-2023,R005882,S004,P0114,Groceries,North,C02030,4,Positive,"Works well, decent quality for the price.",Yes,19
08-15-2023,R000105,S003,P0118,Clothing,East,C02260,5,Positive,"Excellent quality, exceeded my expectations!",Yes,25
08-15-2023,R002178,S002,P0050,Toys,West,C00593,2,Negative,"Would not recommend, had problems.",Yes,9
08-15-2023,R002444,S005,P0027,Toys,North,C01619,4,Positive,"Good product overall, minor issues but satisfied.",Yes,2
08-15-2023,R002477,S003,P0161,Groceries,East,C02473,3,Neutral,"Average product, nothing special.",Yes,17
08-15-2023,R003234,S004,P0167,Furniture,South,C02652,4,Positive,"Works well, decent quality for the price.",Yes,18
08-15-2023,R003610,S005,P0173,Clothing,East,C01536,5,Positive,Best purchase I've made this year.,Yes,14
08-15-2023,R004193,S003,P0012,Clothing,South,C02698,5,Positive,"Absolutely love this product, will buy again.",Yes,44
08-15-2023,R004330,S001,P0076,Electronics,South,C00495,2,Negative,Disappointed with the product performance.,Yes,1
08-15-2023,R004969,S002,P0023,Groceries,West,C02442,4,Positive,"Solid product, does what it says.",Yes,10
08-15-2023,R005180,S001,P0009,Groceries,South,C02508,5,Positive,"Highly recommend, works perfectly.",Yes,20
08-15-2023,R005245,S001,P0186,Groceries,East,C00512,5,Positive,"Highly recommend, works perfectly.",Yes,20
08-16-2023,R000875,S005,P0038,Clothing,West,C00030,3,Neutral,Fair quality for the price paid.,Yes,13
08-16-2023,R001282,S004,P0107,Electronics,East,C00652,3,Neutral,Fair quality for the price paid.,Yes,1
08-16-2023,R002692,S002,P0144,Clothing,East,C00763,5,Positive,Fast delivery and great value for money.,Yes,33
08-16-2023,R002793,S005,P0146,Furniture,South,C01870,1,Negative,"Very disappointed, product did not work.",Yes,38
08-16-2023,R003143,S001,P0047,Groceries,North,C00917,4,Positive,"Good value, would recommend to others.",No,14
08-16-2023,R003321,S002,P0115,Toys,West,C00265,4,Positive,"Solid product, does what it says.",Yes,17
08-16-2023,R004687,S003,P0062,Groceries,East,C01129,3,Neutral,"It's okay, met basic expectations.",Yes,13
08-16-2023,R004771,S003,P0115,Toys,West,C01308,4,Positive,"Solid product, does what it says.",Yes,10
08-17-2023,R001455,S004,P0028,Groceries,West,C01576,3,Neutral,"It's okay, met basic expectations.",Yes,6
08-17-2023,R001977,S005,P0136,Electronics,North,C02174,4,Positive,Pretty happy with this purchase.,Yes,0
08-17-2023,R003993,S003,P0092,Electronics,East,C00433,2,Negative,"Below expectations, had some issues.",Yes,2
08-17-2023,R005610,S004,P0147,Groceries,West,C01530,1,Negative,"Worst purchase, do not recommend.",Yes,19
08-18-2023,R001027,S003,P0002,Clothing,West,C02531,5,Positive,"Highly recommend, works perfectly.",Yes,6
08-18-2023,R002188,S003,P0177,Clothing,North,C02400,4,Positive,Pretty happy with this purchase.,Yes,9
08-18-2023,R002408,S002,P0199,Electronics,South,C00590,2,Negative,Disappointed with the product performance.,Yes,18
08-18-2023,R003181,S001,P0029,Groceries,South,C02948,3,Neutral,Decent but could be better.,Yes,5
08-18-2023,R003436,S003,P0170,Furniture,West,C01922,5,Positive,"Highly recommend, works perfectly.",No,7
08-18-2023,R003870,S002,P0069,Toys,South,C01096,1,Negative,"Product arrived damaged, very unhappy.",Yes,25
08-18-2023,R005091,S001,P0058,Groceries,West,C00711,4,Positive,"Good product overall, minor issues but satisfied.",Yes,15
08-18-2023,R005365,S005,P0100,Electronics,West,C02497,2,Negative,Poor packaging and average product.,Yes,18
08-19-2023,R000933,S001,P0061,Furniture,North,C00293,5,Positive,Fast delivery and great value for money.,Yes,16
08-19-2023,R001580,S001,P0077,Groceries,South,C02264,2,Negative,"Would not recommend, had problems.",Yes,10
08-19-2023,R001815,S005,P0105,Groceries,East,C00820,4,Positive,"Good product overall, minor issues but satisfied.",No,13
08-19-2023,R002327,S001,P0068,Clothing,West,C02869,4,Positive,"Works well, decent quality for the price.",Yes,2
08-19-2023,R002429,S002,P0183,Toys,West,C02710,5,Positive,"Absolutely love this product, will buy again.",Yes,11
08-19-2023,R004858,S005,P0060,Electronics,East,C01411,5,Positive,"Highly recommend, works perfectly.",No,32
08-19-2023,R005342,S005,P0156,Groceries,South,C00669,4,Positive,"Solid product, does what it says.",Yes,7
08-19-2023,R005540,S003,P0169,Toys,North,C00001,4,Positive,"Good product overall, minor issues but satisfied.",Yes,0
08-20-2023,R000565,S004,P0086,Furniture,South,C01289,5,Positive,Best purchase I've made this year.,Yes,30
08-20-2023,R001575,S004,P0153,Furniture,South,C00195,5,Positive,Fast delivery and great value for money.,Yes,1
08-20-2023,R002311,S005,P0141,Clothing,North,C01978,4,Positive,"Solid product, does what it says.",Yes,15
08-20-2023,R003822,S004,P0185,Clothing,South,C00782,5,Positive,Fast delivery and great value for money.,No,0
08-20-2023,R005821,S001,P0135,Furniture,North,C00642,4,Positive,"Good value, would recommend to others.",Yes,20
08-21-2023,R000415,S002,P0094,Groceries,South,C02720,5,Positive,"Highly recommend, works perfectly.",Yes,20
08-21-2023,R001370,S005,P0090,Groceries,South,C01746,3,Neutral,Fair quality for the price paid.,Yes,13
08-21-2023,R001420,S001,P0047,Groceries,East,C00257,5,Positive,"Excellent quality, exceeded my expectations!",Yes,30
08-21-2023,R002321,S001,P0119,Electronics,West,C00012,4,Positive,"Solid product, does what it says.",Yes,8
08-21-2023,R003001,S004,P0096,Groceries,North,C01990,4,Positive,"Solid product, does what it says.",Yes,20
08-21-2023,R003287,S004,P0067,Clothing,North,C02033,5,Positive,"Absolutely love this product, will buy again.",Yes,30
08-21-2023,R003333,S004,P0091,Electronics,North,C00159,5,Positive,Best purchase I've made this year.,Yes,45
08-21-2023,R003966,S004,P0152,Clothing,West,C01050,5,Positive,"Highly recommend, works perfectly.",Yes,22
08-21-2023,R004522,S004,P0039,Groceries,West,C02297,5,Positive,"Excellent quality, exceeded my expectations!",Yes,49
08-21-2023,R005253,S003,P0088,Toys,South,C01581,2,Negative,"Would not recommend, had problems.",Yes,10
08-22-2023,R001598,S003,P0133,Groceries,West,C02734,4,Positive,"Works well, decent quality for the price.",Yes,1
08-22-2023,R001970,S004,P0128,Furniture,East,C00730,5,Positive,"Highly recommend, works perfectly.",Yes,11
08-22-2023,R001997,S005,P0065,Electronics,West,C00452,3,Neutral,"Average product, nothing special.",Yes,8
08-22-2023,R002159,S003,P0079,Toys,North,C02831,3,Neutral,"It's okay, met basic expectations.",Yes,8
08-22-2023,R002220,S001,P0026,Groceries,East,C00699,5,Positive,"Absolutely love this product, will buy again.",Yes,13
08-22-2023,R003794,S005,P0048,Clothing,East,C02041,5,Positive,Best purchase I've made this year.,Yes,40
08-22-2023,R004287,S001,P0172,Toys,West,C02618,4,Positive,"Good value, would recommend to others.",Yes,3
08-22-2023,R005076,S003,P0174,Toys,North,C00631,5,Positive,"Highly recommend, works perfectly.",Yes,29
08-22-2023,R005419,S002,P0039,Groceries,West,C00530,5,Positive,Best purchase I've made this year.,Yes,17
08-23-2023,R000380,S002,P0052,Toys,West,C02438,5,Positive,"Highly recommend, works perfectly.",Yes,27
08-23-2023,R000616,S001,P0192,Clothing,North,C01117,3,Neutral,"It's okay, met basic expectations.",Yes,13
08-23-2023,R001565,S004,P0158,Electronics,West,C01421,4,Positive,Pretty happy with this purchase.,Yes,12
08-23-2023,R001756,S001,P0007,Toys,North,C02997,5,Positive,"Highly recommend, works perfectly.",No,44
08-23-2023,R002317,S004,P0119,Electronics,North,C01695,1,Negative,"Terrible experience, would not buy again.",Yes,34
08-23-2023,R002668,S002,P0087,Toys,West,C02640,1,Negative,"Very disappointed, product did not work.",Yes,8
08-23-2023,R002847,S005,P0032,Clothing,South,C00533,5,Positive,"Excellent quality, exceeded my expectations!",Yes,16
08-23-2023,R004046,S001,P0046,Groceries,West,C02156,4,Positive,"Good value, would recommend to others.",Yes,3
08-23-2023,R004060,S004,P0083,Electronics,West,C01596,5,Positive,"Absolutely love this product, will buy again.",Yes,11
08-24-2023,R000209,S001,P0074,Electronics,East,C00603,3,Neutral,Fair quality for the price paid.,Yes,17
08-24-2023,R001698,S004,P0022,Toys,West,C02930,3,Neutral,Fair quality for the price paid.,Yes,19
08-24-2023,R002465,S004,P0086,Furniture,East,C02215,2,Negative,Poor packaging and average product.,Yes,19
08-24-2023,R002719,S003,P0089,Groceries,North,C00653,2,Negative,"Would not recommend, had problems.",Yes,2
08-24-2023,R003095,S002,P0041,Groceries,East,C01749,2,Negative,"Not very satisfied, quality could improve.",No,10
08-24-2023,R003971,S004,P0183,Toys,West,C01570,5,Positive,"Highly recommend, works perfectly.",Yes,10
08-24-2023,R004309,S004,P0032,Clothing,East,C02475,2,Negative,Disappointed with the product performance.,Yes,7
08-24-2023,R004317,S001,P0053,Groceries,South,C00787,1,Negative,"Product arrived damaged, very unhappy.",Yes,19
08-24-2023,R005093,S001,P0002,Clothing,South,C00884,4,Positive,"Good product overall, minor issues but satisfied.",Yes,10
08-25-2023,R000467,S003,P0099,Toys,South,C01116,1,Negative,"Waste of money, poor quality.",Yes,30
08-25-2023,R000679,S001,P0128,Furniture,West,C02561,1,Negative,"Waste of money, poor quality.",Yes,18
08-25-2023,R000889,S002,P0114,Groceries,East,C00711,2,Negative,Disappointed with the product performance.,Yes,9
08-25-2023,R001870,S003,P0012,Clothing,North,C00373,4,Positive,Pretty happy with this purchase.,Yes,12
08-25-2023,R002763,S005,P0140,Toys,West,C00124,2,Negative,"Below expectations, had some issues.",Yes,1
08-25-2023,R005926,S005,P0040,Toys,West,C00334,5,Positive,"Highly recommend, works perfectly.",No,43
08-26-2023,R002018,S001,P0196,Electronics,West,C01070,4,Positive,"Good product overall, minor issues but satisfied.",Yes,18
08-26-2023,R002217,S001,P0196,Electronics,West,C00097,1,Negative,"Product arrived damaged, very unhappy.",Yes,7
08-26-2023,R002274,S004,P0101,Furniture,East,C01886,1,Negative,"Terrible experience, would not buy again.",Yes,49
08-26-2023,R002534,S005,P0134,Electronics,East,C01970,5,Positive,Best purchase I've made this year.,Yes,27
08-26-2023,R003661,S002,P0101,Furniture,North,C02892,5,Positive,Fast delivery and great value for money.,No,23
08-26-2023,R003959,S005,P0196,Electronics,West,C00341,5,Positive,Best purchase I've made this year.,Yes,47
08-26-2023,R004593,S002,P0088,Toys,East,C02577,4,Positive,Pretty happy with this purchase.,No,6
08-26-2023,R004931,S005,P0006,Groceries,West,C00484,4,Positive,"Works well, decent quality for the price.",Yes,12
08-26-2023,R005469,S003,P0159,Clothing,West,C02540,5,Positive,Best purchase I've made this year.,Yes,26
08-27-2023,R000346,S005,P0012,Clothing,East,C02979,5,Positive,Fast delivery and great value for money.,Yes,36
08-27-2023,R000929,S001,P0119,Electronics,South,C00426,1,Negative,"Worst purchase, do not recommend.",Yes,13
08-27-2023,R001158,S005,P0142,Clothing,West,C00986,3,Neutral,"Average product, nothing special.",Yes,11
08-27-2023,R001293,S002,P0073,Furniture,South,C01759,4,Positive,"Works well, decent quality for the price.",Yes,16
08-27-2023,R001421,S001,P0131,Clothing,East,C01832,4,Positive,"Solid product, does what it says.",Yes,5
08-27-2023,R002924,S002,P0014,Toys,West,C00575,3,Neutral,"It's okay, met basic expectations.",No,2
08-27-2023,R004173,S002,P0127,Furniture,East,C01960,5,Positive,"Highly recommend, works perfectly.",Yes,11
08-27-2023,R004565,S002,P0102,Toys,South,C02120,4,Positive,"Works well, decent quality for the price.",Yes,6
08-27-2023,R005183,S001,P0142,Clothing,North,C02555,5,Positive,Fast delivery and great value for money.,No,7
08-27-2023,R005234,S001,P0140,Toys,West,C00022,4,Positive,Pretty happy with this purchase.,No,1
08-27-2023,R005337,S004,P0010,Toys,South,C00394,2,Negative,Disappointed with the product performance.,Yes,14
08-28-2023,R000400,S002,P0079,Toys,South,C00991,2,Negative,Disappointed with the product performance.,Yes,14
08-28-2023,R003158,S002,P0038,Clothing,South,C00482,5,Positive,Best purchase I've made this year.,Yes,26
08-28-2023,R003345,S002,P0128,Furniture,East,C02652,5,Positive,"Absolutely love this product, will buy again.",Yes,11
08-28-2023,R004928,S003,P0035,Clothing,North,C01818,2,Negative,"Would not recommend, had problems.",Yes,10
08-28-2023,R005792,S002,P0094,Groceries,South,C01039,3,Neutral,"It's okay, met basic expectations.",Yes,9
08-29-2023,R001402,S005,P0001,Electronics,South,C02404,5,Positive,Best purchase I've made this year.,Yes,47
08-29-2023,R001568,S005,P0038,Clothing,North,C00150,2,Negative,Disappointed with the product performance.,Yes,16
08-29-2023,R001571,S003,P0074,Electronics,North,C01624,2,Negative,"Would not recommend, had problems.",Yes,17
08-29-2023,R002482,S005,P0176,Furniture,South,C00582,2,Negative,Poor packaging and average product.,Yes,6
08-29-2023,R003413,S004,P0150,Electronics,West,C02949,3,Neutral,"Neutral experience, neither good nor bad.",Yes,14
08-29-2023,R005112,S004,P0135,Furniture,East,C00055,1,Negative,"Product arrived damaged, very unhappy.",No,2
08-29-2023,R005289,S001,P0030,Furniture,East,C00954,3,Neutral,Decent but could be better.,Yes,3
08-29-2023,R005677,S001,P0051,Groceries,North,C02124,5,Positive,Best purchase I've made this year.,Yes,39
08-29-2023,R005836,S003,P0089,Groceries,West,C02088,4,Positive,Pretty happy with this purchase.,Yes,8
08-30-2023,R000442,S002,P0003,Furniture,South,C01668,1,Negative,"Product arrived damaged, very unhappy.",Yes,50
08-30-2023,R000622,S005,P0038,Clothing,East,C02873,5,Positive,Fast delivery and great value for money.,Yes,4
08-30-2023,R000727,S005,P0187,Toys,East,C00726,5,Positive,"Excellent quality, exceeded my expectations!",No,33
08-30-2023,R002187,S004,P0182,Toys,West,C02690,2,Negative,"Below expectations, had some issues.",Yes,2
08-30-2023,R002463,S001,P0155,Electronics,South,C01739,3,Neutral,"Average product, nothing special.",No,16
08-30-2023,R003370,S002,P0196,Electronics,North,C02852,5,Positive,Best purchase I've made this year.,Yes,29
08-30-2023,R004733,S001,P0104,Electronics,North,C01884,5,Positive,"Absolutely love this product, will buy again.",Yes,42
08-30-2023,R005304,S001,P0132,Furniture,East,C00812,4,Positive,"Good product overall, minor issues but satisfied.",Yes,15
08-30-2023,R005777,S004,P0197,Electronics,West,C02353,4,Positive,"Solid product, does what it says.",No,1
08-31-2023,R000218,S005,P0034,Groceries,South,C00824,2,Negative,Disappointed with the product performance.,No,12
08-31-2023,R002139,S003,P0198,Groceries,South,C01473,1,Negative,"Worst purchase, do not recommend.",No,4
08-31-2023,R004804,S005,P0015,Furniture,West,C02836,5,Positive,Fast delivery and great value for money.,Yes,48
08-31-2023,R004830,S002,P0119,Electronics,North,C00488,4,Positive,"Good product overall, minor issues but satisfied.",Yes,16
08-31-2023,R005261,S001,P0135,Furniture,West,C02834,5,Positive,Fast delivery and great value for money.,Yes,25
08-31-2023,R005391,S001,P0088,Toys,North,C01677,4,Positive,"Good value, would recommend to others.",Yes,18
08-31-2023,R005548,S001,P0035,Clothing,North,C01203,4,Positive,"Good value, would recommend to others.",Yes,13
09-01-2023,R000131,S005,P0114,Groceries,North,C00181,5,Positive,"Excellent quality, exceeded my expectations!",Yes,1
09-01-2023,R001373,S004,P0155,Electronics,East,C02940,2,Negative,"Below expectations, had some issues.",Yes,17
09-01-2023,R002508,S003,P0027,Toys,South,C02270,4,Positive,"Good value, would recommend to others.",No,2
09-01-2023,R002599,S005,P0062,Groceries,North,C00247,5,Positive,"Excellent quality, exceeded my expectations!",Yes,9
09-01-2023,R003601,S003,P0060,Electronics,West,C01812,5,Positive,Fast delivery and great value for money.,Yes,17
09-01-2023,R004240,S005,P0039,Groceries,West,C00494,1,Negative,"Product arrived damaged, very unhappy.",Yes,48
09-01-2023,R004244,S002,P0121,Clothing,North,C02806,5,Positive,"Excellent quality, exceeded my expectations!",Yes,28
09-02-2023,R000569,S005,P0106,Furniture,South,C00710,5,Positive,"Excellent quality, exceeded my expectations!",Yes,15
09-02-2023,R001183,S005,P0199,Electronics,East,C02739,4,Positive,Pretty happy with this purchase.,No,0
09-02-2023,R002379,S005,P0119,Electronics,North,C01767,5,Positive,Best purchase I've made this year.,Yes,39
09-02-2023,R002584,S001,P0125,Toys,East,C01196,5,Positive,Best purchase I've made this year.,Yes,30
09-02-2023,R003310,S002,P0171,Furniture,North,C00267,4,Positive,"Solid product, does what it says.",Yes,1
09-02-2023,R004142,S003,P0192,Clothing,South,C02265,3,Neutral,"It's okay, met basic expectations.",Yes,5
09-02-2023,R005351,S004,P0103,Toys,East,C02506,4,Positive,Pretty happy with this purchase.,Yes,16
09-02-2023,R005923,S002,P0118,Clothing,West,C02690,5,Positive,Fast delivery and great value for money.,Yes,11
09-03-2023,R000419,S004,P0047,Groceries,West,C00673,2,Negative,Poor packaging and average product.,Yes,9
09-03-2023,R001081,S001,P0142,Clothing,South,C00454,1,Negative,"Worst purchase, do not recommend.",Yes,29
09-03-2023,R001187,S003,P0057,Furniture,East,C01850,5,Positive,Fast delivery and great value for money.,Yes,0
09-03-2023,R003418,S002,P0189,Groceries,South,C01221,3,Neutral,"Neutral experience, neither good nor bad.",Yes,2
09-03-2023,R003948,S003,P0138,Clothing,West,C02629,4,Positive,"Solid product, does what it says.",Yes,1
09-03-2023,R005532,S001,P0084,Clothing,West,C01144,2,Negative,Disappointed with the product performance.,Yes,5
09-04-2023,R001024,S001,P0168,Furniture,West,C02132,5,Positive,Best purchase I've made this year.,Yes,38
09-04-2023,R001503,S002,P0065,Electronics,West,C01300,5,Positive,"Excellent quality, exceeded my expectations!",Yes,33
09-04-2023,R001730,S001,P0117,Toys,South,C00826,2,Negative,"Would not recommend, had problems.",Yes,9
09-04-2023,R002291,S005,P0010,Toys,South,C02401,2,Negative,"Below expectations, had some issues.",No,2
09-04-2023,R002381,S001,P0108,Furniture,North,C02101,5,Positive,Fast delivery and great value for money.,Yes,10
09-04-2023,R004129,S003,P0137,Furniture,South,C01788,5,Positive,"Excellent quality, exceeded my expectations!",Yes,14
09-04-2023,R004354,S002,P0049,Electronics,North,C01534,4,Positive,Pretty happy with this purchase.,Yes,0
09-04-2023,R005156,S004,P0058,Groceries,South,C01205,3,Neutral,Fair quality for the price paid.,Yes,14
09-05-2023,R000220,S004,P0031,Toys,West,C00956,5,Positive,"Highly recommend, works perfectly.",Yes,42
09-05-2023,R001314,S005,P0077,Groceries,West,C01420,4,Positive,"Works well, decent quality for the price.",Yes,14
09-05-2023,R002039,S005,P0044,Clothing,South,C01319,5,Positive,"Excellent quality, exceeded my expectations!",Yes,27
09-05-2023,R002374,S005,P0069,Toys,South,C01749,4,Positive,Pretty happy with this purchase.,Yes,7
09-05-2023,R003515,S001,P0081,Furniture,East,C02891,5,Positive,"Highly recommend, works perfectly.",Yes,44
09-05-2023,R004544,S005,P0160,Groceries,East,C01966,5,Positive,"Highly recommend, works perfectly.",Yes,49
09-05-2023,R005650,S003,P0182,Toys,West,C01873,1,Negative,"Waste of money, poor quality.",Yes,28
09-05-2023,R005703,S005,P0161,Groceries,East,C01080,5,Positive,Best purchase I've made this year.,Yes,15
09-06-2023,R000036,S002,P0178,Toys,South,C00646,5,Positive,"Absolutely love this product, will buy again.",Yes,0
09-06-2023,R000504,S004,P0017,Toys,East,C00021,3,Neutral,"It's okay, met basic expectations.",Yes,7
09-06-2023,R001593,S002,P0057,Furniture,East,C00059,4,Positive,"Good product overall, minor issues but satisfied.",Yes,11
09-06-2023,R002824,S003,P0132,Furniture,North,C02197,3,Neutral,"Neutral experience, neither good nor bad.",Yes,9
09-06-2023,R003187,S005,P0056,Clothing,South,C01116,5,Positive,Fast delivery and great value for money.,Yes,3
09-06-2023,R003457,S005,P0128,Furniture,West,C01057,5,Positive,"Excellent quality, exceeded my expectations!",Yes,12
09-06-2023,R003995,S004,P0060,Electronics,East,C01560,2,Negative,Disappointed with the product performance.,No,11
09-06-2023,R004065,S002,P0027,Toys,West,C01225,3,Neutral,"It's okay, met basic expectations.",Yes,20
09-06-2023,R004229,S002,P0179,Electronics,East,C02492,2,Negative,"Would not recommend, had problems.",Yes,14
09-06-2023,R004331,S003,P0153,Furniture,South,C01356,5,Positive,"Excellent quality, exceeded my expectations!",Yes,13
09-06-2023,R004691,S001,P0180,Groceries,West,C00981,4,Positive,"Good value, would recommend to others.",Yes,12
09-06-2023,R005945,S004,P0154,Groceries,South,C02693,4,Positive,"Good value, would recommend to others.",Yes,14
09-07-2023,R001608,S002,P0085,Furniture,North,C00261,3,Neutral,Decent but could be better.,Yes,2
09-07-2023,R003286,S005,P0055,Groceries,West,C01879,5,Positive,"Absolutely love this product, will buy again.",Yes,17
09-07-2023,R005404,S005,P0173,Clothing,East,C00104,5,Positive,"Excellent quality, exceeded my expectations!",Yes,2
09-08-2023,R000072,S001,P0003,Furniture,South,C01296,1,Negative,"Terrible experience, would not buy again.",Yes,15
09-08-2023,R001511,S003,P0173,Clothing,South,C01235,5,Positive,Best purchase I've made this year.,Yes,14
09-08-2023,R001576,S005,P0026,Groceries,North,C00716,5,Positive,"Absolutely love this product, will buy again.",Yes,13
09-08-2023,R002877,S002,P0126,Clothing,South,C02797,1,Negative,"Product arrived damaged, very unhappy.",Yes,29
09-08-2023,R003196,S004,P0155,Electronics,North,C02339,5,Positive,Best purchase I've made this year.,Yes,6
09-08-2023,R004088,S002,P0058,Groceries,North,C02252,4,Positive,"Solid product, does what it says.",No,17
09-08-2023,R004189,S003,P0193,Groceries,South,C01629,4,Positive,"Good value, would recommend to others.",Yes,4
09-08-2023,R004557,S001,P0131,Clothing,North,C01942,5,Positive,"Highly recommend, works perfectly.",No,22
09-08-2023,R005036,S004,P0001,Electronics,South,C01291,4,Positive,"Good product overall, minor issues but satisfied.",Yes,3
09-08-2023,R005568,S003,P0033,Toys,North,C01533,3,Neutral,Decent but could be better.,Yes,18
09-08-2023,R005762,S002,P0161,Groceries,North,C00433,5,Positive,"Absolutely love this product, will buy again.",Yes,32
09-09-2023,R000208,S002,P0116,Furniture,South,C01078,3,Neutral,Decent but could be better.,Yes,5
09-09-2023,R000927,S001,P0085,Furniture,West,C01587,4,Positive,Pretty happy with this purchase.,Yes,3
09-09-2023,R002185,S002,P0030,Furniture,West,C02149,5,Positive,"Excellent quality, exceeded my expectations!",Yes,41
09-09-2023,R002875,S005,P0199,Electronics,West,C01150,4,Positive,"Works well, decent quality for the price.",Yes,18
09-09-2023,R003441,S005,P0021,Furniture,West,C00281,5,Positive,"Highly recommend, works perfectly.",Yes,11
09-09-2023,R003447,S003,P0138,Clothing,South,C01922,3,Neutral,"Neutral experience, neither good nor bad.",Yes,3
09-09-2023,R003842,S004,P0132,Furniture,East,C00173,4,Positive,Pretty happy with this purchase.,Yes,18
09-09-2023,R003932,S005,P0184,Groceries,East,C02393,4,Positive,"Good value, would recommend to others.",Yes,11
09-09-2023,R004011,S004,P0133,Groceries,West,C00770,4,Positive,Pretty happy with this purchase.,No,13
09-09-2023,R004044,S004,P0088,Toys,South,C01990,5,Positive,"Highly recommend, works perfectly.",Yes,46
09-09-2023,R004923,S002,P0082,Clothing,West,C00183,3,Neutral,"Average product, nothing special.",Yes,20
09-09-2023,R005287,S002,P0112,Electronics,East,C02448,3,Neutral,"It's okay, met basic expectations.",Yes,16
09-09-2023,R005736,S002,P0060,Electronics,South,C02482,4,Positive,"Works well, decent quality for the price.",Yes,18
09-10-2023,R000098,S003,P0199,Electronics,West,C02907,5,Positive,"Highly recommend, works perfectly.",Yes,13
09-10-2023,R000474,S004,P0183,Toys,West,C02641,1,Negative,"Waste of money, poor quality.",Yes,46
09-10-2023,R003274,S001,P0075,Furniture,East,C01844,1,Negative,"Very disappointed, product did not work.",Yes,11
09-10-2023,R004659,S005,P0114,Groceries,West,C00884,2,Negative,Disappointed with the product performance.,Yes,16
09-10-2023,R004801,S001,P0012,Clothing,South,C02304,4,Positive,"Good value, would recommend to others.",Yes,15
09-10-2023,R005500,S002,P0032,Clothing,West,C02943,4,Positive,"Solid product, does what it says.",Yes,18
09-11-2023,R000590,S004,P0044,Clothing,East,C02900,5,Positive,Best purchase I've made this year.,Yes,7
09-11-2023,R000592,S003,P0195,Clothing,North,C00531,4,Positive,"Works well, decent quality for the price.",Yes,15
09-11-2023,R001042,S005,P0052,Toys,West,C00306,5,Positive,Fast delivery and great value for money.,Yes,7
09-11-2023,R001785,S002,P0124,Furniture,East,C01989,5,Positive,"Highly recommend, works perfectly.",Yes,23
09-11-2023,R002607,S005,P0150,Electronics,East,C00278,3,Neutral,"It's okay, met basic expectations.",Yes,18
09-11-2023,R003179,S004,P0109,Electronics,South,C01358,3,Neutral,Fair quality for the price paid.,Yes,14
09-11-2023,R003483,S005,P0129,Groceries,West,C01305,5,Positive,Fast delivery and great value for money.,No,42
09-11-2023,R003875,S001,P0074,Electronics,South,C01524,5,Positive,"Absolutely love this product, will buy again.",Yes,26
09-11-2023,R003975,S002,P0033,Toys,South,C00095,3,Neutral,"It's okay, met basic expectations.",Yes,2
09-11-2023,R004906,S001,P0171,Furniture,South,C00391,5,Positive,"Excellent quality, exceeded my expectations!",Yes,45
09-11-2023,R005750,S003,P0059,Furniture,North,C01823,5,Positive,Fast delivery and great value for money.,Yes,46
09-12-2023,R000155,S001,P0090,Groceries,South,C02712,4,Positive,"Good value, would recommend to others.",Yes,10
09-12-2023,R000481,S005,P0070,Groceries,East,C00385,2,Negative,Disappointed with the product performance.,Yes,18
09-12-2023,R000898,S003,P0073,Furniture,South,C00959,5,Positive,"Excellent quality, exceeded my expectations!",No,2
09-12-2023,R004748,S002,P0078,Toys,West,C01366,5,Positive,"Highly recommend, works perfectly.",Yes,35
09-12-2023,R005095,S001,P0084,Clothing,South,C01096,5,Positive,"Excellent quality, exceeded my expectations!",Yes,14
09-13-2023,R000806,S003,P0158,Electronics,East,C01013,1,Negative,"Very disappointed, product did not work.",Yes,24
09-13-2023,R001394,S003,P0025,Clothing,East,C00366,3,Neutral,"It's okay, met basic expectations.",Yes,1
09-13-2023,R002246,S001,P0069,Toys,East,C01095,5,Positive,Best purchase I've made this year.,Yes,11
09-13-2023,R002486,S005,P0187,Toys,West,C01207,5,Positive,Fast delivery and great value for money.,Yes,21
09-13-2023,R002884,S005,P0152,Clothing,West,C01151,1,Negative,"Very disappointed, product did not work.",Yes,26
09-13-2023,R003905,S001,P0139,Clothing,West,C01008,5,Positive,"Highly recommend, works perfectly.",No,34
09-14-2023,R000552,S004,P0122,Furniture,North,C02303,5,Positive,"Absolutely love this product, will buy again.",Yes,26
09-14-2023,R001263,S005,P0089,Groceries,South,C02816,5,Positive,Fast delivery and great value for money.,Yes,41
09-14-2023,R003490,S001,P0043,Groceries,South,C02235,5,Positive,"Excellent quality, exceeded my expectations!",Yes,12
09-14-2023,R003723,S002,P0083,Electronics,South,C00820,5,Positive,"Excellent quality, exceeded my expectations!",Yes,18
09-14-2023,R004597,S005,P0114,Groceries,West,C00822,5,Positive,"Excellent quality, exceeded my expectations!",Yes,2
09-14-2023,R004700,S004,P0058,Groceries,North,C00193,4,Positive,"Works well, decent quality for the price.",Yes,0
09-14-2023,R005142,S004,P0149,Electronics,North,C00473,4,Positive,Pretty happy with this purchase.,Yes,16
09-14-2023,R005754,S003,P0197,Electronics,South,C02721,4,Positive,"Good product overall, minor issues but satisfied.",Yes,1
09-15-2023,R001028,S005,P0084,Clothing,East,C01900,3,Neutral,"It's okay, met basic expectations.",Yes,20
09-15-2023,R003709,S005,P0183,Toys,West,C00169,4,Positive,"Solid product, does what it says.",Yes,8
09-15-2023,R004582,S001,P0024,Toys,South,C00906,4,Positive,"Good value, would recommend to others.",Yes,14
09-15-2023,R005362,S001,P0023,Groceries,East,C00398,4,Positive,"Works well, decent quality for the price.",No,13
09-16-2023,R000237,S004,P0195,Clothing,South,C02509,5,Positive,"Absolutely love this product, will buy again.",Yes,40
09-16-2023,R000300,S002,P0183,Toys,West,C00664,4,Positive,"Solid product, does what it says.",Yes,9
09-16-2023,R002938,S003,P0110,Toys,East,C00975,5,Positive,Fast delivery and great value for money.,Yes,35
09-16-2023,R003031,S002,P0145,Toys,North,C01947,5,Positive,Best purchase I've made this year.,Yes,7
09-16-2023,R004072,S002,P0194,Furniture,South,C02113,3,Neutral,"Neutral experience, neither good nor bad.",Yes,10
09-16-2023,R004236,S001,P0124,Furniture,North,C00666,3,Neutral,"Neutral experience, neither good nor bad.",Yes,18
09-16-2023,R004356,S001,P0060,Electronics,East,C01066,5,Positive,Best purchase I've made this year.,Yes,11
09-16-2023,R004909,S005,P0176,Furniture,West,C01901,4,Positive,"Solid product, does what it says.",Yes,9
09-16-2023,R005411,S003,P0165,Furniture,North,C01913,5,Positive,"Highly recommend, works perfectly.",Yes,1
09-16-2023,R005425,S002,P0014,Toys,South,C02007,1,Negative,"Worst purchase, do not recommend.",Yes,35
09-16-2023,R005809,S004,P0119,Electronics,North,C00507,5,Positive,Fast delivery and great value for money.,Yes,30
09-17-2023,R000078,S002,P0058,Groceries,North,C02437,4,Positive,"Good product overall, minor issues but satisfied.",Yes,12
09-17-2023,R000186,S001,P0175,Clothing,South,C02092,3,Neutral,"Average product, nothing special.",Yes,4
09-17-2023,R002143,S005,P0193,Groceries,North,C02850,5,Positive,"Absolutely love this product, will buy again.",Yes,18
09-17-2023,R002968,S004,P0034,Groceries,South,C01453,5,Positive,"Absolutely love this product, will buy again.",Yes,5
09-17-2023,R003745,S003,P0057,Furniture,East,C01673,5,Positive,Fast delivery and great value for money.,No,2
09-17-2023,R004210,S001,P0176,Furniture,East,C02019,1,Negative,"Worst purchase, do not recommend.",Yes,42
09-17-2023,R005310,S004,P0135,Furniture,West,C02829,2,Negative,"Not very satisfied, quality could improve.",Yes,6
09-18-2023,R000540,S004,P0029,Groceries,West,C00230,1,Negative,"Worst purchase, do not recommend.",Yes,10
09-18-2023,R001814,S005,P0067,Clothing,North,C02758,5,Positive,Best purchase I've made this year.,Yes,26
09-18-2023,R001877,S001,P0086,Furniture,North,C02170,3,Neutral,Fair quality for the price paid.,No,15
09-18-2023,R003518,S001,P0122,Furniture,South,C01985,5,Positive,Fast delivery and great value for money.,Yes,50
09-18-2023,R005618,S005,P0072,Groceries,East,C00451,4,Positive,"Good product overall, minor issues but satisfied.",Yes,8
09-19-2023,R002618,S001,P0025,Clothing,West,C00535,3,Neutral,"Neutral experience, neither good nor bad.",Yes,14
09-19-2023,R002721,S003,P0104,Electronics,West,C02223,4,Positive,Pretty happy with this purchase.,Yes,10
09-19-2023,R002813,S002,P0014,Toys,South,C02494,5,Positive,Best purchase I've made this year.,Yes,34
09-19-2023,R002815,S002,P0070,Groceries,South,C02416,3,Neutral,"Average product, nothing special.",No,14
09-19-2023,R004799,S002,P0135,Furniture,South,C02717,4,Positive,"Good value, would recommend to others.",Yes,3
09-19-2023,R005449,S002,P0033,Toys,West,C01840,4,Positive,Pretty happy with this purchase.,Yes,5
09-20-2023,R000281,S004,P0016,Furniture,West,C01323,3,Neutral,Fair quality for the price paid.,Yes,7
09-20-2023,R000392,S003,P0019,Toys,East,C01075,2,Negative,Disappointed with the product performance.,No,15
09-20-2023,R001448,S002,P0165,Furniture,West,C02230,5,Positive,"Absolutely love this product, will buy again.",Yes,50
09-20-2023,R001488,S001,P0192,Clothing,West,C00371,5,Positive,"Excellent quality, exceeded my expectations!",Yes,24
09-20-2023,R001920,S005,P0195,Clothing,East,C02187,4,Positive,Pretty happy with this purchase.,Yes,0
09-20-2023,R003201,S004,P0120,Clothing,East,C02927,5,Positive,"Absolutely love this product, will buy again.",No,40
09-20-2023,R004393,S004,P0138,Clothing,North,C00266,4,Positive,"Solid product, does what it says.",No,2
09-20-2023,R004604,S004,P0173,Clothing,South,C01685,3,Neutral,"Neutral experience, neither good nor bad.",Yes,15
09-20-2023,R004992,S001,P0047,Groceries,East,C02897,5,Positive,Fast delivery and great value for money.,Yes,44
09-21-2023,R001437,S001,P0115,Toys,East,C02580,2,Negative,Disappointed with the product performance.,Yes,13
09-21-2023,R003084,S004,P0158,Electronics,South,C02411,5,Positive,"Excellent quality, exceeded my expectations!",Yes,9
09-21-2023,R003170,S003,P0012,Clothing,East,C00955,5,Positive,Best purchase I've made this year.,Yes,21
09-21-2023,R003279,S004,P0093,Electronics,North,C02987,5,Positive,"Highly recommend, works perfectly.",Yes,40
09-21-2023,R003640,S005,P0049,Electronics,South,C01650,3,Neutral,Fair quality for the price paid.,Yes,14
09-21-2023,R004345,S002,P0133,Groceries,South,C00677,5,Positive,Fast delivery and great value for money.,Yes,38
09-21-2023,R004732,S004,P0024,Toys,North,C01581,3,Neutral,"It's okay, met basic expectations.",Yes,5
09-21-2023,R004772,S002,P0186,Groceries,East,C00213,4,Positive,Pretty happy with this purchase.,Yes,9
09-21-2023,R004787,S004,P0119,Electronics,East,C02804,4,Positive,"Good product overall, minor issues but satisfied.",Yes,5
09-21-2023,R004888,S005,P0062,Groceries,South,C02868,5,Positive,"Absolutely love this product, will buy again.",Yes,35
09-21-2023,R004994,S004,P0164,Groceries,South,C00068,4,Positive,"Good product overall, minor issues but satisfied.",Yes,4
09-21-2023,R005729,S002,P0046,Groceries,East,C02308,4,Positive,"Solid product, does what it says.",No,5
09-22-2023,R000717,S005,P0145,Toys,South,C02532,5,Positive,"Excellent quality, exceeded my expectations!",No,23
09-22-2023,R002703,S004,P0082,Clothing,South,C00849,2,Negative,"Would not recommend, had problems.",Yes,3
09-22-2023,R003091,S002,P0031,Toys,North,C02973,5,Positive,"Highly recommend, works perfectly.",Yes,45
09-22-2023,R003614,S003,P0027,Toys,South,C00465,4,Positive,"Good value, would recommend to others.",No,2
09-22-2023,R004066,S002,P0165,Furniture,West,C00173,5,Positive,Best purchase I've made this year.,Yes,24
09-22-2023,R004372,S004,P0059,Furniture,North,C01161,5,Positive,"Absolutely love this product, will buy again.",Yes,27
09-22-2023,R005038,S003,P0043,Groceries,South,C01089,4,Positive,"Good value, would recommend to others.",Yes,6
09-23-2023,R001281,S001,P0095,Furniture,North,C02451,5,Positive,"Excellent quality, exceeded my expectations!",Yes,26
09-23-2023,R001512,S005,P0103,Toys,West,C02672,3,Neutral,"It's okay, met basic expectations.",Yes,3
09-23-2023,R001803,S004,P0180,Groceries,North,C01426,5,Positive,"Excellent quality, exceeded my expectations!",No,3
09-23-2023,R001962,S002,P0100,Electronics,West,C01592,4,Positive,"Good product overall, minor issues but satisfied.",No,19
09-23-2023,R001993,S005,P0139,Clothing,North,C02699,4,Positive,Pretty happy with this purchase.,Yes,16
09-23-2023,R002659,S003,P0045,Toys,East,C02397,4,Positive,"Good value, would recommend to others.",Yes,20
09-23-2023,R004344,S002,P0071,Electronics,East,C02540,2,Negative,"Below expectations, had some issues.",Yes,11
09-23-2023,R005109,S003,P0009,Groceries,South,C01235,1,Negative,"Waste of money, poor quality.",Yes,46
09-23-2023,R005936,S001,P0021,Furniture,South,C02882,5,Positive,"Highly recommend, works perfectly.",Yes,14
09-24-2023,R000627,S003,P0123,Furniture,North,C02136,4,Positive,Pretty happy with this purchase.,No,11
09-24-2023,R001426,S003,P0117,Toys,North,C01169,4,Positive,"Solid product, does what it says.",Yes,16
09-24-2023,R003198,S001,P0150,Electronics,East,C01450,5,Positive,"Highly recommend, works perfectly.",Yes,7
09-24-2023,R003761,S004,P0155,Electronics,East,C01797,5,Positive,"Absolutely love this product, will buy again.",Yes,1
09-24-2023,R004000,S005,P0157,Groceries,East,C02415,3,Neutral,"It's okay, met basic expectations.",Yes,14
09-24-2023,R004135,S003,P0179,Electronics,North,C00743,4,Positive,"Good value, would recommend to others.",No,0
09-24-2023,R005660,S002,P0177,Clothing,East,C01912,2,Negative,Disappointed with the product performance.,Yes,19
09-25-2023,R000402,S003,P0012,Clothing,North,C02919,4,Positive,"Good product overall, minor issues but satisfied.",Yes,13
09-25-2023,R001836,S005,P0154,Groceries,West,C00405,5,Positive,"Excellent quality, exceeded my expectations!",Yes,0
09-25-2023,R002923,S004,P0093,Electronics,South,C00528,5,Positive,"Excellent quality, exceeded my expectations!",Yes,0
09-25-2023,R002973,S004,P0169,Toys,South,C01351,4,Positive,"Works well, decent quality for the price.",No,17
09-25-2023,R003939,S003,P0070,Groceries,West,C01070,5,Positive,"Absolutely love this product, will buy again.",Yes,10
09-25-2023,R004666,S005,P0124,Furniture,South,C02168,4,Positive,"Good product overall, minor issues but satisfied.",Yes,7
09-25-2023,R004782,S005,P0073,Furniture,East,C01114,3,Neutral,"Average product, nothing special.",Yes,10
09-26-2023,R000114,S004,P0046,Groceries,North,C00527,4,Positive,"Good product overall, minor issues but satisfied.",Yes,11
09-26-2023,R003164,S003,P0008,Electronics,South,C01970,5,Positive,Best purchase I've made this year.,Yes,1
09-26-2023,R003314,S005,P0199,Electronics,South,C01045,3,Neutral,"It's okay, met basic expectations.",Yes,9
09-26-2023,R003325,S001,P0015,Furniture,East,C02713,4,Positive,"Good product overall, minor issues but satisfied.",Yes,15
09-26-2023,R003449,S001,P0169,Toys,East,C00920,2,Negative,"Would not recommend, had problems.",Yes,6
09-26-2023,R003735,S004,P0053,Groceries,South,C02192,1,Negative,"Very disappointed, product did not work.",Yes,3
09-26-2023,R005648,S002,P0108,Furniture,West,C00988,5,Positive,"Absolutely love this product, will buy again.",Yes,19
09-26-2023,R005938,S005,P0133,Groceries,South,C02485,4,Positive,"Good product overall, minor issues but satisfied.",No,6
09-27-2023,R000839,S003,P0004,Toys,West,C02591,4,Positive,"Good value, would recommend to others.",Yes,9
09-27-2023,R001522,S005,P0141,Clothing,East,C01876,2,Negative,Disappointed with the product performance.,Yes,5
09-27-2023,R001776,S004,P0195,Clothing,North,C01303,5,Positive,"Absolutely love this product, will buy again.",No,2
09-27-2023,R002684,S005,P0108,Furniture,West,C02290,2,Negative,"Not very satisfied, quality could improve.",Yes,4
09-27-2023,R003025,S002,P0120,Clothing,West,C00248,5,Positive,"Excellent quality, exceeded my expectations!",Yes,18
09-27-2023,R003464,S001,P0059,Furniture,South,C02985,5,Positive,"Excellent quality, exceeded my expectations!",Yes,25
09-27-2023,R004327,S002,P0112,Electronics,East,C02342,3,Neutral,Fair quality for the price paid.,Yes,4
09-27-2023,R005558,S003,P0036,Electronics,East,C01305,5,Positive,"Excellent quality, exceeded my expectations!",Yes,7
09-27-2023,R005675,S002,P0190,Toys,West,C00227,3,Neutral,"It's okay, met basic expectations.",Yes,7
09-28-2023,R001286,S004,P0102,Toys,West,C00655,4,Positive,"Good product overall, minor issues but satisfied.",Yes,11
09-28-2023,R001893,S004,P0110,Toys,West,C00129,4,Positive,Pretty happy with this purchase.,Yes,6
09-28-2023,R002234,S003,P0072,Groceries,North,C00865,3,Neutral,Decent but could be better.,Yes,1
09-28-2023,R003205,S003,P0029,Groceries,West,C00859,5,Positive,"Absolutely love this product, will buy again.",No,19
09-28-2023,R003712,S003,P0180,Groceries,North,C00497,3,Neutral,"Neutral experience, neither good nor bad.",Yes,16
09-28-2023,R004091,S002,P0045,Toys,West,C00402,4,Positive,"Works well, decent quality for the price.",Yes,14
09-28-2023,R004589,S001,P0102,Toys,North,C01300,5,Positive,"Excellent quality, exceeded my expectations!",Yes,12
09-28-2023,R004908,S004,P0068,Clothing,North,C01988,4,Positive,"Solid product, does what it says.",Yes,1
09-28-2023,R005920,S005,P0128,Furniture,East,C00952,5,Positive,"Highly recommend, works perfectly.",Yes,32
09-28-2023,R005995,S003,P0028,Groceries,East,C00654,5,Positive,"Excellent quality, exceeded my expectations!",Yes,36
09-29-2023,R001079,S002,P0009,Groceries,West,C00399,5,Positive,"Highly recommend, works perfectly.",Yes,8
09-29-2023,R004967,S004,P0001,Electronics,North,C00638,1,Negative,"Waste of money, poor quality.",Yes,38
09-30-2023,R002035,S003,P0079,Toys,East,C02636,5,Positive,"Absolutely love this product, will buy again.",Yes,45
09-30-2023,R003446,S005,P0038,Clothing,South,C01059,4,Positive,"Good value, would recommend to others.",No,11
09-30-2023,R003747,S003,P0092,Electronics,North,C00219,2,Negative,"Below expectations, had some issues.",Yes,8
09-30-2023,R003790,S004,P0121,Clothing,North,C01877,5,Positive,Best purchase I've made this year.,Yes,22
09-30-2023,R003883,S003,P0130,Electronics,North,C02354,4,Positive,"Solid product, does what it says.",Yes,7
09-30-2023,R003913,S004,P0086,Furniture,West,C01273,4,Positive,"Solid product, does what it says.",Yes,2
10-01-2023,R000459,S003,P0114,Groceries,South,C01251,1,Negative,"Terrible experience, would not buy again.",Yes,40
10-01-2023,R000518,S003,P0071,Electronics,East,C00086,5,Positive,"Highly recommend, works perfectly.",Yes,34
10-01-2023,R000671,S005,P0168,Furniture,North,C02258,5,Positive,Fast delivery and great value for money.,Yes,23
10-01-2023,R000886,S002,P0164,Groceries,South,C00509,2,Negative,"Would not recommend, had problems.",Yes,6
10-01-2023,R003546,S005,P0054,Toys,North,C00251,3,Neutral,Fair quality for the price paid.,Yes,1
10-01-2023,R004686,S004,P0194,Furniture,West,C02546,5,Positive,Best purchase I've made this year.,Yes,45
10-02-2023,R000573,S001,P0179,Electronics,South,C01400,5,Positive,Fast delivery and great value for money.,Yes,9
10-02-2023,R001631,S004,P0192,Clothing,South,C01094,4,Positive,"Works well, decent quality for the price.",Yes,2
10-02-2023,R002442,S003,P0051,Groceries,North,C02834,2,Negative,Poor packaging and average product.,No,4
10-02-2023,R002961,S001,P0061,Furniture,South,C00295,5,Positive,"Excellent quality, exceeded my expectations!",No,30
10-02-2023,R003860,S004,P0064,Electronics,East,C02290,4,Positive,Pretty happy with this purchase.,Yes,18
10-02-2023,R004116,S004,P0013,Toys,North,C00411,4,Positive,Pretty happy with this purchase.,Yes,9
10-02-2023,R004375,S002,P0051,Groceries,West,C01045,4,Positive,"Works well, decent quality for the price.",Yes,8
10-02-2023,R005231,S005,P0190,Toys,East,C02571,3,Neutral,Decent but could be better.,Yes,13
10-02-2023,R005441,S004,P0155,Electronics,East,C01140,1,Negative,"Very disappointed, product did not work.",Yes,20
10-02-2023,R005591,S004,P0145,Toys,South,C00041,3,Neutral,"Average product, nothing special.",Yes,0
10-03-2023,R000900,S002,P0162,Toys,South,C02265,5,Positive,"Excellent quality, exceeded my expectations!",Yes,15
10-03-2023,R002329,S004,P0001,Electronics,South,C01238,5,Positive,Fast delivery and great value for money.,Yes,17
10-03-2023,R002902,S001,P0125,Toys,North,C00543,4,Positive,Pretty happy with this purchase.,Yes,18
10-03-2023,R003523,S003,P0054,Toys,North,C02909,4,Positive,"Good value, would recommend to others.",Yes,14
10-03-2023,R003543,S003,P0126,Clothing,West,C02798,1,Negative,"Very disappointed, product did not work.",Yes,15
10-03-2023,R003738,S003,P0136,Electronics,North,C01543,3,Neutral,Decent but could be better.,Yes,2
10-03-2023,R003797,S002,P0184,Groceries,East,C02063,2,Negative,"Would not recommend, had problems.",Yes,20
10-03-2023,R004278,S001,P0190,Toys,South,C02781,2,Negative,"Below expectations, had some issues.",Yes,4
10-03-2023,R004611,S002,P0167,Furniture,West,C01034,1,Negative,"Product arrived damaged, very unhappy.",Yes,19
10-03-2023,R004898,S002,P0159,Clothing,South,C02958,4,Positive,"Works well, decent quality for the price.",No,19
10-03-2023,R005032,S002,P0146,Furniture,West,C01775,5,Positive,"Absolutely love this product, will buy again.",No,45
10-03-2023,R005352,S005,P0044,Clothing,East,C00912,1,Negative,"Terrible experience, would not buy again.",Yes,26
10-03-2023,R005814,S003,P0090,Groceries,East,C01881,3,Neutral,"Neutral experience, neither good nor bad.",No,15
10-04-2023,R000193,S005,P0175,Clothing,West,C02562,5,Positive,Best purchase I've made this year.,Yes,6
10-04-2023,R000199,S001,P0110,Toys,West,C00362,5,Positive,"Excellent quality, exceeded my expectations!",Yes,7
10-04-2023,R000450,S003,P0098,Toys,North,C02673,1,Negative,"Waste of money, poor quality.",Yes,50
10-04-2023,R005585,S003,P0020,Groceries,South,C00726,2,Negative,Disappointed with the product performance.,Yes,12
10-04-2023,R005787,S002,P0136,Electronics,East,C02578,4,Positive,"Good value, would recommend to others.",Yes,1
10-05-2023,R000943,S001,P0116,Furniture,North,C02744,5,Positive,"Absolutely love this product, will buy again.",Yes,8
10-05-2023,R002028,S004,P0063,Furniture,East,C02571,3,Neutral,Fair quality for the price paid.,No,17
10-05-2023,R002922,S004,P0023,Groceries,North,C00682,4,Positive,Pretty happy with this purchase.,No,6
10-05-2023,R004235,S004,P0017,Toys,North,C01198,4,Positive,"Works well, decent quality for the price.",Yes,18
10-05-2023,R004509,S001,P0047,Groceries,East,C01786,4,Positive,"Good value, would recommend to others.",Yes,9
10-05-2023,R005130,S004,P0057,Furniture,East,C02657,4,Positive,"Works well, decent quality for the price.",Yes,14
10-06-2023,R000298,S002,P0071,Electronics,East,C01690,5,Positive,Fast delivery and great value for money.,Yes,45
10-06-2023,R000685,S001,P0098,Toys,North,C02744,5,Positive,"Excellent quality, exceeded my expectations!",No,36
10-06-2023,R000912,S001,P0178,Toys,East,C00161,3,Neutral,"Neutral experience, neither good nor bad.",Yes,16
10-06-2023,R000973,S005,P0159,Clothing,North,C00802,4,Positive,"Good product overall, minor issues but satisfied.",Yes,9
10-06-2023,R001777,S003,P0031,Toys,East,C02247,5,Positive,Fast delivery and great value for money.,Yes,48
10-06-2023,R001939,S005,P0106,Furniture,South,C02353,5,Positive,Fast delivery and great value for money.,Yes,7
10-06-2023,R002929,S001,P0190,Toys,South,C01081,4,Positive,"Works well, decent quality for the price.",Yes,17
10-06-2023,R003933,S005,P0149,Electronics,North,C01834,5,Positive,Best purchase I've made this year.,Yes,9
10-06-2023,R004783,S002,P0060,Electronics,South,C01400,4,Positive,"Solid product, does what it says.",Yes,6
10-06-2023,R005328,S003,P0092,Electronics,West,C00931,3,Neutral,Fair quality for the price paid.,Yes,6
10-06-2023,R005962,S002,P0040,Toys,East,C00979,4,Positive,"Solid product, does what it says.",Yes,2
10-07-2023,R000040,S002,P0022,Toys,East,C01596,3,Neutral,Fair quality for the price paid.,Yes,15
10-07-2023,R000165,S002,P0065,Electronics,North,C02546,4,Positive,"Good product overall, minor issues but satisfied.",No,16
10-07-2023,R001474,S003,P0096,Groceries,East,C00257,4,Positive,"Good product overall, minor issues but satisfied.",Yes,13
10-07-2023,R002648,S001,P0181,Toys,North,C01728,3,Neutral,Fair quality for the price paid.,Yes,12
10-07-2023,R003338,S004,P0042,Electronics,East,C01229,4,Positive,Pretty happy with this purchase.,Yes,3
10-07-2023,R003666,S001,P0106,Furniture,West,C02385,5,Positive,Best purchase I've made this year.,No,49
10-07-2023,R003727,S001,P0149,Electronics,South,C02036,5,Positive,"Excellent quality, exceeded my expectations!",Yes,12
10-07-2023,R003873,S002,P0039,Groceries,South,C00167,2,Negative,Disappointed with the product performance.,No,18
10-07-2023,R004155,S001,P0133,Groceries,North,C02234,4,Positive,"Good value, would recommend to others.",Yes,2
10-07-2023,R004319,S001,P0174,Toys,North,C00575,4,Positive,Pretty happy with this purchase.,Yes,10
10-07-2023,R005368,S001,P0124,Furniture,South,C00209,4,Positive,"Solid product, does what it says.",Yes,0
10-07-2023,R005567,S005,P0139,Clothing,West,C01575,3,Neutral,Decent but could be better.,Yes,4
10-07-2023,R005692,S001,P0071,Electronics,North,C00891,2,Negative,"Not very satisfied, quality could improve.",Yes,11
10-08-2023,R000140,S005,P0121,Clothing,North,C00109,2,Negative,"Not very satisfied, quality could improve.",Yes,7
10-08-2023,R000487,S003,P0186,Groceries,West,C01599,4,Positive,"Good value, would recommend to others.",Yes,18
10-08-2023,R000493,S005,P0068,Clothing,South,C02590,4,Positive,"Solid product, does what it says.",Yes,11
10-08-2023,R000842,S003,P0128,Furniture,East,C02450,4,Positive,"Solid product, does what it says.",Yes,15
10-08-2023,R000954,S004,P0081,Furniture,South,C01918,3,Neutral,Fair quality for the price paid.,Yes,10
10-08-2023,R001428,S003,P0012,Clothing,South,C00632,4,Positive,"Good value, would recommend to others.",Yes,15
10-08-2023,R004323,S005,P0080,Groceries,North,C00642,5,Positive,"Absolutely love this product, will buy again.",Yes,34
10-08-2023,R004399,S004,P0162,Toys,East,C00592,2,Negative,Disappointed with the product performance.,Yes,18
10-08-2023,R005505,S001,P0157,Groceries,South,C02679,2,Negative,Disappointed with the product performance.,Yes,4
10-09-2023,R000613,S004,P0008,Electronics,North,C02475,5,Positive,Fast delivery and great value for money.,Yes,26
10-09-2023,R001480,S004,P0022,Toys,West,C01265,5,Positive,"Excellent quality, exceeded my expectations!",Yes,11
10-09-2023,R002114,S002,P0011,Groceries,East,C01815,5,Positive,Fast delivery and great value for money.,Yes,50
10-09-2023,R003603,S004,P0149,Electronics,East,C01905,5,Positive,"Highly recommend, works perfectly.",Yes,32
10-09-2023,R004561,S003,P0071,Electronics,West,C00065,1,Negative,"Worst purchase, do not recommend.",No,48
10-10-2023,R000830,S002,P0062,Groceries,North,C01292,5,Positive,Best purchase I've made this year.,No,46
10-10-2023,R001321,S005,P0133,Groceries,North,C02186,5,Positive,"Excellent quality, exceeded my expectations!",Yes,20
10-10-2023,R001447,S005,P0012,Clothing,East,C02543,1,Negative,"Worst purchase, do not recommend.",Yes,21
10-10-2023,R001885,S003,P0176,Furniture,South,C00373,3,Neutral,"Neutral experience, neither good nor bad.",Yes,0
10-10-2023,R002111,S001,P0132,Furniture,West,C01554,5,Positive,Fast delivery and great value for money.,Yes,19
10-10-2023,R003809,S004,P0116,Furniture,South,C01376,4,Positive,"Good product overall, minor issues but satisfied.",Yes,0
10-10-2023,R004381,S003,P0059,Furniture,East,C00182,1,Negative,"Product arrived damaged, very unhappy.",Yes,34
10-10-2023,R005014,S002,P0152,Clothing,West,C01501,2,Negative,Disappointed with the product performance.,Yes,19
10-11-2023,R000178,S005,P0004,Toys,West,C02687,5,Positive,"Excellent quality, exceeded my expectations!",Yes,38
10-11-2023,R001138,S002,P0159,Clothing,West,C00646,3,Neutral,"It's okay, met basic expectations.",Yes,7
10-11-2023,R001694,S004,P0191,Toys,South,C02388,4,Positive,"Good value, would recommend to others.",No,18
10-11-2023,R001942,S004,P0166,Furniture,West,C01920,1,Negative,"Product arrived damaged, very unhappy.",Yes,0
10-11-2023,R003076,S004,P0001,Electronics,South,C00697,5,Positive,"Excellent quality, exceeded my expectations!",No,20
10-11-2023,R003249,S001,P0155,Electronics,West,C00228,4,Positive,"Works well, decent quality for the price.",Yes,18
10-11-2023,R003893,S003,P0161,Groceries,East,C02581,2,Negative,"Not very satisfied, quality could improve.",Yes,12
10-11-2023,R004104,S001,P0029,Groceries,West,C01877,4,Positive,Pretty happy with this purchase.,Yes,1
10-11-2023,R004119,S001,P0107,Electronics,West,C02916,5,Positive,Fast delivery and great value for money.,Yes,31
10-12-2023,R000475,S001,P0199,Electronics,North,C01639,4,Positive,Pretty happy with this purchase.,Yes,10
10-12-2023,R000505,S001,P0063,Furniture,West,C00004,2,Negative,"Below expectations, had some issues.",Yes,1
10-12-2023,R001094,S003,P0144,Clothing,West,C00824,3,Neutral,"It's okay, met basic expectations.",Yes,1
10-12-2023,R001378,S004,P0122,Furniture,West,C00373,5,Positive,Best purchase I've made this year.,No,0
10-12-2023,R001432,S004,P0061,Furniture,North,C02672,4,Positive,"Good value, would recommend to others.",Yes,6
10-12-2023,R001453,S004,P0036,Electronics,West,C01168,4,Positive,"Works well, decent quality for the price.",Yes,2
10-12-2023,R002549,S002,P0137,Furniture,West,C01049,3,Neutral,"Average product, nothing special.",Yes,15
10-12-2023,R002918,S005,P0200,Furniture,West,C01055,1,Negative,"Terrible experience, would not buy again.",No,37
10-12-2023,R004160,S003,P0116,Furniture,South,C02170,4,Positive,"Good value, would recommend to others.",Yes,12
10-12-2023,R004854,S002,P0195,Clothing,North,C02052,5,Positive,"Absolutely love this product, will buy again.",Yes,21
10-13-2023,R002806,S003,P0072,Groceries,South,C00890,1,Negative,"Product arrived damaged, very unhappy.",Yes,43
10-13-2023,R003301,S002,P0116,Furniture,North,C00373,5,Positive,Fast delivery and great value for money.,Yes,6
10-13-2023,R003607,S002,P0154,Groceries,North,C02583,5,Positive,"Highly recommend, works perfectly.",Yes,13
10-13-2023,R004136,S004,P0118,Clothing,South,C00251,3,Neutral,"It's okay, met basic expectations.",Yes,10
10-13-2023,R004823,S005,P0085,Furniture,South,C00168,4,Positive,"Solid product, does what it says.",Yes,10
10-13-2023,R005574,S002,P0054,Toys,East,C01377,3,Neutral,"Neutral experience, neither good nor bad.",Yes,11
10-14-2023,R000122,S003,P0116,Furniture,West,C02580,5,Positive,"Highly recommend, works perfectly.",No,47
10-14-2023,R000998,S002,P0062,Groceries,East,C01886,4,Positive,"Solid product, does what it says.",Yes,0
10-14-2023,R001506,S001,P0008,Electronics,East,C00057,4,Positive,"Good value, would recommend to others.",No,20
10-14-2023,R001929,S003,P0191,Toys,East,C01072,3,Neutral,"Neutral experience, neither good nor bad.",Yes,9
10-14-2023,R002001,S003,P0092,Electronics,South,C02063,5,Positive,Fast delivery and great value for money.,Yes,40
10-14-2023,R002081,S005,P0036,Electronics,East,C01310,3,Neutral,"It's okay, met basic expectations.",Yes,19
10-14-2023,R002232,S003,P0195,Clothing,North,C02361,3,Neutral,"It's okay, met basic expectations.",Yes,10
10-14-2023,R002436,S003,P0044,Clothing,West,C00261,4,Positive,Pretty happy with this purchase.,Yes,4
10-14-2023,R002572,S001,P0016,Furniture,North,C01270,4,Positive,"Works well, decent quality for the price.",Yes,15
10-14-2023,R002704,S005,P0149,Electronics,East,C02477,5,Positive,"Excellent quality, exceeded my expectations!",Yes,20
10-14-2023,R003502,S005,P0195,Clothing,North,C00923,4,Positive,"Good product overall, minor issues but satisfied.",No,2
10-14-2023,R004110,S001,P0085,Furniture,West,C02281,5,Positive,Fast delivery and great value for money.,No,25
10-14-2023,R004311,S003,P0187,Toys,East,C02265,5,Positive,Fast delivery and great value for money.,Yes,8
10-15-2023,R000245,S005,P0119,Electronics,East,C01437,3,Neutral,"Average product, nothing special.",No,5
10-15-2023,R000470,S002,P0200,Furniture,South,C02195,5,Positive,Fast delivery and great value for money.,Yes,35
10-15-2023,R001594,S004,P0177,Clothing,East,C02537,3,Neutral,"It's okay, met basic expectations.",Yes,8
10-15-2023,R001618,S003,P0034,Groceries,North,C01168,2,Negative,Disappointed with the product performance.,Yes,0
10-15-2023,R001715,S004,P0114,Groceries,East,C01231,2,Negative,"Below expectations, had some issues.",Yes,2
10-15-2023,R001963,S001,P0067,Clothing,South,C02970,4,Positive,"Works well, decent quality for the price.",Yes,16
10-15-2023,R002251,S005,P0100,Electronics,North,C01181,4,Positive,"Good value, would recommend to others.",Yes,6
10-15-2023,R002537,S002,P0148,Clothing,South,C01791,3,Neutral,Decent but could be better.,Yes,9
10-15-2023,R002573,S001,P0116,Furniture,East,C01175,3,Neutral,"Average product, nothing special.",Yes,2
10-15-2023,R002958,S001,P0003,Furniture,West,C01971,3,Neutral,"Average product, nothing special.",Yes,16
10-15-2023,R003203,S001,P0194,Furniture,South,C00846,5,Positive,"Highly recommend, works perfectly.",Yes,5
10-15-2023,R004448,S004,P0113,Clothing,South,C00280,5,Positive,"Absolutely love this product, will buy again.",Yes,2
10-15-2023,R005244,S001,P0154,Groceries,North,C02942,3,Neutral,"Neutral experience, neither good nor bad.",Yes,10
10-16-2023,R001014,S004,P0047,Groceries,West,C02387,4,Positive,Pretty happy with this purchase.,Yes,4
10-16-2023,R001357,S002,P0048,Clothing,East,C01858,3,Neutral,"Neutral experience, neither good nor bad.",Yes,19
10-16-2023,R001534,S005,P0132,Furniture,West,C01877,5,Positive,"Highly recommend, works perfectly.",Yes,10
10-16-2023,R001951,S001,P0013,Toys,South,C01773,3,Neutral,Fair quality for the price paid.,Yes,2
10-16-2023,R002042,S001,P0172,Toys,East,C02335,2,Negative,Disappointed with the product performance.,Yes,7
10-16-2023,R002359,S003,P0139,Clothing,South,C00409,5,Positive,Fast delivery and great value for money.,Yes,29
10-16-2023,R002910,S005,P0107,Electronics,North,C01925,3,Neutral,"It's okay, met basic expectations.",Yes,4
10-16-2023,R004416,S005,P0062,Groceries,North,C00859,3,Neutral,"Neutral experience, neither good nor bad.",Yes,0
10-17-2023,R000102,S005,P0024,Toys,East,C01679,4,Positive,Pretty happy with this purchase.,No,9
10-17-2023,R001299,S003,P0122,Furniture,West,C01723,5,Positive,"Absolutely love this product, will buy again.",Yes,46
10-17-2023,R001319,S002,P0111,Furniture,West,C01784,1,Negative,"Very disappointed, product did not work.",Yes,13
10-17-2023,R001685,S001,P0010,Toys,North,C01205,4,Positive,"Good value, would recommend to others.",Yes,8
10-17-2023,R002702,S001,P0042,Electronics,West,C00590,5,Positive,"Absolutely love this product, will buy again.",Yes,10
10-17-2023,R003245,S002,P0086,Furniture,North,C02411,5,Positive,"Absolutely love this product, will buy again.",No,15
10-17-2023,R005102,S005,P0050,Toys,East,C00677,2,Negative,Disappointed with the product performance.,Yes,17
10-17-2023,R005308,S001,P0134,Electronics,West,C00999,5,Positive,"Highly recommend, works perfectly.",No,32
10-18-2023,R000109,S002,P0159,Clothing,North,C01938,4,Positive,"Works well, decent quality for the price.",Yes,6
10-18-2023,R000234,S001,P0114,Groceries,South,C00008,4,Positive,"Good value, would recommend to others.",Yes,16
10-18-2023,R002454,S001,P0173,Clothing,East,C00291,4,Positive,"Works well, decent quality for the price.",No,4
10-18-2023,R003080,S003,P0170,Furniture,East,C01645,5,Positive,"Absolutely love this product, will buy again.",Yes,8
10-18-2023,R003841,S003,P0056,Clothing,West,C00447,2,Negative,Disappointed with the product performance.,Yes,18
10-18-2023,R004176,S002,P0073,Furniture,South,C02456,5,Positive,Fast delivery and great value for money.,Yes,31
10-18-2023,R005327,S001,P0169,Toys,East,C01939,5,Positive,Fast delivery and great value for money.,No,11
10-18-2023,R005577,S003,P0069,Toys,South,C00300,3,Neutral,"It's okay, met basic expectations.",Yes,13
10-18-2023,R005799,S002,P0190,Toys,South,C02798,4,Positive,"Good product overall, minor issues but satisfied.",Yes,20
10-19-2023,R001761,S003,P0106,Furniture,East,C00192,3,Neutral,"Neutral experience, neither good nor bad.",No,0
10-19-2023,R002194,S003,P0104,Electronics,South,C01156,3,Neutral,Fair quality for the price paid.,Yes,16
10-19-2023,R003629,S003,P0094,Groceries,South,C01278,3,Neutral,Decent but could be better.,Yes,0
10-19-2023,R003904,S002,P0170,Furniture,East,C02043,3,Neutral,"Average product, nothing special.",Yes,20
10-19-2023,R003947,S001,P0030,Furniture,West,C02096,3,Neutral,"Average product, nothing special.",Yes,19
10-20-2023,R000567,S002,P0163,Furniture,East,C01513,3,Neutral,"It's okay, met basic expectations.",Yes,9
10-20-2023,R000770,S005,P0022,Toys,West,C01395,3,Neutral,"Neutral experience, neither good nor bad.",Yes,3
10-20-2023,R001904,S005,P0048,Clothing,South,C02659,5,Positive,"Absolutely love this product, will buy again.",Yes,33
10-20-2023,R002977,S001,P0163,Furniture,South,C01118,5,Positive,Fast delivery and great value for money.,Yes,6
10-20-2023,R003550,S003,P0092,Electronics,East,C02053,5,Positive,Best purchase I've made this year.,Yes,8
10-20-2023,R004039,S002,P0027,Toys,East,C00014,1,Negative,"Waste of money, poor quality.",Yes,15
10-20-2023,R004386,S004,P0176,Furniture,West,C00082,3,Neutral,"It's okay, met basic expectations.",Yes,8
10-20-2023,R005257,S003,P0144,Clothing,East,C01858,1,Negative,"Waste of money, poor quality.",No,3
10-21-2023,R000062,S002,P0020,Groceries,East,C02255,4,Positive,"Good value, would recommend to others.",Yes,10
10-21-2023,R000745,S002,P0177,Clothing,South,C00415,5,Positive,"Highly recommend, works perfectly.",Yes,36
10-21-2023,R001243,S002,P0062,Groceries,East,C01242,4,Positive,"Solid product, does what it says.",No,8
10-21-2023,R001267,S003,P0041,Groceries,North,C00317,5,Positive,Best purchase I've made this year.,Yes,34
10-21-2023,R004064,S005,P0051,Groceries,North,C02807,5,Positive,Fast delivery and great value for money.,No,2
10-21-2023,R004681,S001,P0184,Groceries,West,C01562,4,Positive,"Works well, decent quality for the price.",Yes,6
10-21-2023,R004956,S001,P0080,Groceries,South,C02003,4,Positive,"Solid product, does what it says.",Yes,10
10-21-2023,R005470,S001,P0040,Toys,East,C01626,4,Positive,"Solid product, does what it says.",Yes,3
10-21-2023,R005640,S002,P0078,Toys,East,C00945,5,Positive,"Absolutely love this product, will buy again.",Yes,36
10-22-2023,R002348,S004,P0141,Clothing,North,C00555,5,Positive,"Highly recommend, works perfectly.",Yes,34
10-22-2023,R002466,S001,P0001,Electronics,West,C00608,1,Negative,"Terrible experience, would not buy again.",Yes,50
10-22-2023,R002914,S004,P0197,Electronics,North,C00089,5,Positive,Fast delivery and great value for money.,Yes,29
10-22-2023,R003253,S005,P0015,Furniture,South,C00171,1,Negative,"Waste of money, poor quality.",Yes,26
10-22-2023,R003402,S002,P0103,Toys,North,C00541,4,Positive,"Good product overall, minor issues but satisfied.",Yes,7
10-22-2023,R003624,S003,P0126,Clothing,East,C02958,5,Positive,"Absolutely love this product, will buy again.",Yes,32
10-22-2023,R004017,S002,P0177,Clothing,West,C01861,1,Negative,"Product arrived damaged, very unhappy.",Yes,35
10-22-2023,R004056,S001,P0142,Clothing,North,C02079,4,Positive,"Works well, decent quality for the price.",Yes,0
10-22-2023,R004770,S003,P0188,Electronics,South,C00834,5,Positive,"Highly recommend, works perfectly.",No,12
10-22-2023,R004940,S001,P0054,Toys,South,C01187,4,Positive,"Works well, decent quality for the price.",Yes,16
10-22-2023,R005805,S003,P0097,Furniture,East,C02092,4,Positive,Pretty happy with this purchase.,Yes,19
10-23-2023,R003391,S001,P0081,Furniture,North,C01669,4,Positive,"Solid product, does what it says.",Yes,10
10-23-2023,R003848,S005,P0025,Clothing,West,C00289,5,Positive,"Highly recommend, works perfectly.",Yes,49
10-24-2023,R000146,S002,P0076,Electronics,South,C00086,5,Positive,Fast delivery and great value for money.,Yes,18
10-24-2023,R001741,S003,P0161,Groceries,East,C02220,4,Positive,"Solid product, does what it says.",Yes,0
10-24-2023,R003015,S004,P0088,Toys,North,C00248,5,Positive,"Absolutely love this product, will buy again.",Yes,27
10-24-2023,R005388,S005,P0165,Furniture,South,C01773,5,Positive,"Absolutely love this product, will buy again.",Yes,12
10-24-2023,R005459,S004,P0022,Toys,North,C02975,4,Positive,"Good product overall, minor issues but satisfied.",No,3
10-25-2023,R000319,S003,P0082,Clothing,East,C01513,4,Positive,"Solid product, does what it says.",Yes,8
10-25-2023,R002439,S001,P0024,Toys,East,C02765,5,Positive,Fast delivery and great value for money.,Yes,35
10-25-2023,R003011,S003,P0067,Clothing,North,C02962,1,Negative,"Worst purchase, do not recommend.",Yes,3
10-25-2023,R003565,S002,P0081,Furniture,South,C01157,2,Negative,"Would not recommend, had problems.",Yes,7
10-25-2023,R004637,S001,P0125,Toys,North,C02330,4,Positive,Pretty happy with this purchase.,Yes,7
10-25-2023,R004944,S004,P0118,Clothing,East,C02151,5,Positive,Best purchase I've made this year.,Yes,49
10-25-2023,R005556,S001,P0136,Electronics,East,C01162,4,Positive,"Solid product, does what it says.",Yes,13
10-25-2023,R005879,S005,P0164,Groceries,North,C00595,1,Negative,"Product arrived damaged, very unhappy.",No,30
10-26-2023,R000267,S003,P0002,Clothing,North,C00755,4,Positive,Pretty happy with this purchase.,Yes,4
10-26-2023,R001067,S002,P0143,Clothing,South,C01994,5,Positive,"Absolutely love this product, will buy again.",No,48
10-26-2023,R001090,S005,P0023,Groceries,North,C00743,5,Positive,"Highly recommend, works perfectly.",No,38
10-26-2023,R002435,S002,P0155,Electronics,West,C00999,3,Neutral,Fair quality for the price paid.,Yes,19
10-26-2023,R002732,S001,P0166,Furniture,East,C00460,5,Positive,"Highly recommend, works perfectly.",No,48
10-26-2023,R003423,S005,P0058,Groceries,South,C00731,2,Negative,Disappointed with the product performance.,Yes,13
10-26-2023,R003478,S001,P0187,Toys,North,C02090,5,Positive,Fast delivery and great value for money.,Yes,11
10-26-2023,R003691,S001,P0103,Toys,East,C02263,3,Neutral,"Average product, nothing special.",No,17
10-26-2023,R004192,S002,P0043,Groceries,East,C01377,1,Negative,"Very disappointed, product did not work.",Yes,18
10-26-2023,R005057,S004,P0167,Furniture,South,C00875,5,Positive,Fast delivery and great value for money.,Yes,18
10-26-2023,R005165,S005,P0065,Electronics,East,C02099,4,Positive,"Works well, decent quality for the price.",Yes,16
10-26-2023,R005935,S001,P0095,Furniture,West,C02859,5,Positive,Best purchase I've made this year.,Yes,25
10-27-2023,R000361,S004,P0104,Electronics,South,C00187,5,Positive,Best purchase I've made this year.,Yes,39
10-27-2023,R000515,S002,P0195,Clothing,West,C02936,2,Negative,"Not very satisfied, quality could improve.",Yes,4
10-27-2023,R000568,S003,P0042,Electronics,West,C00187,4,Positive,"Solid product, does what it says.",Yes,0
10-27-2023,R001242,S004,P0057,Furniture,South,C00998,5,Positive,"Highly recommend, works perfectly.",Yes,31
10-27-2023,R001948,S002,P0011,Groceries,East,C01105,4,Positive,Pretty happy with this purchase.,Yes,6
10-27-2023,R002119,S002,P0047,Groceries,East,C01215,4,Positive,"Good value, would recommend to others.",Yes,1
10-27-2023,R002838,S005,P0192,Clothing,North,C01923,1,Negative,"Product arrived damaged, very unhappy.",Yes,1
10-27-2023,R003262,S004,P0119,Electronics,West,C02933,5,Positive,Fast delivery and great value for money.,No,35
10-27-2023,R003380,S002,P0189,Groceries,West,C02732,5,Positive,"Absolutely love this product, will buy again.",Yes,39
10-27-2023,R003862,S001,P0077,Groceries,West,C02994,2,Negative,"Would not recommend, had problems.",Yes,5
10-27-2023,R003967,S003,P0191,Toys,West,C00108,4,Positive,Pretty happy with this purchase.,Yes,13
10-27-2023,R004124,S003,P0004,Toys,West,C01996,3,Neutral,"Neutral experience, neither good nor bad.",Yes,2
10-27-2023,R004350,S002,P0195,Clothing,East,C01931,5,Positive,Best purchase I've made this year.,Yes,10
10-27-2023,R005153,S003,P0131,Clothing,West,C02178,5,Positive,"Highly recommend, works perfectly.",Yes,45
10-27-2023,R005219,S003,P0007,Toys,West,C00337,3,Neutral,"Average product, nothing special.",Yes,10
10-28-2023,R000174,S002,P0200,Furniture,North,C01096,4,Positive,"Works well, decent quality for the price.",Yes,8
10-28-2023,R000332,S001,P0049,Electronics,South,C02270,3,Neutral,"It's okay, met basic expectations.",Yes,17
10-28-2023,R000511,S002,P0172,Toys,North,C00354,1,Negative,"Worst purchase, do not recommend.",Yes,22
10-28-2023,R000971,S002,P0021,Furniture,North,C01984,4,Positive,"Works well, decent quality for the price.",No,3
10-28-2023,R001431,S004,P0040,Toys,West,C02675,5,Positive,Best purchase I've made this year.,Yes,13
10-28-2023,R001912,S003,P0062,Groceries,West,C00147,4,Positive,"Solid product, does what it says.",Yes,19
10-28-2023,R002230,S003,P0062,Groceries,North,C02089,1,Negative,"Worst purchase, do not recommend.",Yes,7
10-28-2023,R002493,S004,P0002,Clothing,North,C02660,5,Positive,"Excellent quality, exceeded my expectations!",Yes,34
10-28-2023,R003494,S002,P0183,Toys,North,C00842,3,Neutral,"Neutral experience, neither good nor bad.",Yes,9
10-28-2023,R004300,S003,P0081,Furniture,North,C01134,4,Positive,"Good product overall, minor issues but satisfied.",Yes,20
10-28-2023,R005147,S002,P0083,Electronics,South,C00798,1,Negative,"Very disappointed, product did not work.",Yes,33
10-28-2023,R005256,S001,P0074,Electronics,South,C02020,4,Positive,"Good product overall, minor issues but satisfied.",Yes,0
10-28-2023,R005302,S001,P0129,Groceries,South,C00518,2,Negative,Disappointed with the product performance.,Yes,0
10-29-2023,R000446,S003,P0150,Electronics,East,C02756,3,Neutral,"Neutral experience, neither good nor bad.",Yes,15
10-29-2023,R000545,S003,P0038,Clothing,North,C00172,3,Neutral,Decent but could be better.,No,11
10-29-2023,R001038,S002,P0155,Electronics,South,C00914,5,Positive,"Highly recommend, works perfectly.",Yes,26
10-29-2023,R001164,S003,P0199,Electronics,South,C00049,5,Positive,"Excellent quality, exceeded my expectations!",Yes,38
10-29-2023,R002323,S005,P0124,Furniture,West,C02413,3,Neutral,"Neutral experience, neither good nor bad.",No,2
10-29-2023,R002325,S003,P0185,Clothing,West,C01642,5,Positive,Fast delivery and great value for money.,No,45
10-29-2023,R002501,S002,P0137,Furniture,North,C00607,5,Positive,"Absolutely love this product, will buy again.",Yes,2
10-29-2023,R002660,S001,P0155,Electronics,South,C00717,5,Positive,"Excellent quality, exceeded my expectations!",No,29
10-29-2023,R002683,S004,P0141,Clothing,East,C01747,5,Positive,Best purchase I've made this year.,Yes,18
10-29-2023,R004667,S004,P0030,Furniture,West,C02612,4,Positive,"Good product overall, minor issues but satisfied.",Yes,13
10-29-2023,R004946,S004,P0082,Clothing,North,C00745,5,Positive,"Absolutely love this product, will buy again.",Yes,4
10-29-2023,R005069,S004,P0034,Groceries,East,C02900,5,Positive,"Excellent quality, exceeded my expectations!",Yes,43
10-29-2023,R005274,S003,P0186,Groceries,East,C02779,5,Positive,"Excellent quality, exceeded my expectations!",No,49
10-29-2023,R005707,S001,P0185,Clothing,South,C01374,3,Neutral,"It's okay, met basic expectations.",Yes,5
10-30-2023,R001068,S002,P0097,Furniture,East,C00199,4,Positive,"Works well, decent quality for the price.",Yes,20
10-30-2023,R002941,S003,P0095,Furniture,North,C01258,4,Positive,"Works well, decent quality for the price.",Yes,10
10-30-2023,R004074,S002,P0166,Furniture,East,C02359,2,Negative,"Below expectations, had some issues.",Yes,9
10-30-2023,R005511,S001,P0199,Electronics,North,C02854,2,Negative,"Not very satisfied, quality could improve.",Yes,4
10-31-2023,R000008,S003,P0165,Furniture,West,C01592,2,Negative,"Not very satisfied, quality could improve.",Yes,6
10-31-2023,R001127,S005,P0045,Toys,West,C02110,5,Positive,"Highly recommend, works perfectly.",Yes,38
10-31-2023,R002335,S001,P0074,Electronics,North,C00110,4,Positive,"Works well, decent quality for the price.",No,12
10-31-2023,R002821,S001,P0043,Groceries,West,C02335,3,Neutral,"Average product, nothing special.",No,8
10-31-2023,R003073,S005,P0022,Toys,South,C00125,4,Positive,"Good product overall, minor issues but satisfied.",Yes,15
10-31-2023,R005390,S005,P0026,Groceries,West,C01228,1,Negative,"Product arrived damaged, very unhappy.",Yes,14
10-31-2023,R005415,S001,P0144,Clothing,West,C00068,5,Positive,Fast delivery and great value for money.,Yes,33
11-01-2023,R002025,S004,P0167,Furniture,West,C02553,5,Positive,"Excellent quality, exceeded my expectations!",Yes,43
11-01-2023,R004161,S004,P0066,Clothing,West,C01193,5,Positive,"Excellent quality, exceeded my expectations!",Yes,30
11-01-2023,R004621,S002,P0169,Toys,East,C01997,2,Negative,"Below expectations, had some issues.",Yes,17
11-01-2023,R005566,S002,P0143,Clothing,East,C02063,3,Neutral,"Neutral experience, neither good nor bad.",Yes,10
11-02-2023,R001592,S003,P0011,Groceries,West,C01425,3,Neutral,"Average product, nothing special.",No,4
11-02-2023,R001634,S005,P0090,Groceries,West,C02427,4,Positive,"Solid product, does what it says.",Yes,17
11-02-2023,R002881,S003,P0146,Furniture,South,C02897,4,Positive,"Solid product, does what it says.",Yes,17
11-02-2023,R002917,S005,P0138,Clothing,East,C02733,4,Positive,"Works well, decent quality for the price.",Yes,7
11-02-2023,R003270,S004,P0032,Clothing,West,C00170,2,Negative,Poor packaging and average product.,Yes,11
11-02-2023,R005119,S003,P0057,Furniture,West,C02069,2,Negative,"Not very satisfied, quality could improve.",Yes,15
11-02-2023,R005797,S004,P0112,Electronics,West,C00130,3,Neutral,Decent but could be better.,Yes,15
11-03-2023,R000275,S003,P0177,Clothing,South,C01724,3,Neutral,Fair quality for the price paid.,Yes,16
11-03-2023,R000303,S003,P0011,Groceries,West,C00153,1,Negative,"Very disappointed, product did not work.",Yes,13
11-03-2023,R001366,S002,P0120,Clothing,West,C00386,5,Positive,"Highly recommend, works perfectly.",Yes,2
11-03-2023,R001377,S001,P0029,Groceries,West,C02068,5,Positive,Fast delivery and great value for money.,Yes,14
11-03-2023,R001686,S004,P0005,Toys,East,C01778,5,Positive,Fast delivery and great value for money.,Yes,40
11-03-2023,R004336,S003,P0078,Toys,East,C00349,5,Positive,Fast delivery and great value for money.,Yes,27
11-03-2023,R005698,S004,P0129,Groceries,South,C01686,5,Positive,Fast delivery and great value for money.,Yes,30
11-04-2023,R000430,S003,P0013,Toys,East,C01971,5,Positive,Best purchase I've made this year.,Yes,47
11-04-2023,R000546,S002,P0180,Groceries,East,C02965,5,Positive,Best purchase I've made this year.,Yes,13
11-04-2023,R002733,S004,P0054,Toys,West,C00819,3,Neutral,"It's okay, met basic expectations.",Yes,3
11-04-2023,R003298,S003,P0185,Clothing,South,C02792,2,Negative,Disappointed with the product performance.,Yes,16
11-04-2023,R004526,S002,P0121,Clothing,South,C01619,4,Positive,"Works well, decent quality for the price.",No,14
11-04-2023,R004572,S003,P0063,Furniture,South,C02985,5,Positive,"Highly recommend, works perfectly.",Yes,6
11-04-2023,R004603,S003,P0090,Groceries,East,C01442,5,Positive,"Excellent quality, exceeded my expectations!",No,47
11-05-2023,R001155,S001,P0021,Furniture,North,C00542,5,Positive,"Excellent quality, exceeded my expectations!",No,11
11-05-2023,R001520,S001,P0178,Toys,North,C02242,5,Positive,"Absolutely love this product, will buy again.",Yes,36
11-05-2023,R002437,S005,P0137,Furniture,East,C02659,4,Positive,"Good product overall, minor issues but satisfied.",Yes,1
11-05-2023,R002632,S005,P0045,Toys,East,C01745,5,Positive,"Excellent quality, exceeded my expectations!",Yes,25
11-05-2023,R003165,S004,P0096,Groceries,South,C02444,4,Positive,"Good value, would recommend to others.",Yes,3
11-05-2023,R004284,S004,P0163,Furniture,South,C00631,5,Positive,"Absolutely love this product, will buy again.",No,39
11-05-2023,R004417,S005,P0133,Groceries,East,C02611,4,Positive,"Good product overall, minor issues but satisfied.",Yes,8
11-05-2023,R004779,S003,P0146,Furniture,East,C00670,2,Negative,"Below expectations, had some issues.",Yes,18
11-05-2023,R005271,S004,P0050,Toys,South,C00266,5,Positive,"Highly recommend, works perfectly.",Yes,11
11-05-2023,R005301,S002,P0031,Toys,South,C01152,5,Positive,"Highly recommend, works perfectly.",No,13
11-06-2023,R000328,S003,P0145,Toys,North,C02690,1,Negative,"Product arrived damaged, very unhappy.",Yes,19
11-06-2023,R000355,S003,P0019,Toys,East,C02396,4,Positive,"Good product overall, minor issues but satisfied.",Yes,18
11-06-2023,R000904,S003,P0082,Clothing,East,C01825,5,Positive,"Absolutely love this product, will buy again.",Yes,8
11-06-2023,R001831,S002,P0023,Groceries,West,C02507,4,Positive,"Works well, decent quality for the price.",No,9
11-06-2023,R002697,S004,P0031,Toys,North,C02518,5,Positive,"Excellent quality, exceeded my expectations!",Yes,5
11-06-2023,R003353,S002,P0053,Groceries,West,C02505,5,Positive,"Absolutely love this product, will buy again.",Yes,1
11-06-2023,R003430,S003,P0158,Electronics,East,C01554,1,Negative,"Worst purchase, do not recommend.",No,16
11-06-2023,R003957,S003,P0148,Clothing,South,C00257,2,Negative,Poor packaging and average product.,Yes,4
11-06-2023,R004594,S003,P0070,Groceries,North,C02098,4,Positive,Pretty happy with this purchase.,Yes,19
11-06-2023,R005259,S003,P0077,Groceries,North,C00153,4,Positive,"Works well, decent quality for the price.",Yes,15
11-07-2023,R000803,S001,P0111,Furniture,North,C00600,2,Negative,Poor packaging and average product.,Yes,15
11-07-2023,R001941,S002,P0102,Toys,South,C02579,5,Positive,"Absolutely love this product, will buy again.",Yes,22
11-07-2023,R001991,S002,P0122,Furniture,North,C01499,4,Positive,"Works well, decent quality for the price.",Yes,10
11-07-2023,R002067,S001,P0105,Groceries,South,C00521,2,Negative,"Not very satisfied, quality could improve.",Yes,16
11-07-2023,R003683,S001,P0125,Toys,West,C00684,5,Positive,Fast delivery and great value for money.,Yes,7
11-08-2023,R000588,S003,P0112,Electronics,West,C02933,5,Positive,"Excellent quality, exceeded my expectations!",No,3
11-08-2023,R000775,S001,P0048,Clothing,North,C02816,4,Positive,"Solid product, does what it says.",Yes,6
11-08-2023,R003290,S004,P0163,Furniture,South,C02782,2,Negative,"Would not recommend, had problems.",Yes,16
11-08-2023,R003669,S001,P0024,Toys,West,C02219,3,Neutral,"Neutral experience, neither good nor bad.",Yes,2
11-08-2023,R004308,S001,P0152,Clothing,East,C01237,4,Positive,"Works well, decent quality for the price.",No,19
11-08-2023,R004894,S001,P0124,Furniture,South,C01248,5,Positive,Best purchase I've made this year.,Yes,19
11-08-2023,R005693,S003,P0200,Furniture,East,C00719,2,Negative,Poor packaging and average product.,Yes,11
11-09-2023,R000057,S003,P0163,Furniture,East,C01787,5,Positive,Fast delivery and great value for money.,Yes,12
11-09-2023,R002434,S005,P0089,Groceries,West,C02890,3,Neutral,"Neutral experience, neither good nor bad.",Yes,20
11-09-2023,R004108,S001,P0057,Furniture,East,C01475,4,Positive,Pretty happy with this purchase.,Yes,3
11-09-2023,R004938,S005,P0125,Toys,West,C01431,5,Positive,"Absolutely love this product, will buy again.",Yes,30
11-09-2023,R005839,S001,P0050,Toys,West,C02563,3,Neutral,Decent but could be better.,Yes,9
11-09-2023,R005851,S001,P0197,Electronics,South,C01224,3,Neutral,"It's okay, met basic expectations.",Yes,0
11-10-2023,R000665,S001,P0193,Groceries,East,C00413,3,Neutral,Decent but could be better.,No,18
11-10-2023,R001547,S003,P0053,Groceries,East,C01018,4,Positive,Pretty happy with this purchase.,Yes,17
11-10-2023,R001848,S005,P0085,Furniture,East,C02756,4,Positive,"Solid product, does what it says.",Yes,9
11-10-2023,R003223,S003,P0137,Furniture,East,C01089,5,Positive,"Excellent quality, exceeded my expectations!",No,22
11-10-2023,R003573,S003,P0159,Clothing,North,C00998,5,Positive,"Absolutely love this product, will buy again.",Yes,6
11-10-2023,R003708,S003,P0199,Electronics,North,C01149,5,Positive,Best purchase I've made this year.,Yes,27
11-10-2023,R005636,S004,P0068,Clothing,North,C00051,4,Positive,Pretty happy with this purchase.,Yes,20
11-10-2023,R005888,S004,P0008,Electronics,West,C00122,5,Positive,"Highly recommend, works perfectly.",Yes,46
11-11-2023,R000125,S003,P0188,Electronics,West,C00612,3,Neutral,"It's okay, met basic expectations.",Yes,20
11-11-2023,R000194,S002,P0010,Toys,North,C01511,3,Neutral,"Average product, nothing special.",No,4
11-11-2023,R000534,S001,P0064,Electronics,East,C00124,5,Positive,Best purchase I've made this year.,Yes,12
11-11-2023,R002069,S001,P0061,Furniture,North,C02278,3,Neutral,Decent but could be better.,Yes,17
11-11-2023,R002092,S003,P0140,Toys,South,C01040,4,Positive,"Solid product, does what it says.",Yes,10
11-11-2023,R002107,S001,P0193,Groceries,West,C00715,5,Positive,Fast delivery and great value for money.,Yes,17
11-11-2023,R002426,S002,P0087,Toys,South,C00951,1,Negative,"Very disappointed, product did not work.",Yes,42
11-11-2023,R002927,S003,P0055,Groceries,East,C01288,2,Negative,Poor packaging and average product.,Yes,9
11-11-2023,R003087,S003,P0040,Toys,West,C01870,2,Negative,"Would not recommend, had problems.",Yes,8
11-11-2023,R003664,S005,P0048,Clothing,North,C02940,5,Positive,Best purchase I've made this year.,No,18
11-11-2023,R003915,S004,P0198,Groceries,West,C00677,5,Positive,"Highly recommend, works perfectly.",No,21
11-11-2023,R005639,S002,P0141,Clothing,North,C01199,3,Neutral,Decent but could be better.,Yes,10
11-12-2023,R000290,S001,P0088,Toys,East,C00380,5,Positive,"Absolutely love this product, will buy again.",Yes,34
11-12-2023,R000643,S005,P0002,Clothing,South,C01075,5,Positive,"Highly recommend, works perfectly.",Yes,21
11-12-2023,R002130,S002,P0140,Toys,East,C00924,4,Positive,"Good value, would recommend to others.",No,15
11-12-2023,R002153,S004,P0124,Furniture,East,C01340,3,Neutral,Decent but could be better.,Yes,4
11-12-2023,R002339,S001,P0173,Clothing,East,C01873,5,Positive,Best purchase I've made this year.,Yes,45
11-12-2023,R002727,S004,P0073,Furniture,North,C02186,3,Neutral,"Average product, nothing special.",Yes,8
11-12-2023,R004747,S005,P0045,Toys,East,C02933,1,Negative,"Very disappointed, product did not work.",Yes,12
11-12-2023,R005064,S002,P0042,Electronics,East,C01688,4,Positive,"Good value, would recommend to others.",No,5
11-12-2023,R005438,S005,P0164,Groceries,East,C02183,4,Positive,"Solid product, does what it says.",Yes,13
11-13-2023,R000130,S003,P0103,Toys,South,C02642,1,Negative,"Very disappointed, product did not work.",Yes,22
11-13-2023,R000855,S002,P0109,Electronics,North,C00169,5,Positive,Fast delivery and great value for money.,Yes,22
11-13-2023,R002169,S005,P0172,Toys,West,C00571,5,Positive,"Excellent quality, exceeded my expectations!",Yes,17
11-13-2023,R002713,S005,P0027,Toys,East,C02845,5,Positive,"Excellent quality, exceeded my expectations!",Yes,37
11-13-2023,R004695,S003,P0089,Groceries,West,C02480,5,Positive,"Excellent quality, exceeded my expectations!",Yes,50
11-13-2023,R005504,S005,P0096,Groceries,West,C00384,5,Positive,Best purchase I've made this year.,Yes,11
11-13-2023,R005551,S002,P0045,Toys,North,C02885,4,Positive,"Good product overall, minor issues but satisfied.",Yes,12
11-13-2023,R005555,S002,P0049,Electronics,South,C01242,4,Positive,"Solid product, does what it says.",No,2
11-13-2023,R005599,S001,P0006,Groceries,West,C00003,1,Negative,"Terrible experience, would not buy again.",Yes,40
11-13-2023,R005925,S004,P0008,Electronics,West,C01641,5,Positive,Fast delivery and great value for money.,Yes,8
11-14-2023,R001151,S005,P0066,Clothing,North,C02624,1,Negative,"Terrible experience, would not buy again.",Yes,5
11-14-2023,R001284,S003,P0067,Clothing,North,C01706,5,Positive,Fast delivery and great value for money.,Yes,11
11-14-2023,R004242,S002,P0035,Clothing,East,C02966,5,Positive,"Absolutely love this product, will buy again.",No,29
11-14-2023,R005288,S001,P0146,Furniture,West,C02208,5,Positive,Fast delivery and great value for money.,Yes,32
11-14-2023,R005644,S003,P0085,Furniture,East,C01894,5,Positive,"Highly recommend, works perfectly.",No,47
11-14-2023,R005955,S005,P0193,Groceries,West,C00788,5,Positive,"Highly recommend, works perfectly.",Yes,3
11-15-2023,R000478,S002,P0148,Clothing,North,C02985,4,Positive,"Solid product, does what it says.",Yes,4
11-15-2023,R000666,S001,P0069,Toys,West,C01149,1,Negative,"Very disappointed, product did not work.",Yes,36
11-15-2023,R001304,S001,P0004,Toys,North,C00042,5,Positive,"Absolutely love this product, will buy again.",Yes,23
11-15-2023,R005702,S002,P0083,Electronics,North,C02166,3,Neutral,"Average product, nothing special.",Yes,9
11-16-2023,R001049,S005,P0046,Groceries,South,C00820,5,Positive,Best purchase I've made this year.,Yes,34
11-16-2023,R001440,S005,P0135,Furniture,North,C01727,4,Positive,"Solid product, does what it says.",Yes,6
11-16-2023,R001707,S004,P0150,Electronics,North,C01218,4,Positive,"Good product overall, minor issues but satisfied.",Yes,17
11-16-2023,R001746,S002,P0084,Clothing,East,C01044,5,Positive,Best purchase I've made this year.,Yes,25
11-16-2023,R003412,S004,P0001,Electronics,North,C02312,4,Positive,Pretty happy with this purchase.,Yes,6
11-16-2023,R003602,S002,P0017,Toys,East,C00894,4,Positive,"Good value, would recommend to others.",Yes,9
11-16-2023,R005212,S002,P0156,Groceries,North,C01726,4,Positive,Pretty happy with this purchase.,Yes,3
11-17-2023,R000252,S001,P0058,Groceries,East,C01859,4,Positive,"Good value, would recommend to others.",Yes,1
11-17-2023,R000681,S002,P0111,Furniture,South,C00984,3,Neutral,"Average product, nothing special.",No,0
11-17-2023,R001185,S003,P0050,Toys,North,C01416,1,Negative,"Terrible experience, would not buy again.",Yes,21
11-17-2023,R001460,S001,P0010,Toys,East,C02488,5,Positive,Best purchase I've made this year.,Yes,38
11-17-2023,R001818,S003,P0078,Toys,East,C00314,4,Positive,"Works well, decent quality for the price.",Yes,19
11-17-2023,R002294,S003,P0017,Toys,North,C01230,4,Positive,Pretty happy with this purchase.,Yes,5
11-17-2023,R002911,S005,P0004,Toys,North,C00743,4,Positive,"Works well, decent quality for the price.",Yes,6
11-17-2023,R003400,S004,P0050,Toys,East,C01197,5,Positive,"Highly recommend, works perfectly.",Yes,42
11-17-2023,R004638,S005,P0128,Furniture,North,C01045,5,Positive,Fast delivery and great value for money.,No,42
11-17-2023,R005120,S003,P0137,Furniture,West,C01671,5,Positive,Fast delivery and great value for money.,Yes,4
11-17-2023,R005843,S005,P0146,Furniture,North,C02363,5,Positive,Best purchase I've made this year.,No,4
11-17-2023,R005931,S003,P0015,Furniture,West,C00493,3,Neutral,Fair quality for the price paid.,Yes,1
11-18-2023,R000471,S004,P0193,Groceries,West,C02939,5,Positive,Fast delivery and great value for money.,No,33
11-18-2023,R000510,S001,P0144,Clothing,East,C01876,5,Positive,"Highly recommend, works perfectly.",Yes,45
11-18-2023,R000756,S001,P0074,Electronics,West,C02236,3,Neutral,Decent but could be better.,Yes,5
11-18-2023,R001737,S004,P0183,Toys,North,C00053,3,Neutral,Fair quality for the price paid.,Yes,4
11-18-2023,R001794,S003,P0185,Clothing,West,C01134,5,Positive,"Absolutely love this product, will buy again.",Yes,42
11-18-2023,R002415,S004,P0055,Groceries,West,C02162,5,Positive,Best purchase I've made this year.,No,34
11-18-2023,R002944,S004,P0004,Toys,South,C02540,2,Negative,"Not very satisfied, quality could improve.",No,12
11-18-2023,R005013,S002,P0018,Clothing,East,C00593,5,Positive,"Excellent quality, exceeded my expectations!",Yes,7
11-18-2023,R005715,S003,P0089,Groceries,South,C02696,5,Positive,"Excellent quality, exceeded my expectations!",No,19
11-19-2023,R001671,S001,P0097,Furniture,East,C00061,5,Positive,Fast delivery and great value for money.,Yes,26
11-19-2023,R001983,S001,P0096,Groceries,East,C00935,4,Positive,"Good value, would recommend to others.",No,10
11-19-2023,R003304,S001,P0197,Electronics,East,C02038,3,Neutral,Fair quality for the price paid.,Yes,12
11-19-2023,R003487,S003,P0180,Groceries,West,C01250,2,Negative,"Below expectations, had some issues.",No,0
11-19-2023,R004371,S005,P0129,Groceries,North,C01688,4,Positive,"Good value, would recommend to others.",Yes,7
11-19-2023,R004560,S003,P0032,Clothing,North,C02808,2,Negative,"Would not recommend, had problems.",Yes,15
11-19-2023,R005353,S003,P0060,Electronics,South,C02783,4,Positive,Pretty happy with this purchase.,Yes,7
11-19-2023,R005452,S004,P0079,Toys,West,C00395,5,Positive,"Absolutely love this product, will buy again.",Yes,18
11-19-2023,R005686,S001,P0146,Furniture,North,C01026,4,Positive,"Good value, would recommend to others.",Yes,20
11-20-2023,R000031,S002,P0070,Groceries,South,C00152,3,Neutral,Decent but could be better.,Yes,16
11-20-2023,R000838,S003,P0137,Furniture,East,C02273,4,Positive,"Good product overall, minor issues but satisfied.",Yes,7
11-20-2023,R001126,S004,P0060,Electronics,North,C01584,4,Positive,"Works well, decent quality for the price.",No,20
11-20-2023,R001166,S004,P0108,Furniture,North,C00306,4,Positive,"Works well, decent quality for the price.",Yes,5
11-20-2023,R001278,S004,P0034,Groceries,North,C02497,2,Negative,"Not very satisfied, quality could improve.",Yes,8
11-20-2023,R002965,S005,P0079,Toys,East,C01082,4,Positive,"Works well, decent quality for the price.",Yes,7
11-20-2023,R003251,S001,P0179,Electronics,North,C02632,5,Positive,"Excellent quality, exceeded my expectations!",Yes,14
11-20-2023,R003378,S001,P0160,Groceries,North,C02827,3,Neutral,"It's okay, met basic expectations.",Yes,10
11-20-2023,R004774,S001,P0053,Groceries,North,C02967,5,Positive,"Absolutely love this product, will buy again.",No,13
11-20-2023,R004841,S003,P0019,Toys,North,C00585,5,Positive,"Highly recommend, works perfectly.",Yes,17
11-20-2023,R005292,S001,P0177,Clothing,South,C00538,2,Negative,Poor packaging and average product.,Yes,10
11-20-2023,R005657,S003,P0159,Clothing,South,C01615,1,Negative,"Waste of money, poor quality.",Yes,36
11-21-2023,R000503,S002,P0184,Groceries,North,C02482,3,Neutral,"Neutral experience, neither good nor bad.",Yes,15
11-21-2023,R000637,S002,P0043,Groceries,East,C02565,2,Negative,Disappointed with the product performance.,Yes,1
11-21-2023,R002133,S001,P0151,Toys,South,C02810,5,Positive,"Absolutely love this product, will buy again.",Yes,21
11-21-2023,R002771,S001,P0196,Electronics,South,C01109,4,Positive,"Works well, decent quality for the price.",Yes,14
11-21-2023,R004018,S001,P0178,Toys,West,C01807,5,Positive,Best purchase I've made this year.,No,28
11-21-2023,R004377,S002,P0032,Clothing,West,C00330,3,Neutral,"It's okay, met basic expectations.",Yes,18
11-21-2023,R004881,S004,P0158,Electronics,East,C02867,5,Positive,Best purchase I've made this year.,Yes,8
11-21-2023,R005062,S004,P0010,Toys,West,C01624,2,Negative,"Below expectations, had some issues.",No,13
11-21-2023,R005344,S003,P0153,Furniture,West,C02092,3,Neutral,Fair quality for the price paid.,Yes,9
11-22-2023,R001430,S005,P0140,Toys,North,C02559,4,Positive,"Good product overall, minor issues but satisfied.",Yes,3
11-22-2023,R003944,S004,P0104,Electronics,West,C02541,5,Positive,Best purchase I've made this year.,Yes,50
11-22-2023,R004925,S003,P0021,Furniture,West,C00452,4,Positive,"Good product overall, minor issues but satisfied.",Yes,9
11-22-2023,R005865,S003,P0156,Groceries,South,C01663,5,Positive,Fast delivery and great value for money.,Yes,39
11-22-2023,R005975,S001,P0017,Toys,North,C01716,3,Neutral,Decent but could be better.,Yes,8
11-23-2023,R000166,S002,P0168,Furniture,South,C02007,3,Neutral,"Neutral experience, neither good nor bad.",No,3
11-23-2023,R000293,S002,P0181,Toys,South,C02407,4,Positive,"Good value, would recommend to others.",No,17
11-23-2023,R001061,S004,P0110,Toys,North,C01949,3,Neutral,Decent but could be better.,No,11
11-23-2023,R001391,S002,P0099,Toys,West,C01519,3,Neutral,Decent but could be better.,Yes,3
11-23-2023,R002700,S004,P0136,Electronics,West,C00682,5,Positive,Best purchase I've made this year.,Yes,26
11-23-2023,R004310,S005,P0118,Clothing,South,C01982,5,Positive,Best purchase I've made this year.,Yes,1
11-23-2023,R005136,S003,P0140,Toys,North,C01895,3,Neutral,"Average product, nothing special.",Yes,8
11-23-2023,R005356,S002,P0033,Toys,East,C01713,4,Positive,Pretty happy with this purchase.,Yes,15
11-23-2023,R005916,S003,P0109,Electronics,South,C00480,5,Positive,"Absolutely love this product, will buy again.",Yes,8
11-24-2023,R000026,S003,P0104,Electronics,East,C02338,4,Positive,"Solid product, does what it says.",Yes,10
11-24-2023,R000813,S005,P0115,Toys,South,C02224,3,Neutral,Fair quality for the price paid.,Yes,19
11-24-2023,R001589,S004,P0098,Toys,East,C01712,4,Positive,Pretty happy with this purchase.,Yes,18
11-24-2023,R002176,S005,P0175,Clothing,South,C00865,5,Positive,Fast delivery and great value for money.,Yes,41
11-24-2023,R002734,S002,P0162,Toys,West,C01882,5,Positive,"Absolutely love this product, will buy again.",Yes,24
11-24-2023,R002770,S005,P0011,Groceries,South,C00766,4,Positive,"Solid product, does what it says.",Yes,13
11-25-2023,R000224,S003,P0151,Toys,North,C01929,3,Neutral,"Average product, nothing special.",Yes,8
11-25-2023,R000512,S001,P0023,Groceries,East,C00368,2,Negative,"Not very satisfied, quality could improve.",Yes,9
11-25-2023,R000618,S004,P0037,Furniture,South,C02225,4,Positive,"Works well, decent quality for the price.",Yes,7
11-25-2023,R002237,S003,P0191,Toys,East,C00912,4,Positive,"Works well, decent quality for the price.",Yes,11
11-25-2023,R002432,S005,P0045,Toys,South,C02965,2,Negative,"Below expectations, had some issues.",Yes,6
11-25-2023,R003065,S002,P0108,Furniture,West,C02326,4,Positive,"Solid product, does what it says.",No,18
11-25-2023,R004882,S005,P0016,Furniture,South,C01749,4,Positive,"Good value, would recommend to others.",No,0
11-25-2023,R005137,S003,P0186,Groceries,North,C02176,5,Positive,Fast delivery and great value for money.,No,25
11-25-2023,R005393,S003,P0004,Toys,West,C00478,5,Positive,Fast delivery and great value for money.,Yes,22
11-26-2023,R000561,S002,P0120,Clothing,South,C01764,3,Neutral,"It's okay, met basic expectations.",Yes,6
11-26-2023,R000740,S004,P0120,Clothing,North,C00775,2,Negative,"Would not recommend, had problems.",Yes,4
11-26-2023,R001209,S001,P0005,Toys,West,C00549,4,Positive,"Good value, would recommend to others.",Yes,7
11-26-2023,R001403,S004,P0112,Electronics,East,C01883,5,Positive,Fast delivery and great value for money.,Yes,35
11-26-2023,R001554,S005,P0200,Furniture,South,C01107,4,Positive,"Works well, decent quality for the price.",Yes,11
11-26-2023,R002179,S002,P0075,Furniture,East,C00887,2,Negative,"Would not recommend, had problems.",Yes,10
11-26-2023,R002385,S004,P0067,Clothing,South,C00346,5,Positive,"Highly recommend, works perfectly.",Yes,26
11-26-2023,R002759,S002,P0126,Clothing,East,C00068,5,Positive,"Excellent quality, exceeded my expectations!",Yes,3
11-26-2023,R002878,S004,P0042,Electronics,North,C02427,1,Negative,"Very disappointed, product did not work.",Yes,33
11-26-2023,R003699,S005,P0054,Toys,West,C00892,5,Positive,Fast delivery and great value for money.,Yes,26
11-26-2023,R003929,S005,P0071,Electronics,West,C02860,3,Neutral,"Neutral experience, neither good nor bad.",Yes,5
11-26-2023,R004614,S003,P0125,Toys,South,C01322,3,Neutral,"Neutral experience, neither good nor bad.",Yes,14
11-26-2023,R004623,S005,P0103,Toys,South,C01550,5,Positive,"Absolutely love this product, will buy again.",Yes,26
11-26-2023,R004743,S003,P0148,Clothing,East,C02402,5,Positive,Fast delivery and great value for money.,Yes,11
11-26-2023,R005264,S003,P0035,Clothing,South,C02972,5,Positive,"Excellent quality, exceeded my expectations!",Yes,11
11-27-2023,R000121,S003,P0097,Furniture,East,C00472,3,Neutral,Decent but could be better.,Yes,1
11-27-2023,R001078,S004,P0160,Groceries,North,C01771,1,Negative,"Terrible experience, would not buy again.",Yes,34
11-27-2023,R004117,S001,P0133,Groceries,West,C01319,3,Neutral,"It's okay, met basic expectations.",Yes,6
11-27-2023,R004120,S005,P0182,Toys,West,C02201,5,Positive,"Excellent quality, exceeded my expectations!",Yes,5
11-27-2023,R004675,S002,P0062,Groceries,South,C01771,5,Positive,Best purchase I've made this year.,Yes,0
11-27-2023,R005235,S003,P0184,Groceries,North,C00704,1,Negative,"Product arrived damaged, very unhappy.",Yes,50
11-28-2023,R001176,S004,P0030,Furniture,North,C01663,4,Positive,"Solid product, does what it says.",Yes,2
11-28-2023,R001513,S001,P0171,Furniture,South,C02177,2,Negative,Poor packaging and average product.,No,10
11-28-2023,R002558,S002,P0142,Clothing,West,C00035,5,Positive,Fast delivery and great value for money.,Yes,44
11-28-2023,R002577,S002,P0012,Clothing,West,C01159,4,Positive,"Solid product, does what it says.",Yes,6
11-28-2023,R002741,S005,P0087,Toys,East,C02740,3,Neutral,"Neutral experience, neither good nor bad.",Yes,13
11-28-2023,R003795,S001,P0180,Groceries,East,C01892,5,Positive,"Absolutely love this product, will buy again.",Yes,36
11-28-2023,R005090,S001,P0006,Groceries,West,C01326,2,Negative,"Would not recommend, had problems.",Yes,20
11-28-2023,R005211,S003,P0037,Furniture,South,C01887,4,Positive,"Solid product, does what it says.",Yes,20
11-28-2023,R005523,S002,P0033,Toys,South,C01927,5,Positive,"Excellent quality, exceeded my expectations!",Yes,11
11-28-2023,R005683,S003,P0137,Furniture,West,C02859,3,Neutral,"Average product, nothing special.",Yes,9
11-28-2023,R005939,S004,P0143,Clothing,North,C02202,2,Negative,Disappointed with the product performance.,Yes,19
11-29-2023,R000351,S001,P0078,Toys,South,C02602,3,Neutral,Fair quality for the price paid.,Yes,17
11-29-2023,R000413,S001,P0079,Toys,South,C01787,5,Positive,Best purchase I've made this year.,No,16
11-29-2023,R001542,S005,P0094,Groceries,South,C02794,5,Positive,Best purchase I've made this year.,Yes,29
11-29-2023,R003847,S003,P0139,Clothing,West,C02228,4,Positive,"Good product overall, minor issues but satisfied.",No,3
11-30-2023,R000069,S001,P0185,Clothing,North,C00006,5,Positive,"Excellent quality, exceeded my expectations!",Yes,14
11-30-2023,R001907,S005,P0104,Electronics,East,C02134,5,Positive,"Excellent quality, exceeded my expectations!",Yes,12
11-30-2023,R002290,S005,P0108,Furniture,South,C02599,3,Neutral,"It's okay, met basic expectations.",Yes,10
11-30-2023,R002764,S005,P0124,Furniture,West,C01642,5,Positive,Best purchase I've made this year.,Yes,14
11-30-2023,R003529,S005,P0133,Groceries,West,C00314,4,Positive,"Solid product, does what it says.",Yes,10
11-30-2023,R004670,S003,P0119,Electronics,South,C01033,5,Positive,Fast delivery and great value for money.,No,4
12-01-2023,R000379,S004,P0024,Toys,North,C01375,5,Positive,Best purchase I've made this year.,No,2
12-01-2023,R001019,S003,P0042,Electronics,North,C02789,4,Positive,"Good product overall, minor issues but satisfied.",Yes,3
12-01-2023,R002556,S005,P0032,Clothing,East,C00360,4,Positive,"Works well, decent quality for the price.",Yes,19
12-01-2023,R002630,S001,P0122,Furniture,South,C01426,5,Positive,"Excellent quality, exceeded my expectations!",Yes,50
12-01-2023,R002673,S002,P0156,Groceries,North,C00666,4,Positive,"Good value, would recommend to others.",Yes,7
12-01-2023,R003395,S005,P0144,Clothing,North,C01067,4,Positive,"Good value, would recommend to others.",Yes,9
12-01-2023,R005592,S005,P0124,Furniture,West,C00929,4,Positive,"Good product overall, minor issues but satisfied.",No,4
12-01-2023,R005957,S005,P0079,Toys,South,C01478,5,Positive,Fast delivery and great value for money.,No,9
12-02-2023,R000888,S003,P0115,Toys,East,C00872,5,Positive,Best purchase I've made this year.,No,10
12-02-2023,R002305,S005,P0024,Toys,West,C02756,4,Positive,"Good value, would recommend to others.",Yes,7
12-02-2023,R002341,S003,P0200,Furniture,West,C01311,3,Neutral,"Average product, nothing special.",Yes,10
12-02-2023,R003587,S004,P0188,Electronics,North,C01003,3,Neutral,"Neutral experience, neither good nor bad.",Yes,13
12-02-2023,R004737,S005,P0078,Toys,East,C00689,2,Negative,Poor packaging and average product.,No,11
12-02-2023,R004766,S002,P0172,Toys,North,C01922,3,Neutral,"It's okay, met basic expectations.",Yes,4
12-02-2023,R004788,S005,P0068,Clothing,East,C02719,5,Positive,"Absolutely love this product, will buy again.",Yes,48
12-03-2023,R000210,S004,P0089,Groceries,West,C01564,4,Positive,"Good value, would recommend to others.",Yes,7
12-03-2023,R000502,S004,P0195,Clothing,West,C01928,4,Positive,"Good product overall, minor issues but satisfied.",Yes,20
12-03-2023,R000917,S005,P0116,Furniture,East,C01358,4,Positive,"Solid product, does what it says.",No,0
12-03-2023,R001233,S005,P0173,Clothing,North,C02525,5,Positive,Best purchase I've made this year.,Yes,22
12-03-2023,R002593,S004,P0001,Electronics,North,C02764,5,Positive,Best purchase I've made this year.,Yes,50
12-03-2023,R002670,S004,P0024,Toys,North,C02105,5,Positive,"Excellent quality, exceeded my expectations!",Yes,40
12-03-2023,R003786,S001,P0195,Clothing,East,C01390,5,Positive,"Absolutely love this product, will buy again.",Yes,6
12-03-2023,R005003,S002,P0099,Toys,South,C02514,5,Positive,"Absolutely love this product, will buy again.",Yes,28
12-03-2023,R005877,S001,P0111,Furniture,West,C02260,1,Negative,"Terrible experience, would not buy again.",Yes,38
12-03-2023,R005979,S004,P0168,Furniture,South,C01152,5,Positive,"Excellent quality, exceeded my expectations!",Yes,32
12-04-2023,R000444,S003,P0182,Toys,West,C00155,1,Negative,"Product arrived damaged, very unhappy.",Yes,49
12-04-2023,R000460,S004,P0134,Electronics,West,C02021,2,Negative,"Would not recommend, had problems.",Yes,0
12-04-2023,R000687,S001,P0179,Electronics,East,C02930,4,Positive,"Good product overall, minor issues but satisfied.",Yes,2
12-04-2023,R001588,S001,P0113,Clothing,West,C02901,4,Positive,"Works well, decent quality for the price.",Yes,18
12-04-2023,R004040,S002,P0045,Toys,South,C02538,3,Neutral,"Average product, nothing special.",No,3
12-04-2023,R004368,S001,P0099,Toys,South,C01530,2,Negative,"Not very satisfied, quality could improve.",Yes,1
12-04-2023,R005518,S003,P0032,Clothing,West,C02960,3,Neutral,Fair quality for the price paid.,Yes,13
12-05-2023,R001269,S001,P0043,Groceries,East,C01939,2,Negative,Disappointed with the product performance.,Yes,17
12-05-2023,R002412,S004,P0017,Toys,East,C02316,5,Positive,"Highly recommend, works perfectly.",Yes,36
12-05-2023,R002866,S003,P0089,Groceries,West,C00882,5,Positive,Fast delivery and great value for money.,Yes,28
12-05-2023,R002888,S003,P0070,Groceries,East,C00945,4,Positive,"Solid product, does what it says.",Yes,7
12-05-2023,R003442,S003,P0134,Electronics,West,C02456,3,Neutral,"Average product, nothing special.",No,8
12-05-2023,R003979,S004,P0005,Toys,East,C01977,5,Positive,"Absolutely love this product, will buy again.",Yes,17
12-05-2023,R004632,S003,P0127,Furniture,West,C01715,5,Positive,"Absolutely love this product, will buy again.",No,43
12-05-2023,R004668,S003,P0097,Furniture,East,C02034,5,Positive,Best purchase I've made this year.,Yes,19
12-05-2023,R005027,S003,P0034,Groceries,West,C00683,2,Negative,"Not very satisfied, quality could improve.",Yes,8
12-05-2023,R005299,S001,P0016,Furniture,North,C01926,1,Negative,"Waste of money, poor quality.",No,32
12-05-2023,R005451,S001,P0064,Electronics,West,C00567,4,Positive,"Good value, would recommend to others.",Yes,7
12-06-2023,R000322,S002,P0042,Electronics,East,C00368,4,Positive,"Good value, would recommend to others.",No,14
12-06-2023,R000684,S004,P0018,Clothing,East,C02225,5,Positive,"Excellent quality, exceeded my expectations!",Yes,16
12-06-2023,R000844,S002,P0163,Furniture,North,C02740,3,Neutral,Fair quality for the price paid.,Yes,9
12-06-2023,R001202,S003,P0167,Furniture,East,C00558,5,Positive,Best purchase I've made this year.,Yes,36
12-06-2023,R001851,S005,P0173,Clothing,North,C02840,5,Positive,"Absolutely love this product, will buy again.",No,42
12-06-2023,R003227,S001,P0182,Toys,East,C00029,5,Positive,"Absolutely love this product, will buy again.",No,33
12-06-2023,R003651,S002,P0166,Furniture,East,C01861,5,Positive,Best purchase I've made this year.,Yes,38
12-06-2023,R003999,S004,P0051,Groceries,East,C00825,5,Positive,Fast delivery and great value for money.,Yes,49
12-06-2023,R004128,S004,P0043,Groceries,North,C02726,5,Positive,"Absolutely love this product, will buy again.",Yes,2
12-06-2023,R004523,S004,P0101,Furniture,South,C02846,1,Negative,"Terrible experience, would not buy again.",No,42
12-06-2023,R004655,S003,P0011,Groceries,South,C02508,3,Neutral,"Average product, nothing special.",Yes,0
12-06-2023,R005152,S003,P0059,Furniture,South,C01443,3,Neutral,"Average product, nothing special.",Yes,10
12-07-2023,R000859,S004,P0199,Electronics,East,C01381,4,Positive,"Good product overall, minor issues but satisfied.",No,3
12-07-2023,R001334,S003,P0076,Electronics,East,C02146,4,Positive,"Good value, would recommend to others.",Yes,17
12-07-2023,R002635,S003,P0144,Clothing,West,C01287,2,Negative,Poor packaging and average product.,Yes,10
12-07-2023,R003775,S002,P0098,Toys,South,C01459,3,Neutral,"Neutral experience, neither good nor bad.",Yes,4
12-07-2023,R003791,S005,P0113,Clothing,East,C01508,4,Positive,"Solid product, does what it says.",Yes,15
12-07-2023,R003970,S003,P0114,Groceries,East,C00542,4,Positive,"Good value, would recommend to others.",Yes,8
12-07-2023,R004144,S005,P0103,Toys,North,C01883,3,Neutral,"Neutral experience, neither good nor bad.",Yes,17
12-07-2023,R005603,S004,P0008,Electronics,West,C02872,3,Neutral,Decent but could be better.,Yes,17
12-08-2023,R000086,S003,P0071,Electronics,South,C02597,5,Positive,"Highly recommend, works perfectly.",No,4
12-08-2023,R002156,S001,P0179,Electronics,West,C00516,2,Negative,"Below expectations, had some issues.",Yes,15
12-08-2023,R003415,S002,P0038,Clothing,West,C00857,4,Positive,"Solid product, does what it says.",Yes,1
12-08-2023,R003787,S003,P0026,Groceries,South,C00913,4,Positive,"Good product overall, minor issues but satisfied.",Yes,10
12-08-2023,R004087,S003,P0176,Furniture,West,C01234,5,Positive,Best purchase I've made this year.,Yes,28
12-08-2023,R005332,S001,P0060,Electronics,West,C00766,5,Positive,Best purchase I've made this year.,Yes,45
12-08-2023,R005747,S004,P0008,Electronics,South,C02288,4,Positive,"Good value, would recommend to others.",Yes,12
12-08-2023,R005758,S002,P0089,Groceries,North,C01974,3,Neutral,"Neutral experience, neither good nor bad.",Yes,7
12-09-2023,R000465,S003,P0083,Electronics,East,C00198,2,Negative,"Would not recommend, had problems.",Yes,11
12-09-2023,R001563,S002,P0100,Electronics,North,C01125,4,Positive,"Works well, decent quality for the price.",Yes,0
12-09-2023,R002433,S002,P0200,Furniture,West,C00626,4,Positive,"Good product overall, minor issues but satisfied.",Yes,20
12-09-2023,R003806,S002,P0097,Furniture,North,C02248,1,Negative,"Worst purchase, do not recommend.",Yes,9
12-09-2023,R005275,S002,P0176,Furniture,South,C01355,4,Positive,Pretty happy with this purchase.,Yes,13
12-10-2023,R001206,S002,P0161,Groceries,South,C01602,5,Positive,Fast delivery and great value for money.,No,18
12-10-2023,R001562,S004,P0113,Clothing,North,C02904,1,Negative,"Terrible experience, would not buy again.",Yes,35
12-10-2023,R001726,S004,P0034,Groceries,East,C00798,4,Positive,"Solid product, does what it says.",Yes,8
12-10-2023,R002451,S002,P0152,Clothing,West,C00434,3,Neutral,Decent but could be better.,Yes,14
12-10-2023,R003068,S002,P0145,Toys,North,C01101,4,Positive,"Works well, decent quality for the price.",Yes,10
12-10-2023,R003997,S002,P0115,Toys,North,C00186,4,Positive,Pretty happy with this purchase.,Yes,10
12-10-2023,R005970,S005,P0160,Groceries,North,C02725,5,Positive,"Absolutely love this product, will buy again.",Yes,5
12-11-2023,R000117,S001,P0050,Toys,East,C01180,1,Negative,"Product arrived damaged, very unhappy.",No,50
12-11-2023,R000266,S004,P0074,Electronics,South,C02155,5,Positive,Best purchase I've made this year.,Yes,24
12-11-2023,R000566,S001,P0174,Toys,East,C02578,4,Positive,"Good product overall, minor issues but satisfied.",Yes,17
12-11-2023,R000667,S001,P0132,Furniture,North,C02183,4,Positive,"Solid product, does what it says.",Yes,0
12-11-2023,R000714,S001,P0018,Clothing,West,C01512,2,Negative,"Below expectations, had some issues.",Yes,13
12-11-2023,R001350,S005,P0175,Clothing,East,C01779,3,Neutral,Decent but could be better.,Yes,7
12-11-2023,R001376,S001,P0094,Groceries,West,C01382,5,Positive,"Highly recommend, works perfectly.",Yes,3
12-11-2023,R001985,S003,P0158,Electronics,East,C02423,4,Positive,Pretty happy with this purchase.,Yes,11
12-11-2023,R002084,S004,P0145,Toys,North,C01686,2,Negative,"Would not recommend, had problems.",Yes,11
12-11-2023,R002510,S004,P0118,Clothing,East,C02026,4,Positive,"Solid product, does what it says.",Yes,3
12-11-2023,R003923,S004,P0060,Electronics,West,C01188,5,Positive,"Excellent quality, exceeded my expectations!",Yes,16
12-12-2023,R001965,S005,P0046,Groceries,West,C01944,4,Positive,"Good value, would recommend to others.",Yes,6
12-12-2023,R002609,S002,P0193,Groceries,West,C02008,5,Positive,Best purchase I've made this year.,Yes,35
12-12-2023,R003178,S004,P0008,Electronics,South,C01251,3,Neutral,"Average product, nothing special.",Yes,17
12-12-2023,R003887,S005,P0163,Furniture,North,C00421,1,Negative,"Product arrived damaged, very unhappy.",Yes,19
12-12-2023,R004583,S005,P0104,Electronics,South,C01139,5,Positive,Fast delivery and great value for money.,Yes,13
12-12-2023,R005733,S002,P0118,Clothing,West,C00530,3,Neutral,Fair quality for the price paid.,Yes,15
12-12-2023,R005735,S003,P0001,Electronics,East,C00304,3,Neutral,"Neutral experience, neither good nor bad.",No,17
12-12-2023,R005806,S002,P0075,Furniture,South,C01703,4,Positive,Pretty happy with this purchase.,Yes,5
12-13-2023,R000137,S003,P0183,Toys,West,C02783,5,Positive,"Highly recommend, works perfectly.",Yes,50
12-13-2023,R001133,S002,P0122,Furniture,North,C01900,4,Positive,Pretty happy with this purchase.,Yes,13
12-13-2023,R001500,S002,P0008,Electronics,West,C02659,5,Positive,"Excellent quality, exceeded my expectations!",Yes,15
12-13-2023,R002155,S003,P0156,Groceries,North,C02885,5,Positive,"Highly recommend, works perfectly.",Yes,30
12-13-2023,R003160,S005,P0192,Clothing,West,C00316,2,Negative,Disappointed with the product performance.,No,4
12-13-2023,R003570,S004,P0010,Toys,North,C02184,4,Positive,Pretty happy with this purchase.,Yes,10
12-14-2023,R000931,S005,P0165,Furniture,South,C02908,5,Positive,"Highly recommend, works perfectly.",No,36
12-14-2023,R001035,S004,P0033,Toys,South,C02328,5,Positive,"Excellent quality, exceeded my expectations!",Yes,45
12-14-2023,R001100,S004,P0152,Clothing,South,C00066,5,Positive,Fast delivery and great value for money.,Yes,34
12-14-2023,R001399,S002,P0124,Furniture,South,C00883,3,Neutral,"It's okay, met basic expectations.",Yes,16
12-14-2023,R001856,S003,P0154,Groceries,South,C00419,5,Positive,"Absolutely love this product, will buy again.",Yes,26
12-14-2023,R001894,S005,P0126,Clothing,North,C01922,3,Neutral,"Neutral experience, neither good nor bad.",Yes,16
12-14-2023,R002536,S002,P0017,Toys,West,C00233,5,Positive,"Absolutely love this product, will buy again.",No,29
12-14-2023,R002981,S004,P0081,Furniture,East,C00518,5,Positive,"Absolutely love this product, will buy again.",No,36
12-14-2023,R003192,S002,P0185,Clothing,East,C01512,1,Negative,"Terrible experience, would not buy again.",Yes,39
12-14-2023,R003476,S002,P0045,Toys,East,C02977,5,Positive,"Absolutely love this product, will buy again.",Yes,21
12-14-2023,R003762,S004,P0048,Clothing,East,C00069,2,Negative,Poor packaging and average product.,Yes,3
12-14-2023,R004805,S005,P0063,Furniture,East,C02842,4,Positive,"Solid product, does what it says.",Yes,13
12-14-2023,R005341,S004,P0100,Electronics,North,C02829,2,Negative,Disappointed with the product performance.,Yes,11
12-14-2023,R005889,S002,P0128,Furniture,South,C02189,1,Negative,"Product arrived damaged, very unhappy.",Yes,11
12-15-2023,R000528,S002,P0114,Groceries,West,C01403,2,Negative,"Would not recommend, had problems.",Yes,6
12-15-2023,R001529,S003,P0064,Electronics,West,C02535,5,Positive,"Absolutely love this product, will buy again.",Yes,21
12-15-2023,R001784,S005,P0112,Electronics,West,C00532,4,Positive,"Solid product, does what it says.",No,11
12-15-2023,R002579,S004,P0175,Clothing,North,C00290,4,Positive,"Works well, decent quality for the price.",Yes,17
12-15-2023,R003504,S005,P0086,Furniture,South,C00479,5,Positive,Fast delivery and great value for money.,Yes,30
12-16-2023,R000310,S003,P0035,Clothing,East,C01367,4,Positive,"Works well, decent quality for the price.",Yes,3
12-16-2023,R002004,S003,P0140,Toys,South,C00578,2,Negative,"Would not recommend, had problems.",No,14
12-16-2023,R002484,S002,P0011,Groceries,West,C00789,4,Positive,"Good value, would recommend to others.",Yes,14
12-16-2023,R004243,S004,P0194,Furniture,South,C02488,4,Positive,Pretty happy with this purchase.,Yes,2
12-16-2023,R005607,S003,P0064,Electronics,West,C01986,1,Negative,"Product arrived damaged, very unhappy.",No,6
12-16-2023,R005795,S004,P0090,Groceries,West,C01242,3,Neutral,Fair quality for the price paid.,Yes,15
12-17-2023,R000381,S001,P0187,Toys,West,C00265,5,Positive,Fast delivery and great value for money.,No,7
12-17-2023,R001788,S002,P0087,Toys,North,C02785,4,Positive,"Works well, decent quality for the price.",Yes,19
12-17-2023,R002547,S001,P0085,Furniture,West,C01326,5,Positive,"Highly recommend, works perfectly.",Yes,37
12-17-2023,R002859,S001,P0063,Furniture,North,C01363,5,Positive,Best purchase I've made this year.,Yes,18
12-17-2023,R002952,S003,P0092,Electronics,West,C00478,5,Positive,"Highly recommend, works perfectly.",Yes,10
12-17-2023,R002987,S003,P0026,Groceries,West,C02235,3,Neutral,"Average product, nothing special.",Yes,9
12-17-2023,R003214,S002,P0046,Groceries,South,C02208,2,Negative,Poor packaging and average product.,No,18
12-17-2023,R004206,S001,P0095,Furniture,South,C02949,2,Negative,"Would not recommend, had problems.",Yes,19
12-17-2023,R004227,S001,P0011,Groceries,East,C02756,5,Positive,"Highly recommend, works perfectly.",Yes,20
12-17-2023,R004239,S002,P0133,Groceries,North,C00575,5,Positive,Best purchase I've made this year.,Yes,8
12-17-2023,R005277,S001,P0040,Toys,North,C01689,3,Neutral,"Neutral experience, neither good nor bad.",Yes,17
12-18-2023,R000299,S004,P0064,Electronics,North,C00745,4,Positive,"Good product overall, minor issues but satisfied.",Yes,8
12-18-2023,R000317,S003,P0168,Furniture,East,C00104,5,Positive,"Excellent quality, exceeded my expectations!",Yes,9
12-18-2023,R001389,S001,P0198,Groceries,East,C01341,4,Positive,Pretty happy with this purchase.,Yes,12
12-18-2023,R002456,S002,P0100,Electronics,West,C02983,1,Negative,"Terrible experience, would not buy again.",Yes,21
12-18-2023,R003183,S005,P0192,Clothing,East,C02925,5,Positive,"Highly recommend, works perfectly.",Yes,33
12-18-2023,R003823,S004,P0118,Clothing,East,C01841,3,Neutral,"Average product, nothing special.",Yes,19
12-18-2023,R004194,S002,P0055,Groceries,North,C02194,2,Negative,Poor packaging and average product.,Yes,9
12-18-2023,R004198,S004,P0028,Groceries,South,C02588,5,Positive,"Highly recommend, works perfectly.",Yes,2
12-18-2023,R004472,S005,P0117,Toys,West,C00207,3,Neutral,"Average product, nothing special.",Yes,10
12-18-2023,R005844,S002,P0034,Groceries,West,C00975,1,Negative,"Terrible experience, would not buy again.",Yes,44
12-19-2023,R000163,S005,P0151,Toys,North,C00937,2,Negative,Poor packaging and average product.,Yes,20
12-19-2023,R001213,S005,P0076,Electronics,South,C01610,4,Positive,"Works well, decent quality for the price.",Yes,7
12-19-2023,R002826,S001,P0095,Furniture,North,C00345,3,Neutral,Decent but could be better.,Yes,17
12-19-2023,R003238,S001,P0153,Furniture,North,C01616,3,Neutral,"Average product, nothing special.",No,14
12-19-2023,R003426,S005,P0128,Furniture,North,C02713,5,Positive,Best purchase I've made this year.,Yes,38
12-19-2023,R004146,S003,P0062,Groceries,South,C02118,5,Positive,"Absolutely love this product, will buy again.",Yes,29
12-19-2023,R005389,S002,P0191,Toys,East,C01944,3,Neutral,Decent but could be better.,Yes,3
12-19-2023,R005748,S002,P0059,Furniture,South,C02603,1,Negative,"Product arrived damaged, very unhappy.",Yes,12
12-20-2023,R000438,S005,P0054,Toys,East,C00630,5,Positive,"Absolutely love this product, will buy again.",Yes,1
12-20-2023,R000641,S005,P0002,Clothing,South,C02335,4,Positive,"Works well, decent quality for the price.",Yes,13
12-20-2023,R000682,S002,P0170,Furniture,North,C00360,5,Positive,Best purchase I've made this year.,Yes,18
12-20-2023,R002387,S002,P0159,Clothing,East,C01019,4,Positive,Pretty happy with this purchase.,Yes,19
12-20-2023,R002975,S002,P0075,Furniture,West,C01051,4,Positive,"Works well, decent quality for the price.",No,15
12-20-2023,R004630,S002,P0147,Groceries,South,C00621,2,Negative,"Not very satisfied, quality could improve.",No,18
12-20-2023,R004795,S004,P0092,Electronics,East,C00386,4,Positive,"Works well, decent quality for the price.",Yes,0
12-20-2023,R005330,S005,P0160,Groceries,West,C02186,4,Positive,Pretty happy with this purchase.,Yes,10
12-20-2023,R005364,S005,P0198,Groceries,South,C02617,2,Negative,"Not very satisfied, quality could improve.",Yes,20
12-21-2023,R001616,S003,P0120,Clothing,South,C01716,5,Positive,"Excellent quality, exceeded my expectations!",Yes,24
12-21-2023,R001829,S002,P0040,Toys,South,C01690,4,Positive,"Works well, decent quality for the price.",Yes,2
12-21-2023,R003288,S003,P0152,Clothing,South,C02485,3,Neutral,Fair quality for the price paid.,Yes,20
12-21-2023,R003482,S003,P0080,Groceries,North,C00985,5,Positive,"Highly recommend, works perfectly.",No,32
12-21-2023,R003930,S002,P0066,Clothing,West,C02532,4,Positive,"Works well, decent quality for the price.",Yes,5
12-21-2023,R004222,S004,P0146,Furniture,East,C02936,3,Neutral,Decent but could be better.,Yes,7
12-21-2023,R005322,S003,P0049,Electronics,East,C00667,3,Neutral,"Average product, nothing special.",Yes,6
12-22-2023,R000024,S001,P0099,Toys,South,C02099,4,Positive,Pretty happy with this purchase.,No,3
12-22-2023,R001104,S005,P0127,Furniture,North,C02082,3,Neutral,Decent but could be better.,No,19
12-22-2023,R001483,S002,P0124,Furniture,South,C02139,5,Positive,Best purchase I've made this year.,Yes,46
12-22-2023,R002796,S002,P0074,Electronics,North,C00560,4,Positive,"Solid product, does what it says.",Yes,13
12-22-2023,R003100,S005,P0191,Toys,South,C01493,2,Negative,"Below expectations, had some issues.",Yes,2
12-22-2023,R003255,S005,P0121,Clothing,South,C00820,5,Positive,Best purchase I've made this year.,Yes,14
12-22-2023,R003798,S002,P0125,Toys,North,C02561,3,Neutral,"Neutral experience, neither good nor bad.",Yes,11
12-22-2023,R004006,S005,P0042,Electronics,West,C02715,4,Positive,"Solid product, does what it says.",Yes,10
12-22-2023,R004071,S005,P0038,Clothing,West,C00558,4,Positive,"Good value, would recommend to others.",Yes,1
12-22-2023,R004179,S001,P0101,Furniture,South,C01558,1,Negative,"Very disappointed, product did not work.",No,50
12-22-2023,R004181,S003,P0139,Clothing,East,C02667,5,Positive,"Excellent quality, exceeded my expectations!",Yes,39
12-22-2023,R004527,S003,P0144,Clothing,North,C00694,4,Positive,"Solid product, does what it says.",Yes,11
12-22-2023,R005842,S003,P0163,Furniture,West,C01448,5,Positive,Fast delivery and great value for money.,Yes,27
12-23-2023,R000758,S002,P0158,Electronics,North,C00502,4,Positive,"Good value, would recommend to others.",Yes,14
12-23-2023,R001999,S004,P0024,Toys,South,C01452,5,Positive,"Highly recommend, works perfectly.",Yes,11
12-23-2023,R002966,S002,P0049,Electronics,East,C01983,5,Positive,"Excellent quality, exceeded my expectations!",Yes,20
12-23-2023,R004014,S003,P0041,Groceries,West,C01291,5,Positive,Fast delivery and great value for money.,Yes,12
12-23-2023,R004207,S004,P0086,Furniture,West,C02793,5,Positive,"Highly recommend, works perfectly.",Yes,30
12-23-2023,R004402,S003,P0200,Furniture,North,C00633,1,Negative,"Product arrived damaged, very unhappy.",Yes,26
12-24-2023,R000557,S005,P0150,Electronics,West,C02696,4,Positive,"Good value, would recommend to others.",Yes,11
12-24-2023,R001510,S002,P0055,Groceries,West,C00021,5,Positive,Best purchase I've made this year.,Yes,36
12-24-2023,R002900,S004,P0008,Electronics,East,C02796,1,Negative,"Worst purchase, do not recommend.",No,49
12-24-2023,R004980,S002,P0092,Electronics,North,C02170,2,Negative,"Would not recommend, had problems.",Yes,12
12-24-2023,R005546,S002,P0120,Clothing,East,C01520,4,Positive,Pretty happy with this purchase.,Yes,13
12-25-2023,R001026,S001,P0069,Toys,North,C01399,1,Negative,"Product arrived damaged, very unhappy.",Yes,11
12-25-2023,R002098,S001,P0027,Toys,East,C01132,4,Positive,"Good value, would recommend to others.",Yes,7
12-25-2023,R005483,S001,P0091,Electronics,South,C02530,5,Positive,Fast delivery and great value for money.,Yes,17
12-25-2023,R005956,S005,P0065,Electronics,West,C00614,4,Positive,"Good value, would recommend to others.",Yes,14
12-26-2023,R000337,S002,P0110,Toys,West,C02306,4,Positive,"Works well, decent quality for the price.",Yes,11
12-26-2023,R003112,S003,P0154,Groceries,South,C00585,3,Neutral,"It's okay, met basic expectations.",Yes,1
12-26-2023,R004078,S002,P0135,Furniture,West,C01297,4,Positive,"Works well, decent quality for the price.",Yes,16
12-26-2023,R004262,S002,P0183,Toys,North,C01961,5,Positive,"Absolutely love this product, will buy again.",No,20
12-26-2023,R004983,S004,P0086,Furniture,East,C02840,4,Positive,"Solid product, does what it says.",Yes,2
12-27-2023,R002016,S001,P0031,Toys,South,C01979,5,Positive,"Highly recommend, works perfectly.",No,50
12-27-2023,R002443,S003,P0030,Furniture,West,C02904,5,Positive,"Highly recommend, works perfectly.",Yes,33
12-27-2023,R002820,S003,P0173,Clothing,South,C00220,4,Positive,"Good value, would recommend to others.",Yes,4
12-27-2023,R003318,S005,P0075,Furniture,South,C01346,1,Negative,"Waste of money, poor quality.",No,22
12-27-2023,R003495,S004,P0096,Groceries,East,C02853,3,Neutral,Decent but could be better.,No,17
12-27-2023,R003980,S002,P0133,Groceries,West,C02232,4,Positive,"Solid product, does what it says.",Yes,13
12-28-2023,R000370,S002,P0114,Groceries,North,C01594,5,Positive,Fast delivery and great value for money.,Yes,20
12-28-2023,R000664,S005,P0017,Toys,North,C00291,5,Positive,"Highly recommend, works perfectly.",Yes,32
12-28-2023,R001688,S005,P0046,Groceries,East,C01445,4,Positive,"Good value, would recommend to others.",Yes,6
12-28-2023,R001799,S003,P0077,Groceries,North,C02353,2,Negative,Disappointed with the product performance.,Yes,4
12-28-2023,R003427,S003,P0161,Groceries,South,C02529,5,Positive,Best purchase I've made this year.,Yes,23
12-28-2023,R003746,S002,P0080,Groceries,North,C02781,4,Positive,"Solid product, does what it says.",Yes,3
12-28-2023,R003782,S004,P0119,Electronics,West,C02305,2,Negative,Poor packaging and average product.,Yes,14
12-28-2023,R005426,S001,P0049,Electronics,South,C01054,4,Positive,"Good product overall, minor issues but satisfied.",Yes,11
12-29-2023,R002030,S005,P0035,Clothing,North,C01802,2,Negative,Disappointed with the product performance.,Yes,14
12-29-2023,R002281,S005,P0157,Groceries,West,C00820,3,Neutral,"Average product, nothing special.",Yes,15
12-29-2023,R002569,S004,P0154,Groceries,North,C00623,4,Positive,"Good product overall, minor issues but satisfied.",No,6
12-29-2023,R002662,S004,P0011,Groceries,South,C00243,3,Neutral,Decent but could be better.,Yes,1
12-30-2023,R000404,S005,P0096,Groceries,West,C00290,3,Neutral,Decent but could be better.,Yes,14
12-30-2023,R000918,S004,P0142,Clothing,East,C02925,5,Positive,Best purchase I've made this year.,Yes,25
12-30-2023,R004673,S002,P0052,Toys,West,C00584,5,Positive,"Absolutely love this product, will buy again.",No,37
12-30-2023,R004677,S002,P0045,Toys,South,C00875,4,Positive,"Good product overall, minor issues but satisfied.",Yes,15
12-30-2023,R005431,S001,P0161,Groceries,East,C00904,2,Negative,"Would not recommend, had problems.",Yes,9
